ID,physical_damage,ink_degradation,paper_condition,text_readability,composite_score,success
02atqnjsbbPPWAfx,0.0,20.0,30.0,60.0,27.5,True
03ge0EGAdvC1Cz1C,0.0,20.0,60.0,40.0,27.0,True
04knp9flvyFFiwa0,0.0,20.0,70.0,30.0,26.0,True
061vly0ox61zcjjM,0.0,20.0,30.0,40.0,22.5,True
07XIMeVcLOC43CNC,0.0,10.0,0.0,30.0,11.5,True
09ZWIIhy3aQm4xZp,0.0,20.0,60.0,40.0,27.0,True
09u7wY7A3tC57meP,0.0,20.0,70.0,40.0,28.5,True
09whcaiyaFCWkeqm,0.0,20.0,10.0,30.0,17.0,True
0AVFWH3x0dGYketT,0.0,20.0,10.0,60.0,24.5,True
0Bdi1BTACzPv0kD3,0.0,10.0,20.0,30.0,14.5,True
0CCrVKAom8EK53jj,60.0,30.0,80.0,70.0,53.5,True
0DFBEVC6x3enGEDQ,0.0,10.0,10.0,20.0,10.5,True
0DTMbt1OZQMK9fv5,0.0,20.0,30.0,60.0,27.5,True
0EGwwN5J2iZeCBOy,0.0,10.0,20.0,30.0,14.5,True
0F76zYMHFOoPemDL,0.0,20.0,30.0,40.0,22.5,True
0F9UPVFDkUYwkiUI,0.0,20.0,30.0,40.0,22.5,True
0FDQ9zYT3uCi0uV9,0.0,20.0,30.0,60.0,27.5,True
0G3BpDRPb1HxQwoZ,30.0,20.0,60.0,40.0,33.0,True
0G7ijRfOZFw7OzkP,0.0,20.0,10.0,60.0,24.5,True
0GpYQYyZqpV8fBFV,0.0,20.0,30.0,30.0,20.0,True
0HagWfv50QnVAbNy,10.0,30.0,70.0,60.0,39.5,True
0Ip4h2GlIRuAbvoK,0.0,20.0,30.0,40.0,22.5,True
0ItHi2DTkmP4b0MM,0.0,30.0,60.0,40.0,31.0,True
0JyWVVHSH9E8N9kr,10.0,20.0,60.0,40.0,29.0,True
0MyuuckTr7Vk5Tf2,0.0,20.0,70.0,30.0,26.0,True
0NOtZTooF9xcrF5T,0.0,20.0,60.0,30.0,24.5,True
0NxSR9SRzZtfiiam,0.0,20.0,30.0,40.0,22.5,True
0OtMTL8BLzyUdITY,0.0,20.0,60.0,40.0,27.0,True
0PPIgSLnC18UBGtX,0.0,10.0,30.0,20.0,13.5,True
0SDEuPPz0ykdZxPB,0.0,20.0,30.0,40.0,22.5,True
0SwQKfck5tvgcLfc,0.0,20.0,30.0,40.0,22.5,True
0TKWS2TOSrKaupQT,0.0,20.0,30.0,60.0,27.5,True
0Tp3uhMFGX4XJgA4,70.0,30.0,60.0,50.0,47.5,True
0U9WVefldiEnb11P,0.0,10.0,60.0,30.0,20.5,True
0UjSzyxS90zIyWkN,0.0,20.0,30.0,60.0,27.5,True
0Uk8nMMGjepCrvvA,0.0,20.0,30.0,40.0,22.5,True
0VMuvk9KBpJzmNPz,0.0,10.0,20.0,30.0,14.5,True
0WcWUCInBgV1PWpt,0.0,20.0,30.0,60.0,27.5,True
0Wg9ew4uHl2l8eJh,0.0,10.0,30.0,20.0,13.5,True
0XFqMaOSzcSXCiQS,0.0,20.0,30.0,40.0,22.5,True
0XlNQGqkURv7DMLe,0.0,20.0,30.0,30.0,20.0,True
0Ygydx9Jb8eKFQY3,0.0,20.0,60.0,40.0,27.0,True
0YlIhXDJWxUljI7l,0.0,20.0,30.0,60.0,27.5,True
0Z68C7q1B4zB0jfw,0.0,20.0,30.0,40.0,22.5,True
0ZEKS9pLg7MtFroD,0.0,20.0,60.0,40.0,27.0,True
0ZJN2k63k8UR5qaa,30.0,40.0,60.0,50.0,43.5,True
0ZvGzksVcRwCqqvb,0.0,10.0,20.0,30.0,14.5,True
0aJY5MmeUQLNjuQ0,0.0,20.0,30.0,60.0,27.5,True
0gWmNaermdMD62tk,0.0,10.0,20.0,30.0,14.5,True
0heCwhFpQnxJmAj5,20.0,30.0,70.0,60.0,41.5,True
0hoCQGQAX4lAGq4N,10.0,20.0,60.0,40.0,29.0,True
0j0Omdm1ZwGkfEZ9,20.0,30.0,60.0,40.0,35.0,True
0l3c2sxZRuBVhg2W,0.0,20.0,30.0,40.0,22.5,True
0lb8z2CJVJpgDgZY,0.0,10.0,20.0,30.0,14.5,True
0lk8Uns6GCrKnMeB,0.0,20.0,30.0,60.0,27.5,True
0lw9A7sXGwIB6tFB,0.0,20.0,70.0,30.0,26.0,True
0lz6epqbSN3Eof3i,0.0,20.0,60.0,40.0,27.0,True
0mMw0RdPTZdCGBCC,20.0,30.0,70.0,60.0,41.5,True
0mbbbshnl0XReeqC,0.0,20.0,30.0,40.0,22.5,True
0mkR6NdY5gXd4l1M,0.0,20.0,80.0,60.0,35.0,True
0mqbB5m2yIbe4NMc,10.0,30.0,60.0,40.0,33.0,True
0od9CY9Q4CKZMFue,0.0,20.0,80.0,60.0,35.0,True
0orOOw03WW9OTxEp,0.0,20.0,60.0,40.0,27.0,True
0osXjXBzKJ98dANS,0.0,20.0,30.0,40.0,22.5,True
0pAcgRa77LVPNKpY,0.0,20.0,70.0,30.0,26.0,True
0pTrAB9K1tq6FYnS,0.0,20.0,60.0,30.0,24.5,True
0prQKJOOxlNE1owz,0.0,20.0,30.0,40.0,22.5,True
0qAbkepBWI2IsexF,0.0,10.0,60.0,30.0,20.5,True
0qnr9jkLM3Q1FIxn,10.0,20.0,60.0,30.0,26.5,True
0rQmhnOTWuSRRFta,0.0,20.0,60.0,30.0,24.5,True
0rk1s1XuWmTjbBur,0.0,10.0,60.0,30.0,20.5,True
0sDkBsN6dSH5jD1P,0.0,10.0,20.0,30.0,14.5,True
0sh6VmDlDEQ5yHxE,0.0,20.0,30.0,60.0,27.5,True
0uBeAe2LDmJqYq9X,0.0,10.0,20.0,30.0,14.5,True
0veJ7lEuwn5Krl8V,0.0,20.0,30.0,40.0,22.5,True
0w5KNUgXh5FmKcYz,0.0,20.0,70.0,40.0,28.5,True
0wm1HqLu4ThzUoZj,0.0,20.0,30.0,40.0,22.5,True
0x7CLKlC5bF8QKw4,0.0,20.0,30.0,60.0,27.5,True
0ywPYWQA23Hs80Xe,0.0,10.0,60.0,30.0,20.5,True
0yzdjCgzJLlDH5OJ,10.0,30.0,60.0,40.0,33.0,True
0z7Z59DyN3LPlqkC,0.0,20.0,30.0,40.0,22.5,True
0zQO0roVQTpwAjmL,10.0,20.0,60.0,40.0,29.0,True
10QrhU8DPSyyasuA,0.0,20.0,30.0,40.0,22.5,True
10gOcS95oX0kSphL,0.0,20.0,60.0,30.0,24.5,True
114nzU7XAM7nmiFB,0.0,10.0,20.0,30.0,14.5,True
11iuHKmFVcYPIuRH,0.0,20.0,10.0,60.0,24.5,True
13h6IcSjyRyOLZh6,0.0,20.0,30.0,40.0,22.5,True
13pQPV2nSeeFdnaQ,0.0,20.0,10.0,60.0,24.5,True
148GoWNoan9NWwpM,0.0,20.0,70.0,60.0,33.5,True
14IXk49pslIq7TaU,0.0,10.0,10.0,30.0,13.0,True
14eGgIyKzMioXrq5,0.0,20.0,60.0,40.0,27.0,True
15gGUNhshYgFmMmX,0.0,10.0,10.0,20.0,10.5,True
15qhODBLk4TS3YFW,0.0,10.0,10.0,30.0,13.0,True
15tNBocSL6yAz3CW,0.0,20.0,70.0,30.0,26.0,True
16B9hYmKqtNGI2Yp,0.0,20.0,30.0,60.0,27.5,True
16e55iHtdnopLWLE,0.0,20.0,30.0,60.0,27.5,True
17EGzd8T7Z4ihxKL,0.0,20.0,30.0,40.0,22.5,True
17MomXxIoWG0tmR1,10.0,20.0,30.0,40.0,24.5,True
18UjwtvDYnHEwEgC,0.0,20.0,10.0,60.0,24.5,True
18fCCrK19SfhXEBC,30.0,20.0,60.0,40.0,33.0,True
19fRhOwWMgnlBItl,0.0,20.0,60.0,40.0,27.0,True
1BJCFSYqRhJ5BPwl,0.0,20.0,30.0,40.0,22.5,True
1BjRNfVdUGFo0Njk,0.0,20.0,10.0,60.0,24.5,True
1BlKycOk8YTM2B8P,0.0,10.0,70.0,30.0,22.0,True
1BqabeKeQX2P7V6u,0.0,20.0,60.0,30.0,24.5,True
1C9RlZ46PTW6FeIA,0.0,10.0,10.0,30.0,13.0,True
1DpgDn9K3tWBS6jr,0.0,10.0,10.0,30.0,13.0,True
1FNA88rcSxnCC8p2,0.0,20.0,30.0,60.0,27.5,True
1FnhRcitkyZsuMUZ,0.0,20.0,60.0,30.0,24.5,True
1He1NsieDM2qkPXS,0.0,20.0,30.0,60.0,27.5,True
1HuW8bQ2bDjHGQL9,0.0,20.0,30.0,60.0,27.5,True
1IBeZ421t05ilM5o,0.0,20.0,10.0,60.0,24.5,True
1IQ3BZVPaFSGf1Wp,20.0,30.0,70.0,60.0,41.5,True
1J0VX8ck59Y7022i,0.0,20.0,70.0,30.0,26.0,True
1J2dBwmmO6mYevmQ,0.0,20.0,30.0,60.0,27.5,True
1JIyRk0e5EwTaPId,0.0,20.0,30.0,60.0,27.5,True
1LkKJ4P9ajTHr8Pq,20.0,40.0,60.0,50.0,41.5,True
1LoCqt5P2c0oQ5Lq,0.0,20.0,30.0,40.0,22.5,True
1LrXN25dFz88Spt3,0.0,20.0,30.0,40.0,22.5,True
1LsMAGOsnBq0wVpH,0.0,20.0,30.0,40.0,22.5,True
1NUV8e9YtVPQo2c3,0.0,10.0,20.0,30.0,14.5,True
1NYoYYtirPO2jsay,0.0,20.0,60.0,40.0,27.0,True
1OHly3m7k3zZCAVo,0.0,20.0,60.0,40.0,27.0,True
1OQyYV09ehJBG33b,0.0,10.0,20.0,30.0,14.5,True
1OZHPQTQ5gyStCdM,0.0,20.0,30.0,40.0,22.5,True
1PaOtNfdyVa4fHpA,0.0,20.0,10.0,60.0,24.5,True
1RVuCVydhJZXHoar,0.0,20.0,60.0,40.0,27.0,True
1S6xfB2gpBLzHfz3,0.0,20.0,30.0,40.0,22.5,True
1S9BAdOg3Xr1UUr5,0.0,10.0,20.0,30.0,14.5,True
1SSw2BiEvkGa9ahA,0.0,20.0,60.0,30.0,24.5,True
1Uf9NYUG7jEmZtZI,0.0,20.0,10.0,60.0,24.5,True
1V65QKQ1bg5tc4vB,0.0,20.0,70.0,30.0,26.0,True
1VQZ8dS6YQpqJytO,0.0,20.0,10.0,60.0,24.5,True
1VRzuhRKIiu19YnW,0.0,20.0,30.0,40.0,22.5,True
1VhSU5dvy8Tov9PH,0.0,20.0,70.0,40.0,28.5,True
1XD7EifgiCgSzHga,20.0,30.0,70.0,60.0,41.5,True
1XRVLY91wFVMt1Fx,0.0,10.0,20.0,30.0,14.5,True
1XfvSly9zx0vK2er,0.0,10.0,30.0,20.0,13.5,True
1XwDnB73vQsSRa3s,0.0,20.0,30.0,40.0,22.5,True
1YHqj2lEn3zV1iDU,0.0,20.0,30.0,40.0,22.5,True
1ZMOluz98C1N7ESX,0.0,20.0,60.0,40.0,27.0,True
1ZNkQXKXNddCzISB,0.0,20.0,30.0,60.0,27.5,True
1Zs6KlbsKMnbT9As,10.0,20.0,60.0,40.0,29.0,True
1b7lugSCyiOKJmmq,0.0,10.0,20.0,30.0,14.5,True
1bga6jWiiUhkSzJ1,0.0,20.0,70.0,40.0,28.5,True
1dZ7KBi8OyUlz5uH,10.0,20.0,30.0,40.0,24.5,True
1eV8c36Mus9MyJAg,0.0,30.0,70.0,60.0,37.5,True
1edBIb3eCD44Wb6n,0.0,20.0,30.0,60.0,27.5,True
1hIfwyb2v2skEdDM,0.0,20.0,30.0,40.0,22.5,True
1iphKVG7hHQ1L8X7,0.0,10.0,30.0,20.0,13.5,True
1jJ8UMHBhXspthdp,0.0,20.0,10.0,60.0,24.5,True
1jkqhkuWYaTn2HRn,0.0,20.0,80.0,60.0,35.0,True
1lGxcTsgAjWDva2Z,0.0,20.0,70.0,60.0,33.5,True
1nzgFYbAeF9OenRA,0.0,20.0,10.0,60.0,24.5,True
1o1fOWEWpcoolqLY,0.0,20.0,60.0,30.0,24.5,True
1o7U0DJcqMGF1Bib,10.0,20.0,70.0,40.0,30.5,True
1oHGkWjXggtZVvCF,0.0,20.0,30.0,60.0,27.5,True
1pjoYKQeTKUoQlvi,0.0,20.0,30.0,40.0,22.5,True
1qmhlQZK2d2W7JDP,0.0,20.0,60.0,40.0,27.0,True
1r1HsYsEMpBUYQwA,0.0,20.0,30.0,40.0,22.5,True
1s8Yupy1sNKzgTdF,60.0,20.0,70.0,40.0,40.5,True
1utesWaIOvDN6728,0.0,20.0,70.0,40.0,28.5,True
1v5WO5CWYR9Ysgf6,0.0,20.0,60.0,40.0,27.0,True
1vRG2yH4TcqSmMqj,20.0,30.0,60.0,40.0,35.0,True
1vn3Fex5wEphbwla,0.0,20.0,30.0,40.0,22.5,True
1wiG5k9iT8ZWyg1K,30.0,20.0,70.0,40.0,34.5,True
1xJ0jy0bGl2vl8QA,0.0,20.0,10.0,60.0,24.5,True
1xP4FBMh9FgBkdXs,0.0,10.0,20.0,30.0,14.5,True
1xbuBYyuJJVmZnNG,0.0,20.0,10.0,60.0,24.5,True
243Efrgr29lBU5si,0.0,20.0,60.0,40.0,27.0,True
24pmw30MZOGPqId1,0.0,60.0,80.0,70.0,53.5,True
259Ksw56mJJlnipt,30.0,20.0,60.0,40.0,33.0,True
25QaQd6DRUoZxXOB,0.0,10.0,20.0,30.0,14.5,True
25u5Tk5LU8xHa8Qz,0.0,10.0,10.0,20.0,10.5,True
267xSV848jfudVh1,0.0,20.0,30.0,60.0,27.5,True
27HMZThz0UJ3pgEg,0.0,20.0,70.0,30.0,26.0,True
27U0RhGDWuHJcsgs,0.0,20.0,40.0,30.0,21.5,True
280Jo59JRJO9lTf9,0.0,10.0,20.0,30.0,14.5,True
28i5Fm0YKNEqhvMj,0.0,10.0,20.0,30.0,14.5,True
29IotFQ5CVcwfaP0,0.0,20.0,60.0,40.0,27.0,True
2A1FnBz1tHupjb3Q,0.0,20.0,30.0,60.0,27.5,True
2Am6SzvKFlFzDBHF,0.0,10.0,20.0,30.0,14.5,True
2AopDNk5l6orgapQ,0.0,20.0,30.0,40.0,22.5,True
2AqjwN98FQ7iav2v,0.0,10.0,20.0,20.0,12.0,True
2BJ8SFYoT2VdsxfM,0.0,20.0,10.0,60.0,24.5,True
2BpLwzgiVzW1y7XC,0.0,20.0,10.0,60.0,24.5,True
2BszUvG5I7KLJFlr,0.0,20.0,70.0,60.0,33.5,True
2Ch12a3fsE3IlqZD,75.0,30.0,80.0,60.0,54.0,True
2D6vMD3J62nousGG,0.0,10.0,20.0,30.0,14.5,True
2DvJXNMETQxTChgW,0.0,20.0,10.0,60.0,24.5,True
2FQY1OB7TWqI3qXz,0.0,10.0,10.0,20.0,10.5,True
2FoTCZS86hgkiiV8,0.0,20.0,10.0,30.0,17.0,True
2FwCdxn0lcKTpyeo,30.0,20.0,60.0,40.0,33.0,True
2G5R0gi9WYA6dr3P,0.0,20.0,30.0,60.0,27.5,True
2GVTk6xsn89eHnZ0,0.0,10.0,10.0,30.0,13.0,True
2HF3nLE1DraUBV3p,0.0,20.0,30.0,40.0,22.5,True
2IATTQzag0oGuuVa,0.0,10.0,20.0,30.0,14.5,True
2InsqdtKzZoNV9fT,0.0,20.0,30.0,40.0,22.5,True
2JIoSPp3gIpIbhzL,0.0,10.0,60.0,30.0,20.5,True
2JromFMUFBB82kFQ,0.0,10.0,20.0,30.0,14.5,True
2JudIfOqm6l1lTKG,0.0,10.0,20.0,30.0,14.5,True
2K5sgBY468TW4yCq,0.0,10.0,30.0,20.0,13.5,True
2KEtiP3uwhpUBcKd,0.0,10.0,10.0,20.0,10.5,True
2KW2WCEcogSZEaxB,20.0,30.0,70.0,60.0,41.5,True
2Ka0JePDdd3miFSz,0.0,10.0,20.0,30.0,14.5,True
2KulvEqEEErpCOkf,20.0,30.0,70.0,60.0,41.5,True
2LeOtpJJjp5kuPxS,0.0,20.0,10.0,30.0,17.0,True
2LgLvreKZHEBnwYe,0.0,20.0,30.0,40.0,22.5,True
2MRYCciepXPxxy8K,0.0,20.0,30.0,60.0,27.5,True
2MVN1Ufx3mdqruda,0.0,10.0,20.0,30.0,14.5,True
2NVzNO5gbW69W48I,20.0,30.0,60.0,40.0,35.0,True
2OGnY9jxIkYpI8B9,0.0,20.0,30.0,60.0,27.5,True
2OdfQFZuXk2k2ELW,0.0,10.0,60.0,30.0,20.5,True
2Pxh4b0BrcFc9DHn,0.0,20.0,10.0,30.0,17.0,True
2S5gUysMmTj3H4KY,0.0,20.0,30.0,60.0,27.5,True
2T0vjBNNXdhVxkn1,0.0,10.0,20.0,30.0,14.5,True
2TGciFYft1RJ3Dk5,0.0,20.0,30.0,60.0,27.5,True
2U9XCV3ZnyZHoIxQ,0.0,20.0,30.0,60.0,27.5,True
2UUoiAOesot3dSQ5,30.0,20.0,70.0,40.0,34.5,True
2UVnaBeFJNnTlcAS,0.0,20.0,30.0,60.0,27.5,True
2V8r8Lwwk2GXUNpG,0.0,20.0,10.0,60.0,24.5,True
2W5raYkBShmwmsju,10.0,20.0,60.0,40.0,29.0,True
2WuwF8h57zBZol9G,0.0,20.0,30.0,40.0,22.5,True
2Y7Ud1xzaLPtrOz3,0.0,20.0,70.0,40.0,28.5,True
2YAwUvLj5fTHLuyI,0.0,20.0,60.0,40.0,27.0,True
2YImftXDjEBbhk5j,0.0,20.0,30.0,40.0,22.5,True
2YTTFF2An3JY8oX8,85.0,20.0,75.0,60.0,51.25,True
2YjzLWwIRjBQrfYJ,0.0,20.0,30.0,40.0,22.5,True
2Z8pnVcCXbyAAR5F,20.0,30.0,70.0,60.0,41.5,True
2a3w6Toe13fcwRJ8,0.0,10.0,10.0,30.0,13.0,True
2cXiIw9eu3u7oQnm,0.0,20.0,30.0,30.0,20.0,True
2ccrKI22oT2ke0Pf,0.0,20.0,10.0,60.0,24.5,True
2cdfCaDJ98giRTNs,0.0,20.0,30.0,40.0,22.5,True
2clomzf5A9wvGbAW,0.0,10.0,20.0,30.0,14.5,True
2dGWTiQjCCXvtCX1,0.0,10.0,10.0,30.0,13.0,True
2dhN4UovsvYTR5co,0.0,10.0,10.0,20.0,10.5,True
2e51ZE8RxlaRFRgz,0.0,20.0,30.0,40.0,22.5,True
2eSl3HNp5q6GkIa6,30.0,20.0,70.0,40.0,34.5,True
2eWEY4EM27Q0UU8s,0.0,20.0,60.0,30.0,24.5,True
2fgffYVajIBF5f7Y,0.0,20.0,30.0,60.0,27.5,True
2gxhgqXvu4hlKnLZ,0.0,20.0,30.0,60.0,27.5,True
2iDMJd7wTVLRxPb6,0.0,20.0,30.0,60.0,27.5,True
2jqpwJ9AfFAIkk8u,0.0,20.0,30.0,40.0,22.5,True
2kNnsSVfQEilmkMF,0.0,20.0,10.0,30.0,17.0,True
2kbJzvBREwWzzeHU,0.0,20.0,30.0,40.0,22.5,True
2kvASFsQ8z0WJcDf,0.0,20.0,30.0,40.0,22.5,True
2m8vSp7Wvl9eweFm,20.0,30.0,60.0,40.0,35.0,True
2mWELvGkL6gvI98O,0.0,20.0,30.0,40.0,22.5,True
2mrd98zsy5HA5EDu,0.0,20.0,30.0,40.0,22.5,True
2nuLYXydaa4eJQRj,10.0,20.0,70.0,40.0,30.5,True
2ooZXGXsfzi7WR0L,0.0,20.0,60.0,30.0,24.5,True
2ozi1Own8zA4ADUC,0.0,10.0,20.0,30.0,14.5,True
2poSTDlcMrJrfVmU,0.0,20.0,30.0,40.0,22.5,True
2q4XL6UQj52PGfva,0.0,10.0,30.0,20.0,13.5,True
2qdcNpQUUHa33I7U,0.0,20.0,60.0,30.0,24.5,True
2rE4Kl6R5pdv9D04,10.0,20.0,70.0,40.0,30.5,True
2sWyICOTDWsLRjKs,20.0,30.0,60.0,40.0,35.0,True
2tqVGDygRZva0TWs,0.0,10.0,20.0,30.0,14.5,True
2uXhwofies5eR2oT,75.0,20.0,85.0,60.0,50.75,True
2wVAa1ByULUMl739,0.0,20.0,30.0,40.0,22.5,True
2z3wHTMzmvLvOR1E,0.0,20.0,30.0,40.0,22.5,True
2z9CHRX74Mqxgg29,0.0,70.0,60.0,50.0,49.5,True
2zLG0JZJsSYnNmWX,0.0,10.0,20.0,30.0,14.5,True
2znD0YmTvgWAc7O1,0.0,20.0,30.0,40.0,22.5,True
30PyrOPCxahhfhFP,0.0,10.0,30.0,20.0,13.5,True
32605K4Fi1rvjJrh,0.0,10.0,20.0,30.0,14.5,True
3332BLdf2qNC6ffb,0.0,20.0,30.0,40.0,22.5,True
33UUU1NLhuhZ9tVg,0.0,20.0,60.0,40.0,27.0,True
33o5fNcUPwCDiarW,0.0,20.0,10.0,60.0,24.5,True
343vUE2H88OizmII,10.0,20.0,60.0,40.0,29.0,True
34eJBM0tG0tzRDsD,0.0,10.0,60.0,30.0,20.5,True
35qNjZwqOmtTv0cj,30.0,40.0,60.0,50.0,43.5,True
36AzkhiIAEVey953,0.0,20.0,30.0,60.0,27.5,True
37E5BATnl2FQLSTd,0.0,20.0,30.0,60.0,27.5,True
39cqDb2KVfedVp0t,0.0,20.0,10.0,60.0,24.5,True
39dak3AWZS6dfuhv,0.0,10.0,20.0,30.0,14.5,True
3ATzohB15YBNy1JE,0.0,20.0,30.0,40.0,22.5,True
3BYU7VWdZgJy8U7R,0.0,10.0,0.0,30.0,11.5,True
3C4C4DCMxDcWPnKK,0.0,10.0,20.0,30.0,14.5,True
3COir8VRRrXF7TM0,10.0,30.0,70.0,60.0,39.5,True
3Dk4zfJ4KgaKwog7,0.0,20.0,70.0,30.0,26.0,True
3FQcedBxmzcwsYU0,0.0,20.0,30.0,40.0,22.5,True
3FePH8BcvyUTzIGa,0.0,20.0,30.0,40.0,22.5,True
3HD1dfdr1PgvMg0s,0.0,20.0,30.0,40.0,22.5,True
3HXJGaaSpaav7mDI,0.0,20.0,60.0,40.0,27.0,True
3HolfvkK7cd19Fse,0.0,10.0,60.0,30.0,20.5,True
3IVyZNKLBLHGXj44,0.0,20.0,30.0,40.0,22.5,True
3J3dQymuGwobU1fb,0.0,10.0,20.0,30.0,14.5,True
3Jd9swbwkfejWd1n,0.0,10.0,20.0,30.0,14.5,True
3JyPMRah7BH53ejW,0.0,20.0,80.0,60.0,35.0,True
3KE4wDpnX0BJXPWl,0.0,20.0,60.0,40.0,27.0,True
3KGV1V4fxvvfJtLw,0.0,30.0,70.0,60.0,37.5,True
3KPWRokCeZ2csbuq,0.0,20.0,30.0,60.0,27.5,True
3LT3xp7el36dcHXv,20.0,30.0,70.0,60.0,41.5,True
3LilQldxyiPbg9QV,0.0,20.0,30.0,60.0,27.5,True
3LoqBuSdlWFuG8Bd,0.0,10.0,30.0,20.0,13.5,True
3NQ6EnkaYonf7ZNj,0.0,20.0,10.0,60.0,24.5,True
3NyZ0vCSVx2mWPFY,30.0,20.0,60.0,40.0,33.0,True
3OjzxaBY0Q5ljL8l,0.0,20.0,30.0,40.0,22.5,True
3Q3jk3jlXTdAttUX,0.0,20.0,30.0,40.0,22.5,True
3QRn6pjkjOSX0CoS,0.0,10.0,20.0,30.0,14.5,True
3SUBokfmU5Zx05Ia,0.0,20.0,30.0,40.0,22.5,True
3T8vpteNv3WiYWGW,0.0,20.0,30.0,60.0,27.5,True
3X0isDj12J76Apn0,0.0,20.0,30.0,60.0,27.5,True
3X8XLgUVSy8Pq3OO,0.0,20.0,30.0,60.0,27.5,True
3XThBktVRQzNUIHU,0.0,20.0,70.0,30.0,26.0,True
3YWtT2uTcrAfF4px,0.0,10.0,10.0,30.0,13.0,True
3YaxWayIjfQ1kloO,0.0,20.0,30.0,60.0,27.5,True
3ZCkKrYCBp6JaIo9,0.0,20.0,10.0,30.0,17.0,True
3ZxOeKcOr5wUYyk0,0.0,20.0,60.0,30.0,24.5,True
3aNjJcp5oCZfqjRh,0.0,30.0,70.0,60.0,37.5,True
3aYSNLHYAhAjjKLL,0.0,10.0,10.0,20.0,10.5,True
3bHQbwPSDOee402F,0.0,10.0,60.0,30.0,20.5,True
3bkcIaQT7gK912kM,0.0,20.0,30.0,40.0,22.5,True
3cAEKtKC5vYyE1U1,0.0,20.0,30.0,60.0,27.5,True
3cCqw30fC3hXZpnZ,0.0,20.0,30.0,40.0,22.5,True
3d7lglLZeIkmAm2E,10.0,30.0,60.0,40.0,33.0,True
3dH4nxyz4Mf03Wby,0.0,10.0,20.0,30.0,14.5,True
3dpVczCoInW3XdiG,0.0,20.0,30.0,40.0,22.5,True
3duQasRWuMWyO2gN,0.0,20.0,60.0,40.0,27.0,True
3eKfiYHtghFodMIv,0.0,10.0,20.0,30.0,14.5,True
3eaUaVZv36NejLO9,0.0,20.0,30.0,40.0,22.5,True
3emZWLUQJnEn36vt,0.0,20.0,30.0,60.0,27.5,True
3evlRU96UPHFm1nK,0.0,20.0,30.0,40.0,22.5,True
3fZdCKHppqZVlS7P,0.0,20.0,30.0,40.0,22.5,True
3flKM48wC7Y5a7Zr,0.0,20.0,30.0,60.0,27.5,True
3gTSyCSYDs80myd1,0.0,30.0,60.0,50.0,33.5,True
3gv0CwP8Q3i5lNud,0.0,20.0,60.0,40.0,27.0,True
3hfE3NCj0WALNMNr,0.0,20.0,30.0,60.0,27.5,True
3iWJWzFR5Gv6f9wR,0.0,20.0,60.0,40.0,27.0,True
3ijfGIpT0qOZRuS7,0.0,20.0,30.0,60.0,27.5,True
3j3qquw8Bvlnligt,0.0,20.0,70.0,60.0,33.5,True
3kBqy9NFNwc2UIdY,10.0,20.0,70.0,60.0,35.5,True
3kHzHgflUnObnHGv,0.0,20.0,10.0,60.0,24.5,True
3lSgDEOX5mvP8W7f,0.0,20.0,30.0,60.0,27.5,True
3mUjdN6wOLPSlIrH,0.0,10.0,60.0,30.0,20.5,True
3n6xkUsTCWGFU3gj,0.0,20.0,30.0,60.0,27.5,True
3n99KD4mXt1xgmRQ,0.0,10.0,60.0,30.0,20.5,True
3nmWKVVt1SRn4L0t,0.0,10.0,10.0,10.0,8.0,True
3qORES0hxGUKb2qk,0.0,20.0,30.0,40.0,22.5,True
3qg0jJo2Yo49pD5j,0.0,20.0,10.0,30.0,17.0,True
3qzKr9H1X0sTU4gk,10.0,20.0,60.0,40.0,29.0,True
3sGK90HG66bXoUgx,0.0,20.0,30.0,40.0,22.5,True
3sJrMg5dku8WylwZ,0.0,10.0,30.0,40.0,18.5,True
3sxH9rFtmZzlhTmb,0.0,20.0,30.0,40.0,22.5,True
3sxLxwa9J9ddjON5,0.0,20.0,60.0,40.0,27.0,True
3sz3PDoHz1Y3vyMa,0.0,20.0,30.0,60.0,27.5,True
3vO4uEV8rlfzUrpu,0.0,20.0,30.0,60.0,27.5,True
3vaz098miVDY18d7,30.0,20.0,70.0,40.0,34.5,True
3vvacXumVuEY62OO,0.0,20.0,70.0,40.0,28.5,True
3wDD4BlRA4iyp8zC,0.0,20.0,30.0,40.0,22.5,True
3wK1giuCntNGLK58,0.0,20.0,10.0,30.0,17.0,True
3wPbWUgzZFBES3gG,0.0,20.0,10.0,30.0,17.0,True
3xWyyUNvRDKcbRhk,0.0,20.0,30.0,40.0,22.5,True
3xcJOXyKiQ1iD283,10.0,20.0,70.0,40.0,30.5,True
3yxEhv5zWT2to5H3,0.0,10.0,20.0,10.0,9.5,True
3zCEGsG5e1Bwlrqq,0.0,20.0,10.0,60.0,24.5,True
3zMguIvuDs29L7by,0.0,20.0,10.0,30.0,17.0,True
40BA73h3XoVP2M7a,0.0,20.0,10.0,60.0,24.5,True
42VHyFIxvqF4aYeG,0.0,10.0,60.0,30.0,20.5,True
42YP1QnJp3bRFDv3,0.0,20.0,10.0,30.0,17.0,True
43ANVj77p3kZZl4A,10.0,20.0,30.0,40.0,24.5,True
45hJ7ilVlAA42E6K,0.0,20.0,30.0,40.0,22.5,True
46E1O3apKBZ5M39B,0.0,20.0,30.0,40.0,22.5,True
46aveAzBcTIZh2ln,0.0,10.0,10.0,20.0,10.5,True
47jW8wRTNWdUGqgL,0.0,10.0,20.0,30.0,14.5,True
48Ju6NoPeO0D6StP,0.0,20.0,30.0,60.0,27.5,True
48MQ0jL6VMY8UJpn,10.0,20.0,30.0,40.0,24.5,True
49Y8hZ7t7sgwRlLH,0.0,10.0,20.0,30.0,14.5,True
4B4Tehj47iYmmIyS,0.0,20.0,30.0,40.0,22.5,True
4BBOF9VqEEPOiWdT,30.0,20.0,70.0,40.0,34.5,True
4BOXvhynMhDkEgXv,0.0,20.0,70.0,30.0,26.0,True
4BnNG9Zu4R8vOqWT,0.0,20.0,30.0,60.0,27.5,True
4C5nfv7pNhfZqYMI,0.0,20.0,30.0,60.0,27.5,True
4CX8r7WzBUuQovnJ,0.0,20.0,30.0,40.0,22.5,True
4CXPmLZONWDaqWAM,0.0,20.0,30.0,40.0,22.5,True
4DFTvwqkB2eLT3bp,0.0,10.0,20.0,10.0,9.5,True
4DsnLbOz0q6IqEFm,0.0,10.0,80.0,30.0,23.5,True
4EivAd0syZD5GkPc,0.0,10.0,70.0,30.0,22.0,True
4FDahhRvtRNg19DR,0.0,10.0,20.0,30.0,14.5,True
4GprGrMjRSSBFUtI,0.0,10.0,20.0,10.0,9.5,True
4GtMFxyYwU7CISo1,10.0,20.0,70.0,40.0,30.5,True
4IDUX9g16EPOSFu0,0.0,20.0,60.0,40.0,27.0,True
4IKJm3QZcvEtQ0IJ,0.0,10.0,10.0,20.0,10.5,True
4JEeD7eou8R4Mnw5,0.0,20.0,60.0,40.0,27.0,True
4KErc7eR7r5IKQcl,10.0,30.0,40.0,60.0,35.0,True
4Lr6q4VoUgY0r6SP,0.0,10.0,10.0,20.0,10.5,True
4MDlMv01Cuw4hjBn,0.0,20.0,80.0,60.0,35.0,True
4NZNdZKHtT4RYe6k,0.0,10.0,20.0,30.0,14.5,True
4Nxo6Yf4cRP2kQLE,0.0,10.0,20.0,30.0,14.5,True
4OmnsTRPo7WTOc9W,10.0,30.0,70.0,60.0,39.5,True
4Py29m6mVVaSI0mm,0.0,10.0,20.0,30.0,14.5,True
4Qz2qjTvIwzi6yg2,0.0,20.0,30.0,40.0,22.5,True
4RcNPdVYpS0Jaj2g,0.0,20.0,30.0,60.0,27.5,True
4RqjsMg2AjBmhFDE,0.0,30.0,70.0,60.0,37.5,True
4T3KjmXjntlgbIM8,0.0,20.0,10.0,30.0,17.0,True
4TYcHgCD04c4pHIz,0.0,20.0,30.0,60.0,27.5,True
4TkFBitTyFWhKRFQ,0.0,20.0,30.0,60.0,27.5,True
4UGS9c9zz7tUEb7Z,0.0,20.0,30.0,40.0,22.5,True
4UvcO2ggprq7MyI6,70.0,30.0,60.0,50.0,47.5,True
4V3AP3xwNN8WLe89,10.0,20.0,80.0,60.0,37.0,True
4VGt1SJ3uTV7JOnm,0.0,20.0,10.0,30.0,17.0,True
4VrWvM9NAIjirnf6,20.0,30.0,70.0,60.0,41.5,True
4W226Jw5xCOTh6Be,0.0,20.0,30.0,40.0,22.5,True
4WIMUkkKOc3zq0gM,0.0,20.0,70.0,40.0,28.5,True
4Y3H0NPUKWow83tR,0.0,20.0,30.0,40.0,22.5,True
4Y7jxETx0tbP95Mc,0.0,20.0,30.0,40.0,22.5,True
4Znn0LMPwczzSzPF,85.0,30.0,70.0,60.0,54.5,True
4ccjZtxOoLP4oe9p,0.0,20.0,30.0,60.0,27.5,True
4cyrK32RpExNYass,10.0,20.0,30.0,40.0,24.5,True
4djkWNdRfrCQBFMC,0.0,20.0,30.0,40.0,22.5,True
4dnbGOIcHO5392eD,0.0,20.0,30.0,40.0,22.5,True
4f0oEdScUSTeQSDr,85.0,60.0,75.0,55.0,66.0,True
4fOk1KG0Pp8ZuHqs,20.0,30.0,70.0,60.0,41.5,True
4fetzTUEHAXA0Kei,0.0,20.0,10.0,40.0,19.5,True
4fgZU3mJya7rE1Lr,0.0,20.0,30.0,40.0,22.5,True
4hOjvplv7gkfWPUX,0.0,20.0,10.0,30.0,17.0,True
4hlCUmUgFT3sRU3Q,0.0,10.0,30.0,20.0,13.5,True
4iYTgLRt720bit5D,0.0,10.0,10.0,20.0,10.5,True
4kGBhajHwOvW1gqp,10.0,20.0,70.0,30.0,28.0,True
4kJHoznTvI8dQxWn,20.0,30.0,70.0,60.0,41.5,True
4nV8tOw4dkMuGzCW,0.0,10.0,10.0,20.0,10.5,True
4oW757GgABXr9KzL,0.0,20.0,30.0,40.0,22.5,True
4qF3zwG4TSmNQXT2,0.0,20.0,70.0,40.0,28.5,True
4qNiElGdNamh3CJ3,0.0,20.0,30.0,60.0,27.5,True
4s3offmR26jZyygg,0.0,20.0,60.0,40.0,27.0,True
4s5B9C1BXqjGhjTR,0.0,30.0,70.0,60.0,37.5,True
4sOpnMYO1vl4PZFx,0.0,10.0,10.0,20.0,10.5,True
4sUTy9A18RPVxYEZ,0.0,20.0,30.0,60.0,27.5,True
4sk17nCkqBBC3yV2,0.0,20.0,70.0,30.0,26.0,True
4tKNY2m9l4mgl1XZ,0.0,20.0,60.0,40.0,27.0,True
4v8ljMY0nliKDQRl,20.0,30.0,70.0,50.0,39.0,True
4wXSHorPPXrobi0L,0.0,10.0,60.0,30.0,20.5,True
4wkQqWYnIFi2QbCu,0.0,30.0,70.0,60.0,37.5,True
4yFnuUaEJWfVdQFl,0.0,10.0,60.0,30.0,20.5,True
4yLtUAW47U3fgOKX,0.0,10.0,10.0,30.0,13.0,True
4yZREsb0Y9YSvnyi,0.0,10.0,20.0,30.0,14.5,True
50AjyoFDLl4VZW7C,0.0,20.0,30.0,40.0,22.5,True
50LI0lgOmqH7AkKI,0.0,20.0,30.0,40.0,22.5,True
50yTdPoz2Cnnyerl,0.0,10.0,60.0,30.0,20.5,True
51AjLmd7KZPyhw3d,20.0,30.0,60.0,50.0,37.5,True
51DTjBlUH9PrNZ6I,0.0,20.0,30.0,40.0,22.5,True
51Is42BZaHgbyjdQ,0.0,20.0,30.0,60.0,27.5,True
51X1nEewj41TrmYh,10.0,20.0,80.0,60.0,37.0,True
521Zvhc8Ddk7KB0U,0.0,20.0,30.0,40.0,22.5,True
53I5vDY0A7Vd1HtK,0.0,10.0,10.0,20.0,10.5,True
540y3NCvDv2YxqzY,0.0,20.0,70.0,40.0,28.5,True
54aEm8ZLLlX1G1Nf,0.0,20.0,30.0,40.0,22.5,True
55NbGIVVPdzGZmfW,0.0,20.0,80.0,60.0,35.0,True
58mzM9UOi1mYuorI,0.0,20.0,10.0,60.0,24.5,True
58xuUAeMiieXHJi4,0.0,20.0,30.0,40.0,22.5,True
5BwizSJpTshv505v,0.0,20.0,10.0,60.0,24.5,True
5ByLs3mBtn9BwRSm,0.0,10.0,60.0,30.0,20.5,True
5DCjjVWyA8b3iYuy,0.0,20.0,30.0,60.0,27.5,True
5EYrJvKYvSm5i9uY,0.0,20.0,30.0,60.0,27.5,True
5FDJ2S72SQUSas6w,0.0,20.0,30.0,60.0,27.5,True
5GPoqzPnPH0Mg4Bf,20.0,30.0,70.0,60.0,41.5,True
5HguAFu2sh0nYvrO,70.0,20.0,60.0,30.0,38.5,True
5IgPYtsrksWJ32rj,0.0,10.0,10.0,20.0,10.5,True
5J5pKHkRykirtrFj,0.0,20.0,10.0,60.0,24.5,True
5JaYHCXmvtpE3Q6J,0.0,20.0,30.0,40.0,22.5,True
5JdiwoObGrmEUzNN,0.0,10.0,20.0,30.0,14.5,True
5JewYPldGL3Rwih2,0.0,20.0,70.0,40.0,28.5,True
5KaPaEpFLsNLN2Y8,0.0,10.0,20.0,10.0,9.5,True
5Kteiq67Syavf9zq,0.0,20.0,30.0,40.0,22.5,True
5Kx7i8eYDxvGu9hD,0.0,20.0,10.0,60.0,24.5,True
5L3bEhqeyOYoRSoZ,0.0,20.0,30.0,40.0,22.5,True
5M5oR52kZsAEePTP,0.0,20.0,60.0,30.0,24.5,True
5NUBDy6QlSKgzS8c,0.0,20.0,10.0,30.0,17.0,True
5NbeCdSZyB0H6yp0,10.0,20.0,60.0,40.0,29.0,True
5O0IFPPrNuwMfdNj,0.0,10.0,60.0,30.0,20.5,True
5O1IEicLNIBPu1Qy,0.0,10.0,10.0,30.0,13.0,True
5OOq9SHy94KQYyY7,0.0,20.0,30.0,40.0,22.5,True
5OccY1thuHMonnxi,0.0,20.0,30.0,60.0,27.5,True
5P3sPZybLgihb42q,0.0,10.0,10.0,20.0,10.5,True
5QSbZqH67HzLRold,0.0,20.0,30.0,40.0,22.5,True
5QXHPGkXWezPug3e,0.0,20.0,30.0,40.0,22.5,True
5RbF9LQzXtURcpOO,0.0,10.0,20.0,30.0,14.5,True
5SBSKp2ISc5ugqwp,0.0,10.0,70.0,30.0,22.0,True
5SqgTBDyjgZIFVsp,0.0,20.0,80.0,60.0,35.0,True
5TTXn3gECMavptc6,20.0,30.0,70.0,60.0,41.5,True
5Ttj4wbDZ6toH2ic,0.0,20.0,70.0,30.0,26.0,True
5W5FSWMGkLobvuFE,0.0,10.0,60.0,30.0,20.5,True
5WAeibYKkJf0SPuE,0.0,10.0,20.0,30.0,14.5,True
5YpfvklP6KS3gOZb,0.0,10.0,20.0,30.0,14.5,True
5c2b19kEWoaaQ2GB,0.0,20.0,30.0,60.0,27.5,True
5d98ZDbQAvNqHb3u,0.0,20.0,30.0,60.0,27.5,True
5dloZHc9ze4D3sX2,0.0,10.0,10.0,30.0,13.0,True
5doDnoFTJXrdyRTe,0.0,10.0,30.0,20.0,13.5,True
5fg6hZ3GqQbzwqGI,0.0,10.0,30.0,20.0,13.5,True
5hLE76qPbcvAqmv4,0.0,20.0,30.0,60.0,27.5,True
5hPYf7Fz46fDbygn,0.0,20.0,60.0,30.0,24.5,True
5hdmpWMLpFGWGy8h,0.0,20.0,30.0,60.0,27.5,True
5j5hfC9bU1IGOL9s,0.0,20.0,10.0,30.0,17.0,True
5k8A0htXu4tnTZdC,0.0,20.0,10.0,60.0,24.5,True
5kFi0TVUAgqNmmh7,0.0,20.0,30.0,60.0,27.5,True
5kFsAkg2nntxK4Tw,0.0,10.0,30.0,20.0,13.5,True
5kTI5aWWhHnjpxnc,0.0,20.0,30.0,40.0,22.5,True
5lNKtzJ1atsnBYLM,0.0,20.0,10.0,60.0,24.5,True
5lZQwhSdHxFoHmJT,0.0,20.0,30.0,40.0,22.5,True
5mRM4WLOyqEFXhIm,0.0,20.0,30.0,40.0,22.5,True
5nSR44wop9nxbh9z,0.0,20.0,70.0,40.0,28.5,True
5oF43qJZVZUwU6Vj,70.0,30.0,80.0,60.0,53.0,True
5pn2VHjii2irccuo,0.0,20.0,10.0,60.0,24.5,True
5qMbB4b2HPlFBhba,20.0,30.0,70.0,60.0,41.5,True
5qQyslLM4GClqCUn,0.0,20.0,70.0,60.0,33.5,True
5ql1df55Bv9Wtkmw,0.0,20.0,30.0,40.0,22.5,True
5sFX4xspPfGIzYtx,0.0,10.0,60.0,30.0,20.5,True
5snfYRc7DDkkjJDq,0.0,20.0,70.0,30.0,26.0,True
5uF3MIflmG9DJ7Tb,0.0,20.0,10.0,60.0,24.5,True
5uGrWvBjEg5PmDdO,20.0,30.0,60.0,40.0,35.0,True
5uVLnbmlOcDO4xBa,0.0,20.0,30.0,10.0,15.0,True
5vAr8dDkn0ir23El,0.0,20.0,30.0,30.0,20.0,True
5wRYTvMOk7GSNFrI,0.0,20.0,30.0,40.0,22.5,True
5xWk9kubhmLt6GSP,0.0,20.0,30.0,40.0,22.5,True
5y4unaLjqV9Asnb6,10.0,30.0,60.0,40.0,33.0,True
5yWeBTAjKz4Z9wI3,0.0,20.0,60.0,40.0,27.0,True
5z0BGufzQgliEu7p,0.0,20.0,30.0,40.0,22.5,True
5zRUeTPWyqhCbavm,0.0,20.0,30.0,60.0,27.5,True
5zUiX3v8kzYailhB,0.0,20.0,30.0,40.0,22.5,True
61Vv8PJSurRjgRG2,0.0,20.0,10.0,60.0,24.5,True
62w4Uqq6HDJKc80Z,0.0,20.0,60.0,40.0,27.0,True
63QHtDP9bdE2zBRg,0.0,20.0,30.0,60.0,27.5,True
64qUUxr6ig0JwRsx,0.0,10.0,20.0,30.0,14.5,True
65I6eUyKmYrULhaY,10.0,20.0,70.0,30.0,28.0,True
65jDI4xojsOUl99y,0.0,20.0,10.0,60.0,24.5,True
66CHrT6zq5aWhvCC,20.0,30.0,60.0,50.0,37.5,True
66kgnjGo1mY5JNS1,0.0,20.0,60.0,30.0,24.5,True
66nula27BklZydRK,10.0,20.0,60.0,30.0,26.5,True
67aCyQIfCPacBIe5,0.0,30.0,60.0,40.0,31.0,True
68CNOhib0Ck65VUc,20.0,30.0,70.0,60.0,41.5,True
68QwGt2k1Q4JlsgE,0.0,20.0,30.0,40.0,22.5,True
68XTQQxO8JgaswWF,0.0,20.0,30.0,40.0,22.5,True
68oegBchwy2vp44K,0.0,20.0,70.0,40.0,28.5,True
69p7rZuelMHjMPVq,0.0,20.0,80.0,60.0,35.0,True
69wtHsTCn6HwCW0F,0.0,20.0,30.0,40.0,22.5,True
6BElc1hlNwMb528p,10.0,20.0,60.0,30.0,26.5,True
6BG8YK5KoncxnSFr,0.0,20.0,80.0,60.0,35.0,True
6CgWci4yEyEkXbLS,0.0,20.0,30.0,40.0,22.5,True
6CzKMmn8dpJfuBLu,75.0,30.0,85.0,60.0,54.75,True
6DHI4NkeqhIhcdDk,20.0,30.0,70.0,60.0,41.5,True
6EeO5ROl3Gb9YAf8,10.0,20.0,60.0,30.0,26.5,True
6ErMq1Ryw1OnL1Gs,0.0,20.0,10.0,30.0,17.0,True
6EtdIS453FF3iecC,0.0,20.0,30.0,60.0,27.5,True
6GHPNDLIHD8Evsrv,0.0,10.0,10.0,20.0,10.5,True
6GcIhrbmnsT1bvcJ,0.0,20.0,60.0,30.0,24.5,True
6I0TMTkE9dURrDlm,0.0,20.0,70.0,40.0,28.5,True
6JCca0D91NsPkad7,0.0,20.0,30.0,40.0,22.5,True
6LAuYAacY7O6X67o,0.0,20.0,60.0,30.0,24.5,True
6LVP5uvmZtmmsKRD,0.0,20.0,60.0,30.0,24.5,True
6LbgMnZuGTXVGYLT,0.0,20.0,60.0,40.0,27.0,True
6O6a1V20YYH5oVmx,0.0,20.0,30.0,40.0,22.5,True
6PKBkMerw8LFCpAy,10.0,20.0,70.0,40.0,30.5,True
6Pc5iM8MQNzymob9,0.0,10.0,20.0,30.0,14.5,True
6Py4cvLdqDownu1j,10.0,20.0,60.0,40.0,29.0,True
6Q9xqqBd0In0I4xS,0.0,20.0,30.0,60.0,27.5,True
6Qx3gbs34PyoyGTg,0.0,20.0,30.0,40.0,22.5,True
6RfxfZH75ZWfDIGj,0.0,10.0,0.0,30.0,11.5,True
6SCbaQ2B5kpRNq8u,0.0,20.0,30.0,40.0,22.5,True
6SVyPySNfbd5W412,0.0,20.0,10.0,30.0,17.0,True
6SWprz9vsCZiiAMS,0.0,20.0,30.0,60.0,27.5,True
6TGbOgWMsqjwJQ2V,0.0,20.0,30.0,40.0,22.5,True
6TYkTUhfhTCOxfHT,0.0,20.0,30.0,60.0,27.5,True
6TZeYa37jXPjujyC,0.0,20.0,30.0,40.0,22.5,True
6U6ZefyJzJu2rHD6,0.0,20.0,10.0,60.0,24.5,True
6VL7ky05DEOwZbrz,20.0,30.0,60.0,40.0,35.0,True
6WmaDed2Ie5WBKVk,10.0,20.0,30.0,40.0,24.5,True
6XBathpqHldH83Zq,0.0,20.0,30.0,40.0,22.5,True
6XmBlLjsuZMQIKET,0.0,30.0,70.0,60.0,37.5,True
6Yqpt1KPtWQAvi6B,20.0,30.0,60.0,40.0,35.0,True
6ZzbooUinUbLGkhx,0.0,20.0,30.0,60.0,27.5,True
6azNwPimvCI4zuXi,0.0,20.0,30.0,60.0,27.5,True
6bPvYAA2TKY8oFvt,0.0,20.0,30.0,40.0,22.5,True
6biVyQWKsrDoXxQn,10.0,20.0,60.0,40.0,29.0,True
6btTkYqcWUjvvvs6,0.0,10.0,10.0,20.0,10.5,True
6byNrbNCJZ7D0n09,0.0,10.0,30.0,20.0,13.5,True
6f5M1W5lCUk7C28Z,0.0,20.0,80.0,60.0,35.0,True
6fQCFBATBvdwlQEP,0.0,20.0,60.0,40.0,27.0,True
6gVBMZZe0au2ocjg,0.0,20.0,10.0,60.0,24.5,True
6hylUeJPmRpWR0oL,0.0,10.0,10.0,30.0,13.0,True
6jAabGcizwJKTnQq,0.0,20.0,30.0,40.0,22.5,True
6jXh2H3x9exT8QzL,0.0,20.0,30.0,60.0,27.5,True
6jccAhEqemAtq77Y,0.0,20.0,30.0,40.0,22.5,True
6k7RFhfQDZ5vNUx2,0.0,20.0,30.0,40.0,22.5,True
6kWodZ3gz78rUob6,0.0,10.0,30.0,20.0,13.5,True
6kksOgFvzeyGc5Mv,0.0,10.0,20.0,30.0,14.5,True
6l9h1ovTqYyNTSkj,0.0,20.0,30.0,60.0,27.5,True
6lax00r8v8VLyC1e,0.0,20.0,30.0,60.0,27.5,True
6m3Ri8ABcOR66QWa,0.0,10.0,10.0,30.0,13.0,True
6mUlAcXaOxTvZNxv,0.0,10.0,20.0,30.0,14.5,True
6maa3GUUxFz7A8zV,0.0,20.0,30.0,60.0,27.5,True
6nJTFmz4K1Omj8pI,0.0,20.0,10.0,60.0,24.5,True
6nWzHZOSfFk6cmhm,0.0,20.0,30.0,60.0,27.5,True
6ngD8l5oTueTnFnK,0.0,20.0,30.0,60.0,27.5,True
6o0C4w7bAdzGxpyf,0.0,20.0,30.0,40.0,22.5,True
6o52HAS5xDVfLgGi,0.0,20.0,30.0,40.0,22.5,True
6qyKnXSTwhb4kVft,0.0,20.0,30.0,60.0,27.5,True
6r1Tft4kbgpr1N0Q,30.0,20.0,60.0,40.0,33.0,True
6re06p0OzvPmiLGu,0.0,10.0,30.0,20.0,13.5,True
6rlLBO0FfEwAvuQg,0.0,10.0,10.0,20.0,10.5,True
6sChDStSz8rGIFCf,0.0,10.0,20.0,30.0,14.5,True
6uyPGvm01Ma1LgRC,20.0,30.0,70.0,50.0,39.0,True
6vKa40bVYNQ6391U,0.0,20.0,10.0,30.0,17.0,True
6wrKvNOVPPNiKfWR,0.0,20.0,80.0,60.0,35.0,True
6x6uZheB1nZMPCfs,0.0,20.0,60.0,30.0,24.5,True
6yURfWu7pp8cajFa,0.0,10.0,60.0,30.0,20.5,True
702F0eMWdRYNu2UV,0.0,20.0,30.0,40.0,22.5,True
705O7VrjXmgilbWN,0.0,20.0,30.0,40.0,22.5,True
71F0nYA4vgfGLo7K,0.0,20.0,30.0,40.0,22.5,True
71uVMT3MrDuQESBn,0.0,20.0,60.0,30.0,24.5,True
72ub9nLjW0T0z7et,0.0,20.0,30.0,40.0,22.5,True
74CasCnRhtU84V45,0.0,20.0,30.0,40.0,22.5,True
74KPONu3OujCeECO,0.0,20.0,30.0,40.0,22.5,True
74Rkylt18v6usAka,0.0,20.0,30.0,60.0,27.5,True
75rzCAeDbMKxhfWc,0.0,20.0,60.0,40.0,27.0,True
75u6pKmwtm0vHRAr,0.0,20.0,30.0,40.0,22.5,True
76DvW4KJYICu2K3l,0.0,20.0,30.0,40.0,22.5,True
76MzbQm7n7slM61X,0.0,10.0,30.0,20.0,13.5,True
77RmdfGBXspipf0q,0.0,20.0,30.0,40.0,22.5,True
77uJzMj3zpuBbcyP,0.0,20.0,70.0,60.0,33.5,True
78OwFiWiJODdTmkj,0.0,20.0,10.0,30.0,17.0,True
78ZIDnWZB1mfqKmS,10.0,20.0,70.0,60.0,35.5,True
79hJ8wURdHId7IEu,30.0,20.0,70.0,40.0,34.5,True
79tMUVyfIdy3GzkG,0.0,20.0,60.0,30.0,24.5,True
7AjOpUt60TfQMKRy,0.0,20.0,30.0,60.0,27.5,True
7AmR54qrrnuZMyOP,0.0,10.0,20.0,10.0,9.5,True
7BLno0YxfO1QuVGI,0.0,20.0,10.0,30.0,17.0,True
7BZjlemlbtSecskN,0.0,20.0,10.0,60.0,24.5,True
7BshOS7Qx9FJcMWD,0.0,20.0,30.0,40.0,22.5,True
7C2xfIU1mdryRMMc,0.0,10.0,10.0,30.0,13.0,True
7D0RFhoTnm830Yrs,0.0,10.0,20.0,30.0,14.5,True
7DV1LRI8XKUDVTNc,0.0,20.0,30.0,40.0,22.5,True
7Ei4U1aODW1oJ3T2,0.0,10.0,10.0,20.0,10.5,True
7FHOPHfsDBf6ZEtj,0.0,20.0,30.0,40.0,22.5,True
7FXj8D7ujaVIGvPT,10.0,20.0,30.0,40.0,24.5,True
7G2Eyw9CxUwwivGA,10.0,20.0,70.0,30.0,28.0,True
7GXQHqiSuL9LwLN1,0.0,20.0,30.0,40.0,22.5,True
7GZ1fPVYD1UorhIJ,0.0,20.0,30.0,40.0,22.5,True
7GgPAzcjY56HX6qO,0.0,20.0,60.0,30.0,24.5,True
7I5YYlA8ok8fHMrZ,0.0,20.0,60.0,40.0,27.0,True
7IoyRTyEqjH3Bas7,0.0,20.0,30.0,40.0,22.5,True
7JSrigNVLppdQ5Ho,0.0,20.0,30.0,40.0,22.5,True
7K2o4HUYrm2RbSRI,0.0,20.0,30.0,40.0,22.5,True
7K3SIt6JQtg5zW7c,0.0,20.0,30.0,40.0,22.5,True
7K7gvzkqfRR6ulIW,0.0,20.0,30.0,40.0,22.5,True
7KvTQKv4ThtZlM9w,0.0,20.0,30.0,40.0,22.5,True
7NDlyxiDUmOwrmvi,0.0,20.0,30.0,60.0,27.5,True
7O9LgsGDVShMlSRM,30.0,20.0,60.0,40.0,33.0,True
7QGb002eI7z5qtIi,0.0,20.0,30.0,40.0,22.5,True
7QUTqAN28hrkTGta,0.0,30.0,70.0,60.0,37.5,True
7QaVlv0iRRxZZOQT,0.0,10.0,60.0,30.0,20.5,True
7RTwDwBDA9ADb6Jb,0.0,20.0,30.0,60.0,27.5,True
7RjZGxVckf448wuU,0.0,20.0,10.0,30.0,17.0,True
7RlGPPe4BI8Kyaay,0.0,10.0,60.0,30.0,20.5,True
7Rq4JzEjlI6IoKat,0.0,20.0,60.0,40.0,27.0,True
7S3dq4Ychd8teqvS,0.0,20.0,60.0,30.0,24.5,True
7S518xIuCrNe9Wfd,0.0,10.0,20.0,30.0,14.5,True
7S9DADWQidhMXVRf,0.0,20.0,10.0,60.0,24.5,True
7SUEVOQOpMAx7kE7,0.0,20.0,60.0,40.0,27.0,True
7U6gZs4HH3ZhwQW1,0.0,20.0,60.0,30.0,24.5,True
7WFFMBAd2uq6G15v,0.0,10.0,60.0,30.0,20.5,True
7WlnAQkE6oodGQKa,80.0,30.0,70.0,60.0,53.5,True
7YTsBM2uqHKNw7iN,0.0,20.0,30.0,40.0,22.5,True
7Z59YexQt4SfHx0H,0.0,20.0,30.0,40.0,22.5,True
7ZHsmcYMGHSoNkRc,0.0,10.0,20.0,10.0,9.5,True
7ZzS1VuuCroe8miX,0.0,20.0,30.0,60.0,27.5,True
7aMEa5aRlAJ5STFW,0.0,20.0,30.0,60.0,27.5,True
7cL8lDtLpRK0cLHf,0.0,20.0,60.0,30.0,24.5,True
7d6Y22onHRFVI4HR,0.0,10.0,20.0,30.0,14.5,True
7dH3VbsZhTRF94uB,70.0,20.0,80.0,60.0,49.0,True
7eGjxzMzeLif8jPT,20.0,30.0,60.0,40.0,35.0,True
7flfT8faBYRondTf,0.0,10.0,20.0,30.0,14.5,True
7gSIGxAVzAKvtfpk,0.0,20.0,30.0,60.0,27.5,True
7gfQ3dsaJoGqpVD2,0.0,20.0,60.0,40.0,27.0,True
7gsNzoZwubfLnxn5,0.0,10.0,60.0,30.0,20.5,True
7h9d18xLf696wVD5,0.0,20.0,70.0,30.0,26.0,True
7hlHU4tL0ZFgHwSK,0.0,20.0,10.0,40.0,19.5,True
7i97uwT7kmw69zgD,0.0,20.0,30.0,60.0,27.5,True
7iEAfPDM0tUJbRir,0.0,10.0,20.0,30.0,14.5,True
7jBbNmf3dyAHtSOo,0.0,10.0,20.0,30.0,14.5,True
7jhrUxHqSgr3QHZt,0.0,10.0,20.0,30.0,14.5,True
7kbhj3OMwnfJ6uab,0.0,10.0,20.0,10.0,9.5,True
7lDBxlJMkIBys2QS,0.0,20.0,30.0,40.0,22.5,True
7nneMYN2EgZhR2xo,0.0,20.0,30.0,60.0,27.5,True
7npGfBUDtkUmpBlM,0.0,20.0,60.0,40.0,27.0,True
7oPYu2dmzIChuOWz,0.0,20.0,10.0,60.0,24.5,True
7odwkFOdqTnyK41l,0.0,10.0,60.0,30.0,20.5,True
7rfsKKlMaYaMSPAz,0.0,10.0,30.0,20.0,13.5,True
7rzBetUtECB7fGPW,0.0,10.0,20.0,30.0,14.5,True
7s4catKMg7vsDPIH,0.0,10.0,10.0,30.0,13.0,True
7sHtBcoTymHoL0zT,10.0,20.0,60.0,40.0,29.0,True
7sajZ21mmHA6IBbG,0.0,20.0,30.0,60.0,27.5,True
7swjLY3My7twTDtr,0.0,20.0,30.0,40.0,22.5,True
7varDbZka3xNRyXG,0.0,20.0,30.0,40.0,22.5,True
7vtijqVMjkspbjoS,0.0,30.0,70.0,60.0,37.5,True
7zIAHPBrAV1tgsE4,10.0,20.0,60.0,30.0,26.5,True
80WGNlTG5Mh5tRn0,20.0,30.0,60.0,40.0,35.0,True
81BwtDeNXl5FP28d,0.0,20.0,60.0,40.0,27.0,True
81vwmkBCNMjr31PO,10.0,30.0,40.0,60.0,35.0,True
82mvtOuzWerUo2hw,10.0,30.0,60.0,40.0,33.0,True
846T0J2zEimR7ned,0.0,20.0,10.0,60.0,24.5,True
84F4pQlOAx0inqOB,20.0,30.0,60.0,40.0,35.0,True
84S5jIc1xLJjBict,0.0,20.0,30.0,40.0,22.5,True
84fnxRVetPHuvVYb,75.0,20.0,60.0,40.0,42.0,True
85QhQi7IOUFfYSv3,0.0,20.0,30.0,40.0,22.5,True
89P7zcSPms2WZGNF,0.0,20.0,80.0,60.0,35.0,True
89UreCyXmYXrTjx2,0.0,10.0,20.0,30.0,14.5,True
8A56WcB2SnYqMslN,0.0,20.0,30.0,60.0,27.5,True
8AEEISYk9SBw6SKy,0.0,20.0,30.0,40.0,22.5,True
8AwC3HmCSePRxg9Y,60.0,30.0,70.0,40.0,44.5,True
8B5kpbZ9mMTeeXgr,0.0,20.0,10.0,30.0,17.0,True
8CcsjqeAUKQGhsj3,20.0,30.0,70.0,60.0,41.5,True
8DWxKDSMxo2hKP0l,0.0,20.0,30.0,60.0,27.5,True
8Fmenf2NXZD5sKph,0.0,20.0,80.0,60.0,35.0,True
8H2ITJSWZhAD6eh0,10.0,20.0,30.0,40.0,24.5,True
8JsU2knnbYaIcxz9,0.0,20.0,30.0,40.0,22.5,True
8K3R5VHfGgPa9cZR,0.0,10.0,20.0,30.0,14.5,True
8KQ39jVUE8wcoWFo,0.0,20.0,30.0,60.0,27.5,True
8L7LqwrQ6ULrVMCj,0.0,20.0,30.0,40.0,22.5,True
8MP11YZ0hPpCfAYu,0.0,30.0,60.0,60.0,36.0,True
8Mqn9A6okDcxAgq9,0.0,20.0,30.0,40.0,22.5,True
8N7HXIxOkShFJMuv,0.0,10.0,20.0,30.0,14.5,True
8NzDIKPDzcK9HEne,0.0,20.0,30.0,40.0,22.5,True
8Q1kahXfPT6yzTL5,0.0,20.0,10.0,30.0,17.0,True
8Q9Up9QE6e6d1Sum,0.0,30.0,60.0,40.0,31.0,True
8Qe2wC27oQOAHvaP,0.0,10.0,30.0,20.0,13.5,True
8R1oEPzwqnMLLrj1,10.0,20.0,30.0,40.0,24.5,True
8RFbyc9FW5fEqIff,0.0,20.0,30.0,60.0,27.5,True
8RljdKCx8vRbzgDX,0.0,20.0,30.0,60.0,27.5,True
8S0r6JGJK7KjgcDw,0.0,20.0,30.0,60.0,27.5,True
8SW0pxCNRQ3EGAQm,0.0,20.0,30.0,60.0,27.5,True
8Sb22Q4tnHMGmVzs,0.0,20.0,10.0,60.0,24.5,True
8UU69ZKin3dZPsuZ,0.0,10.0,20.0,30.0,14.5,True
8UV0VUuaj5D7jF3u,0.0,20.0,30.0,60.0,27.5,True
8Vj3aw5va4nWnadb,0.0,20.0,30.0,40.0,22.5,True
8WRAnp0vSrlaT5vb,0.0,10.0,30.0,20.0,13.5,True
8XFmoijes2YgGXI1,0.0,20.0,60.0,40.0,27.0,True
8XRxNw8tFBfBJWdU,20.0,30.0,60.0,50.0,37.5,True
8Xdu6OYd52h5NI78,0.0,10.0,30.0,30.0,16.0,True
8Z3V3UIIQ06yCH9L,85.0,30.0,70.0,60.0,54.5,True
8ZMhpQyD4Qu8M8g6,0.0,10.0,20.0,30.0,14.5,True
8aRUhR4IWrXPvhsB,0.0,10.0,10.0,20.0,10.5,True
8cCh6gN3sFudQ8Xw,0.0,10.0,30.0,20.0,13.5,True
8eJINnHts88CHgWW,0.0,10.0,10.0,20.0,10.5,True
8fnCME3Eko1AMjYL,0.0,20.0,30.0,60.0,27.5,True
8fqY9qoaO0haZyfr,10.0,20.0,30.0,40.0,24.5,True
8gevk4ykUeJ85fvM,0.0,20.0,30.0,40.0,22.5,True
8hB8wQzaSMtvyxnt,0.0,20.0,30.0,60.0,27.5,True
8iO3WFg3aKsEECvl,0.0,10.0,10.0,20.0,10.5,True
8iVnzNdozl0VJM1e,0.0,20.0,10.0,40.0,19.5,True
8kSuiV2Q5xjZ7d8D,0.0,10.0,30.0,20.0,13.5,True
8kVoRTYvFhuU1ZxJ,0.0,20.0,30.0,40.0,22.5,True
8kn3TLDy8Pzkhxre,60.0,20.0,70.0,40.0,40.5,True
8l8WnrYo0XH6JH9c,0.0,20.0,30.0,40.0,22.5,True
8lGd2LO84KMYDbiq,70.0,30.0,80.0,60.0,53.0,True
8mRK9ax0xbt5tG03,0.0,20.0,30.0,60.0,27.5,True
8mnOUvSE5RObkS5q,10.0,20.0,60.0,40.0,29.0,True
8nyC2jUQfe1uyCWU,0.0,20.0,60.0,30.0,24.5,True
8pVEIOR0y8ktnVd0,20.0,10.0,60.0,30.0,24.5,True
8pX52OJI5t4U3Ave,20.0,30.0,60.0,40.0,35.0,True
8r58IpmqA5YuIy6S,0.0,20.0,60.0,40.0,27.0,True
8rK9vd3ssp23kCg0,0.0,20.0,60.0,40.0,27.0,True
8rdcR8BqtPxsPDvV,0.0,20.0,30.0,40.0,22.5,True
8rgKAkpPXok5BbVP,0.0,10.0,20.0,30.0,14.5,True
8s1oFRDjMsjVQ2Z0,0.0,20.0,30.0,60.0,27.5,True
8tEAUvCYPSashjd4,0.0,10.0,20.0,30.0,14.5,True
8tSzCuX2MesLLQMw,0.0,10.0,70.0,30.0,22.0,True
8uO5nvI30O6tA1qc,0.0,20.0,30.0,40.0,22.5,True
8uwnh2ScFmF5elja,0.0,10.0,70.0,30.0,22.0,True
8vVrwu3hnNXh5K9A,0.0,20.0,10.0,30.0,17.0,True
8w0SwLIwhyciggKQ,0.0,20.0,30.0,60.0,27.5,True
8wN1va4ksj9qPXiA,0.0,10.0,60.0,30.0,20.5,True
8whDhLDjVvelPn36,0.0,20.0,60.0,30.0,24.5,True
8xe3LmE4HqLvne1l,0.0,20.0,60.0,30.0,24.5,True
8y3NAp935k0u7KUu,0.0,20.0,10.0,30.0,17.0,True
8zPd20EvRCHNUY1U,0.0,10.0,20.0,30.0,14.5,True
90PHXq5Yks2nSVSh,0.0,10.0,10.0,30.0,13.0,True
90V8Dr7OIZN2X6B7,0.0,20.0,30.0,40.0,22.5,True
91YboKqXO5x31xGT,0.0,20.0,30.0,40.0,22.5,True
922fyKWVOj0piRFm,0.0,20.0,10.0,60.0,24.5,True
92J6T9Y27xbF66Sg,0.0,20.0,10.0,60.0,24.5,True
92Yvo835PZ6a3XKx,0.0,20.0,70.0,40.0,28.5,True
92dvXjaOx6U5ovmX,0.0,10.0,20.0,30.0,14.5,True
93EADwftMCwmtfeu,0.0,10.0,20.0,30.0,14.5,True
94cFv3adbzN2X5NR,10.0,20.0,70.0,40.0,30.5,True
94t3dQgGikUWEkad,0.0,20.0,30.0,40.0,22.5,True
95JcLlqkGF7v4Dif,0.0,20.0,30.0,60.0,27.5,True
95g5q6tMtlKBR4uZ,0.0,20.0,10.0,30.0,17.0,True
963XlsHLeavPxEKK,0.0,60.0,80.0,70.0,53.5,True
964P0mmTC7ge8INv,0.0,20.0,10.0,60.0,24.5,True
96an7m9VhVWE6pSM,0.0,20.0,10.0,60.0,24.5,True
96h1x8Ngbod0aigu,0.0,10.0,10.0,20.0,10.5,True
97N4C4A2ICG22rYN,0.0,10.0,20.0,30.0,14.5,True
97V447T3ePCnrtDL,0.0,10.0,20.0,30.0,14.5,True
97oKGKOJUAIUh24H,0.0,20.0,30.0,40.0,22.5,True
98elRyfqNSOYMnQz,0.0,20.0,70.0,40.0,28.5,True
98xFqctb8XxkVQSF,60.0,30.0,70.0,50.0,47.0,True
99oICXJ4dVXY58Tu,0.0,20.0,30.0,40.0,22.5,True
9AiXepI7aZu6LweN,0.0,20.0,60.0,40.0,27.0,True
9BKOdStw5jHMZIBa,0.0,20.0,30.0,40.0,22.5,True
9Bb67GcVWLcgcf6s,0.0,20.0,30.0,40.0,22.5,True
9CAkl2biUpQq8VSV,0.0,10.0,20.0,30.0,14.5,True
9CsOlh5i9maNWqaD,0.0,20.0,10.0,60.0,24.5,True
9CvovHkThbE7kJHR,0.0,20.0,10.0,60.0,24.5,True
9E7C4vszxJAhEkJQ,0.0,30.0,60.0,40.0,31.0,True
9EHaxoInmUIx7zLm,0.0,0.0,0.0,0.0,0.0,True
9EM1zZgBwoEF3XDR,10.0,20.0,60.0,40.0,29.0,True
9EkaqCzEBy6yTcIi,0.0,20.0,30.0,40.0,22.5,True
9Gf8JfyQEf5FCQgh,30.0,40.0,70.0,60.0,47.5,True
9GpGG5k6a6TeuhrL,0.0,20.0,70.0,30.0,26.0,True
9IqARB5GNJQUuMo0,0.0,20.0,30.0,40.0,22.5,True
9JvRXcUlofW9i70R,0.0,20.0,30.0,30.0,20.0,True
9JxJwUvVlbeaR7hO,0.0,20.0,80.0,60.0,35.0,True
9K6NnVA4k9gUBZuQ,0.0,20.0,30.0,40.0,22.5,True
9LOWWZHYaqkxw9t5,0.0,10.0,10.0,30.0,13.0,True
9MzXubOrYCFowJ8y,0.0,20.0,30.0,40.0,22.5,True
9NeEfZ4Zydpm1VZR,0.0,10.0,60.0,30.0,20.5,True
9OjtR469Y3UPx98a,0.0,20.0,10.0,60.0,24.5,True
9OntCydRRH038Iln,10.0,30.0,60.0,40.0,33.0,True
9Qm9OusTY8YfwMZF,0.0,20.0,30.0,40.0,22.5,True
9QqpCXY8tJQW63PU,0.0,10.0,70.0,30.0,22.0,True
9QrhAFJFZRTiuWWX,0.0,20.0,30.0,60.0,27.5,True
9RY5eiLjfpuggQ4O,0.0,20.0,60.0,40.0,27.0,True
9Sx5ZRhI3p2Cya69,0.0,10.0,20.0,30.0,14.5,True
9T8MhQPkE7dyvMor,0.0,10.0,10.0,20.0,10.5,True
9V044ZsNKfuoC0cp,0.0,10.0,20.0,30.0,14.5,True
9VDKtidUEWjRRiRo,0.0,20.0,30.0,40.0,22.5,True
9Vg8WnOnqQfkplJe,0.0,10.0,10.0,20.0,10.5,True
9Vlswu1Fe6gXylZS,0.0,20.0,60.0,40.0,27.0,True
9W3yiUxodnd4ir2e,0.0,20.0,70.0,40.0,28.5,True
9WYpEyDAJEsbq3jb,0.0,10.0,10.0,20.0,10.5,True
9WnZHqY88T78Cgvz,0.0,20.0,30.0,40.0,22.5,True
9Wvgfygw2wMqZcUD,0.0,20.0,30.0,40.0,22.5,True
9X8C7jkXPHLi70aY,0.0,20.0,30.0,40.0,22.5,True
9XAfWiN6tYpLGxiN,0.0,20.0,30.0,40.0,22.5,True
9XuqchsLQ2RpJR82,20.0,30.0,70.0,60.0,41.5,True
9YRu9JdaVqmN3X33,0.0,20.0,30.0,40.0,22.5,True
9YeE14A7D64MKo7u,0.0,10.0,30.0,20.0,13.5,True
9Yyul1VsgVuFoeQG,0.0,10.0,60.0,30.0,20.5,True
9aJ8BZf7KNn8eqTx,0.0,10.0,10.0,20.0,10.5,True
9aQEBvblq4ekRW2a,0.0,10.0,20.0,30.0,14.5,True
9acI3ilidwpiVkcI,0.0,20.0,80.0,60.0,35.0,True
9ae8JUPDyXS3Mk1C,0.0,30.0,70.0,60.0,37.5,True
9axRDdXlpVSE2EZU,0.0,20.0,60.0,40.0,27.0,True
9bVFZcBcbFr8yg1r,0.0,20.0,30.0,40.0,22.5,True
9buXSXJAKvaEmlgU,0.0,20.0,30.0,40.0,22.5,True
9cCJ5RJR4SAKGV13,0.0,10.0,20.0,30.0,14.5,True
9ciG9Lv3g32CgH6D,0.0,20.0,10.0,60.0,24.5,True
9d3AQIGYHQyCQTYs,0.0,20.0,60.0,40.0,27.0,True
9dj4ZPfPQFC4seDq,0.0,20.0,30.0,40.0,22.5,True
9e3BFMnceq6Ifgza,0.0,20.0,10.0,60.0,24.5,True
9edWAijE0kWZ8pzY,0.0,10.0,20.0,20.0,12.0,True
9eddjquHX2THRWBr,70.0,30.0,85.0,60.0,53.75,True
9fDe1m4cWp8TFbND,0.0,10.0,30.0,20.0,13.5,True
9fUvdTrpraXfalzP,0.0,20.0,70.0,40.0,28.5,True
9gNrL91w3G7nlxeM,10.0,20.0,60.0,40.0,29.0,True
9hPjXosn6qrdT3DS,0.0,20.0,60.0,30.0,24.5,True
9kN8xcJzIF4Zrsfi,0.0,20.0,70.0,30.0,26.0,True
9kaj4aq28JFf4b1o,30.0,60.0,70.0,50.0,53.0,True
9kgdxnPmBV4xerAP,0.0,20.0,30.0,40.0,22.5,True
9l5hSlqsDQ7eOD7r,0.0,20.0,10.0,30.0,17.0,True
9mkgAzx0X5zK4gcV,10.0,20.0,60.0,40.0,29.0,True
9mx4CCCsfQtLcxEf,0.0,10.0,70.0,30.0,22.0,True
9n2oPoRnrPAGb3X9,0.0,10.0,20.0,10.0,9.5,True
9n5GW4HdhgeZncPw,0.0,20.0,60.0,40.0,27.0,True
9nTzbpXAGbGPvJQG,0.0,10.0,60.0,30.0,20.5,True
9nePCK8XoeYQnPt0,0.0,10.0,30.0,40.0,18.5,True
9npg5bIGzkpd0BUX,0.0,20.0,30.0,30.0,20.0,True
9nt1exN6uL51CEvT,0.0,20.0,30.0,40.0,22.5,True
9ogyciTiCO7tppdn,0.0,10.0,20.0,30.0,14.5,True
9pOWNLFWVE6YpI0Q,10.0,20.0,60.0,40.0,29.0,True
9pYK25InuJ8trAhF,0.0,10.0,30.0,20.0,13.5,True
9pnLwddsFM41PREs,0.0,10.0,10.0,30.0,13.0,True
9t0beBn8iNuEnWFG,0.0,20.0,30.0,40.0,22.5,True
9t5wgtLwgrL2SPwu,10.0,20.0,70.0,60.0,35.5,True
9uFuM4Im0ZPm97MM,0.0,20.0,30.0,40.0,22.5,True
9uQhwSzTiX4E1Z3F,0.0,20.0,10.0,60.0,24.5,True
9vGFVwoDexBXsgu4,20.0,30.0,70.0,60.0,41.5,True
9wEO2JnAdL8fr5NJ,0.0,20.0,10.0,30.0,17.0,True
9wdssHO7eGmXOlWg,20.0,30.0,40.0,60.0,37.0,True
9wh2Tp11XvIV5Di2,0.0,10.0,20.0,30.0,14.5,True
9xS5ZIMO6fgXpQQw,0.0,20.0,30.0,60.0,27.5,True
9xkgaHv6Hm9ODxwR,0.0,20.0,30.0,40.0,22.5,True
9yQmtSy5gOSwFf4O,0.0,20.0,30.0,60.0,27.5,True
9ysnosQHeDdxHaku,0.0,20.0,30.0,40.0,22.5,True
9yvlFSFx7ZHrZfUB,0.0,20.0,30.0,60.0,27.5,True
9zGmuWzUwiSRgvA5,0.0,10.0,20.0,30.0,14.5,True
A0FOd3p5MonyC2RF,20.0,30.0,60.0,40.0,35.0,True
A0iS8DqvzBMJoRNO,0.0,10.0,20.0,30.0,14.5,True
A11dEB3izsnTHT8w,0.0,10.0,10.0,20.0,10.5,True
A1QQdem0WGjUrflC,0.0,10.0,30.0,20.0,13.5,True
A2cUe9f6WNWGFW9u,0.0,20.0,30.0,60.0,27.5,True
A2lpTywdszc8jA6P,0.0,20.0,80.0,60.0,35.0,True
A3HYU3omvwSCaZFC,0.0,20.0,30.0,40.0,22.5,True
A43EdJbvVHVwJjrR,0.0,20.0,40.0,30.0,21.5,True
A4PZcbhOWnBx4Shd,0.0,10.0,20.0,30.0,14.5,True
A5DaidVD9OeXwmDJ,0.0,20.0,30.0,40.0,22.5,True
A5t0jyeaE7anmxc8,0.0,20.0,10.0,30.0,17.0,True
A6LEZKRClNyXwNb3,0.0,20.0,10.0,60.0,24.5,True
A6kS9NSmmP9Drhw7,20.0,30.0,60.0,40.0,35.0,True
A7BZNIbYOlXDBR4t,20.0,30.0,60.0,40.0,35.0,True
A7McwOcQLyvzWJIW,0.0,10.0,30.0,20.0,13.5,True
A7VpyqAOavK4xuhS,20.0,30.0,70.0,60.0,41.5,True
A7edNqhc2VeCWxMO,0.0,20.0,10.0,30.0,17.0,True
A8BmAGbwnFmHd1JX,70.0,30.0,80.0,60.0,53.0,True
A8rvFQ7H8zuuWWw4,0.0,20.0,30.0,40.0,22.5,True
A9BGBZ47Ix0I1Vrn,20.0,30.0,60.0,40.0,35.0,True
A9JDzttIQWBFztKC,0.0,20.0,10.0,40.0,19.5,True
A9iQeJvm6P9Q3eTg,10.0,20.0,60.0,40.0,29.0,True
A9wZxXfRRUbivazB,0.0,10.0,10.0,20.0,10.5,True
AAUCVW2HAez5oYoW,0.0,20.0,60.0,30.0,24.5,True
ADmpCqyg1i2fQu1E,0.0,20.0,30.0,60.0,27.5,True
AEDnvMju3TuU3wzi,0.0,20.0,10.0,30.0,17.0,True
AEIelHGQpCNOoMPI,0.0,10.0,60.0,30.0,20.5,True
AEbv8xhtpF4F79zL,0.0,20.0,30.0,60.0,27.5,True
AG4l1kGDKuTzetXf,0.0,10.0,60.0,30.0,20.5,True
AGJSI3PRJAWec7WH,0.0,20.0,30.0,60.0,27.5,True
AHMUYSRoLYC56DPc,0.0,20.0,30.0,40.0,22.5,True
AHUUMoprxadqgNxf,0.0,30.0,60.0,20.0,26.0,True
AJxszlffy8CaOdAk,20.0,30.0,60.0,40.0,35.0,True
ALAqbhdftzbf4NRm,75.0,20.0,80.0,60.0,50.0,True
ALHUjp89XlcCkOt0,10.0,20.0,70.0,40.0,30.5,True
ALw5QuRFFUauhJA3,0.0,30.0,60.0,40.0,31.0,True
AMEjNzwvy0hMlDBF,0.0,20.0,30.0,60.0,27.5,True
AMQB9QlyeAJq0wvk,0.0,20.0,10.0,60.0,24.5,True
AMiKyBlFOIS6P7lJ,0.0,20.0,60.0,40.0,27.0,True
AN58NPhn9jW23OLp,0.0,20.0,30.0,40.0,22.5,True
ANK6BSVoIFYrsE4F,30.0,20.0,70.0,40.0,34.5,True
AOYNDeh15FMIbOGK,0.0,20.0,60.0,40.0,27.0,True
APJMGJUc4FCwE3O7,0.0,20.0,60.0,40.0,27.0,True
APmOaxyMvP9PWA6l,0.0,10.0,60.0,30.0,20.5,True
AQLKHu7qnQTupqzi,0.0,20.0,30.0,40.0,22.5,True
ARpa56AcabjYx10H,0.0,20.0,10.0,60.0,24.5,True
ATZy7w7SYz8j2ire,0.0,20.0,30.0,60.0,27.5,True
ATePrG4XYYSk9SqP,0.0,10.0,60.0,30.0,20.5,True
AUTGNr3KuqkF0AV4,0.0,20.0,60.0,30.0,24.5,True
AUbjIBx6U1nJn1KP,0.0,10.0,20.0,20.0,12.0,True
AV1UUCv6WF5q3vhX,0.0,20.0,30.0,60.0,27.5,True
AVgRduqh3DYfucbY,10.0,30.0,70.0,60.0,39.5,True
AW4Bcv5coTpCr6BL,0.0,20.0,30.0,40.0,22.5,True
AXCBzpV4r41ZiVaI,0.0,20.0,30.0,40.0,22.5,True
AYjbsqpNC6pxLRPD,0.0,20.0,30.0,40.0,22.5,True
AZq2KE7nCHcupr2j,0.0,20.0,70.0,40.0,28.5,True
AbaV1IM6jgVLYzm1,0.0,20.0,30.0,40.0,22.5,True
AcK3oVjbqJ7LLUAs,0.0,10.0,20.0,30.0,14.5,True
AcuVET6ZyyQY0PjF,0.0,20.0,30.0,60.0,27.5,True
Ad19jEzMXmZ4S3rY,0.0,10.0,60.0,30.0,20.5,True
AenHyvr2SLB7zdk6,0.0,20.0,60.0,40.0,27.0,True
Afo16hD8hP1jF7Ts,0.0,20.0,10.0,60.0,24.5,True
AfrULMQWdY4R207N,20.0,30.0,70.0,60.0,41.5,True
AfyziagAuw5uUCRG,0.0,10.0,20.0,30.0,14.5,True
Ah36eonLvAmliq6x,10.0,20.0,80.0,60.0,37.0,True
Ah7PQ8QJULt7Tn5E,0.0,20.0,30.0,40.0,22.5,True
Ahet7zqqyTPf9gL2,0.0,20.0,30.0,40.0,22.5,True
Ahic8ctFhgp4IiyD,0.0,20.0,30.0,40.0,22.5,True
AiMUEU7nKQ0IPX4H,0.0,20.0,30.0,40.0,22.5,True
AkJJOESrS25phQ8j,0.0,20.0,30.0,40.0,22.5,True
AlJDTKW6iml1ysJF,0.0,20.0,30.0,40.0,22.5,True
AljEeatSmmSgIDvg,0.0,20.0,30.0,40.0,22.5,True
AlxU3viwDAfwbTT6,0.0,20.0,60.0,40.0,27.0,True
AmmDahr6dP0c7WOS,0.0,20.0,30.0,40.0,22.5,True
AnBi72G3gqOqRrDh,0.0,10.0,20.0,30.0,14.5,True
AnQSwh6VT76gbMAF,0.0,10.0,30.0,20.0,13.5,True
AoMMqNv6MsamJKwu,0.0,10.0,10.0,30.0,13.0,True
Aoii3sHP85gvuq83,0.0,20.0,30.0,60.0,27.5,True
AoupA6Uur0eKxhGR,0.0,20.0,60.0,40.0,27.0,True
AqyPFKMEclrzjNMR,0.0,20.0,30.0,60.0,27.5,True
ArnWGhwBhsRRLFHQ,0.0,10.0,20.0,30.0,14.5,True
At9rSOKh69umYjUh,0.0,20.0,30.0,40.0,22.5,True
AtCiuSrSoSKV3lsv,0.0,20.0,60.0,40.0,27.0,True
AtTdPWkSx7s40lBc,10.0,20.0,70.0,40.0,30.5,True
AtYZFxDSYcvf1W8j,0.0,10.0,10.0,20.0,10.5,True
AtgrEYxopz2LSxks,0.0,20.0,60.0,40.0,27.0,True
Atk87owDbasfkNgX,0.0,20.0,10.0,30.0,17.0,True
AuEDDX3dBfj5NGGM,0.0,20.0,30.0,40.0,22.5,True
AudVzGHOUGxDTBXc,0.0,10.0,60.0,30.0,20.5,True
AvDjGKYDjkyRKnsG,0.0,20.0,60.0,30.0,24.5,True
AxPtnzjEgIPCt519,0.0,20.0,30.0,40.0,22.5,True
Axlz4y814Kob8b7J,0.0,20.0,30.0,40.0,22.5,True
AzGee4nn9NEm7BCb,0.0,20.0,30.0,40.0,22.5,True
AzdQ1Y6mb7KIdw8f,0.0,20.0,60.0,30.0,24.5,True
B0E9J5TbJ5iyUrKn,0.0,20.0,10.0,60.0,24.5,True
B1dcrNbk7frssf8Z,0.0,10.0,10.0,20.0,10.5,True
B3LF272aHYwAW2Cu,20.0,30.0,70.0,50.0,39.0,True
B3UyggEWDRj1Mrka,30.0,20.0,60.0,40.0,33.0,True
B46VPHzOQXczPDot,0.0,10.0,20.0,30.0,14.5,True
B4oK8r9BHsxGnTgZ,0.0,30.0,70.0,60.0,37.5,True
B58v1KtVMfQW2IAI,0.0,20.0,60.0,30.0,24.5,True
B5GGvBIUtR81BF6A,0.0,20.0,30.0,40.0,22.5,True
B5KC2V5tJ1WS4yLF,85.0,20.0,75.0,60.0,51.25,True
B5rJe4fcve8XkKOU,0.0,20.0,80.0,60.0,35.0,True
B6XjP7K6kueJI8Uh,0.0,10.0,10.0,20.0,10.5,True
B8SjIneOUrOSPmTx,0.0,20.0,10.0,60.0,24.5,True
B91D6rYSd5HRKgkR,0.0,20.0,70.0,30.0,26.0,True
BAd9u3XLGAYWCICr,0.0,20.0,10.0,30.0,17.0,True
BAu316eOn2Ar0sPk,0.0,20.0,30.0,40.0,22.5,True
BBAbVSVkTadaw7mV,0.0,20.0,30.0,40.0,22.5,True
BBCgqIvo7oQmXhFW,10.0,20.0,80.0,60.0,37.0,True
BC5OYCU8sPAjVaix,0.0,20.0,30.0,60.0,27.5,True
BCKdGWE6U6bPhHEk,0.0,20.0,60.0,30.0,24.5,True
BCZc0CEybtXiN6Um,0.0,10.0,30.0,20.0,13.5,True
BDbcMdaQq4pywOvf,0.0,20.0,30.0,60.0,27.5,True
BEmuQt3NatCL0WI8,20.0,30.0,60.0,40.0,35.0,True
BEqypcdb6M01LGrR,0.0,20.0,30.0,40.0,22.5,True
BGlpNQVxVxqmSrqI,0.0,20.0,60.0,30.0,24.5,True
BGvdCrxgdPyU7Bms,0.0,20.0,30.0,40.0,22.5,True
BH8T470otO2f8tAX,0.0,10.0,10.0,30.0,13.0,True
BHew23WKtXD5SqXD,0.0,20.0,30.0,40.0,22.5,True
BIEQFgv3AZKl8jUa,0.0,10.0,10.0,20.0,10.5,True
BIJxs2YuQvpX3ORz,0.0,20.0,60.0,40.0,27.0,True
BInQlEimJy17x1Aj,0.0,20.0,60.0,60.0,32.0,True
BJFM3na03XmajYGv,0.0,10.0,10.0,20.0,10.5,True
BJNdu54JXecIRb8h,0.0,20.0,30.0,40.0,22.5,True
BKxNrRzWnAJYJElx,0.0,20.0,30.0,60.0,27.5,True
BLvb21REZlvMlwcg,10.0,20.0,70.0,60.0,35.5,True
BOJEICPYOmlWesKM,0.0,20.0,30.0,40.0,22.5,True
BOUXj6iFCDDnn8eA,0.0,20.0,30.0,60.0,27.5,True
BPYvK2g5H6con53S,0.0,20.0,30.0,60.0,27.5,True
BPfTganEeiLoHRCa,0.0,10.0,20.0,30.0,14.5,True
BRCNrKXYym4RIpa2,0.0,20.0,30.0,40.0,22.5,True
BRVeiQGOK4HLNUoa,0.0,20.0,10.0,30.0,17.0,True
BRlGVmrAmmZtRHIM,0.0,10.0,20.0,30.0,14.5,True
BSIVwpVQ86048HRM,0.0,20.0,10.0,60.0,24.5,True
BSW4uJhCPNgQxUEJ,0.0,10.0,20.0,10.0,9.5,True
BSeyiWakHVhkmC3h,0.0,20.0,30.0,40.0,22.5,True
BTbk77u5yXroUqQE,0.0,20.0,30.0,40.0,22.5,True
BU7IrN4RM2C3UZC0,0.0,20.0,30.0,40.0,22.5,True
BUe23HdIqp5HH4ey,0.0,20.0,60.0,40.0,27.0,True
BUtsMqdXwRZIevgM,20.0,30.0,70.0,60.0,41.5,True
BUwcz5Ky6OhRUXv6,0.0,10.0,60.0,30.0,20.5,True
BY7CP8pVWx0mJqQi,0.0,20.0,30.0,60.0,27.5,True
BYNv4cLpTwuxwSCc,0.0,20.0,30.0,30.0,20.0,True
BYjohYs0QvMBJQSG,0.0,10.0,20.0,30.0,14.5,True
BZDBBS8zWdSNfLhM,0.0,20.0,70.0,40.0,28.5,True
BZsYTf8BnHivfgE2,0.0,20.0,60.0,40.0,27.0,True
BaFLJnpQsdGmU0Zm,0.0,20.0,70.0,40.0,28.5,True
BaYTvwbHPbPcv16d,0.0,20.0,70.0,60.0,33.5,True
BayKI3G7iytIBi9V,0.0,10.0,30.0,20.0,13.5,True
BbGqHhGYPCzkaLN7,0.0,20.0,30.0,40.0,22.5,True
Bc9G3ZuYIFsKvOeV,0.0,20.0,30.0,40.0,22.5,True
BcbfnoGMbJmTPSIA,0.0,20.0,10.0,60.0,24.5,True
BcyzZDMXNHAsLeix,0.0,10.0,10.0,20.0,10.5,True
BdQlRbOM6mfoE6JI,60.0,20.0,70.0,40.0,40.5,True
BdpTOWKA3SebIrY8,0.0,20.0,80.0,30.0,27.5,True
BfeqoxfMcUy7zNPH,0.0,10.0,20.0,30.0,14.5,True
BfxO9sCQpfPv3y0y,0.0,20.0,30.0,60.0,27.5,True
Bg9paZID0m86aI6K,0.0,20.0,30.0,40.0,22.5,True
BjpHAKRYlklfN3yN,0.0,20.0,30.0,40.0,22.5,True
BkMkklk8H2omHUYf,0.0,20.0,60.0,40.0,27.0,True
BlRLQyfXNsZpTefr,0.0,10.0,10.0,20.0,10.5,True
BlnVS9GQLMsLK6hN,0.0,20.0,30.0,40.0,22.5,True
BnqtRsnOMqzGXMyV,0.0,20.0,30.0,60.0,27.5,True
BnzAM1HpE1wxOPxP,0.0,20.0,60.0,30.0,24.5,True
BpxlqhpP8bjTlZ7H,30.0,20.0,60.0,40.0,33.0,True
BqjxsMCIdyroEfN1,20.0,30.0,70.0,60.0,41.5,True
BrJqikL2qavDT7jc,0.0,20.0,10.0,30.0,17.0,True
BuM3VCVtq1WkwjyQ,0.0,20.0,30.0,40.0,22.5,True
BuYiprPfpJMMUMsX,0.0,20.0,30.0,60.0,27.5,True
BuakYrLhzYpacLYS,0.0,20.0,30.0,40.0,22.5,True
BvTl2Xitz2NzHZv8,0.0,20.0,70.0,30.0,26.0,True
Bwd3l6Rrj5nXHKmw,0.0,10.0,60.0,30.0,20.5,True
Bwm4qZqlcdsjfRGB,0.0,10.0,20.0,30.0,14.5,True
ByMsGK8ModbxgLOS,0.0,20.0,30.0,40.0,22.5,True
Byz3qEzcJwiaGQV7,0.0,20.0,30.0,40.0,22.5,True
BzslBC3Y4o34xeZj,0.0,20.0,30.0,40.0,22.5,True
C0BJGnJUYzHLYHjw,20.0,30.0,60.0,40.0,35.0,True
C1o6OTTPxWLIVMmX,0.0,20.0,30.0,60.0,27.5,True
C2rgepkuUE8ULE88,0.0,20.0,30.0,40.0,22.5,True
C3A7RlNAwd2EZsR3,0.0,10.0,20.0,30.0,14.5,True
C3DmIUVlStm8Gjer,0.0,20.0,60.0,30.0,24.5,True
C3NGmXzmerBkRt83,0.0,20.0,30.0,60.0,27.5,True
C3zJah0kAMBkv9c2,0.0,10.0,60.0,30.0,20.5,True
C4SFhbOMZpTktJaJ,0.0,20.0,30.0,60.0,27.5,True
C5akFGsEmttD1KYm,0.0,20.0,60.0,30.0,24.5,True
C6FEuYkk6wKjbAf4,0.0,20.0,10.0,30.0,17.0,True
C8yDxvuQziUHnpnT,0.0,20.0,30.0,40.0,22.5,True
C94Hlq6Rw4vzLA8r,0.0,20.0,60.0,70.0,34.5,True
C9K4ImPGDT7fQpvw,0.0,20.0,30.0,30.0,20.0,True
CAx2gZonvl1KsMxE,0.0,20.0,60.0,30.0,24.5,True
CDtrEoWxOnwXjtC3,0.0,20.0,10.0,60.0,24.5,True
CEbvnVInnIHWqJEN,0.0,20.0,30.0,60.0,27.5,True
CF89W3oPEuK6tMmZ,0.0,20.0,30.0,60.0,27.5,True
CFkGXDeu7yxMBQNx,0.0,20.0,30.0,40.0,22.5,True
CFw27iS4gpxTmc5X,0.0,20.0,30.0,40.0,22.5,True
CGbZE5Gjmv7EU3Ht,0.0,20.0,30.0,60.0,27.5,True
CGrFUgbWEpGZlm9l,0.0,20.0,60.0,30.0,24.5,True
CHQRfhjzzSLgV75k,0.0,20.0,30.0,40.0,22.5,True
CHi1Ds6hTT62hC4B,0.0,20.0,30.0,40.0,22.5,True
CJPd5wE3TjeRwe9U,0.0,20.0,30.0,60.0,27.5,True
CK3BXkVrtvlCG2s8,10.0,30.0,60.0,40.0,33.0,True
CKB6GJz8mOQfk59Y,10.0,20.0,60.0,40.0,29.0,True
CMmUgt3PtqPMrZYZ,0.0,20.0,70.0,40.0,28.5,True
CMpx3N7NQR8vPJtn,0.0,10.0,20.0,30.0,14.5,True
COF7FrxK3lxs4Thi,0.0,10.0,20.0,30.0,14.5,True
COiiH1kbcQw36u3E,0.0,20.0,30.0,60.0,27.5,True
CRh0AyMJVsgA6y9g,0.0,20.0,30.0,60.0,27.5,True
CRsjVZSijMs2yqOo,0.0,20.0,30.0,60.0,27.5,True
CRvdkgQZHH4wlfg7,10.0,20.0,70.0,30.0,28.0,True
CSjP6sAfQduefc71,0.0,20.0,10.0,60.0,24.5,True
CT24XlGj00CbNc7I,0.0,20.0,30.0,60.0,27.5,True
CUAk4AF4ywIyg1EY,0.0,20.0,30.0,60.0,27.5,True
CV4viruPYWcHYAP0,0.0,20.0,10.0,60.0,24.5,True
CVR2Vu4i90he5kCV,0.0,20.0,30.0,10.0,15.0,True
CVbXn1tXg153s78C,20.0,30.0,70.0,60.0,41.5,True
CVmicmbULpFyeYIP,0.0,20.0,30.0,40.0,22.5,True
CWGyJXyzMrnlakKn,10.0,30.0,40.0,60.0,35.0,True
CWX4uIjzHiUPNxdI,0.0,20.0,30.0,40.0,22.5,True
CZZoOwkZAoxMxfEZ,10.0,20.0,60.0,30.0,26.5,True
CZaeT06qk4B29Qib,0.0,20.0,10.0,60.0,24.5,True
CaQD4WWgjFGFXMAp,0.0,20.0,70.0,30.0,26.0,True
CaYVhNs8WwmRNS6g,0.0,20.0,30.0,40.0,22.5,True
Can6yHzdv70dzpcz,0.0,20.0,30.0,40.0,22.5,True
CanJxdpyZcvNukNG,0.0,20.0,30.0,40.0,22.5,True
Cb3Ce1pMHsJkjJ9u,0.0,20.0,10.0,60.0,24.5,True
CblDL5T5m4DfquSP,0.0,20.0,30.0,60.0,27.5,True
CcLxUif6suVAlmiY,0.0,10.0,20.0,30.0,14.5,True
CdOIRQzW6e3h0Ffn,0.0,30.0,60.0,40.0,31.0,True
CduRh5IjwfP6hYb8,0.0,20.0,70.0,40.0,28.5,True
CfMMap4JrNOJ00nd,0.0,20.0,30.0,40.0,22.5,True
CfUGhlXL85SIizAu,0.0,20.0,30.0,40.0,22.5,True
ChtGx4491s5eJoNw,0.0,20.0,30.0,40.0,22.5,True
CiMBCj2drfJBkNme,0.0,10.0,60.0,30.0,20.5,True
CiTAYq2kOZBejUh6,0.0,10.0,30.0,20.0,13.5,True
CigSIYxYJKn1wG8q,0.0,20.0,70.0,30.0,26.0,True
CjV4y2NWybIWrn4R,0.0,20.0,30.0,40.0,22.5,True
CjqMSdmi9iprEFes,0.0,20.0,30.0,40.0,22.5,True
CjuUcIPtu0UVlt7b,0.0,20.0,60.0,40.0,27.0,True
CkVloXN4ZVhEWyeN,0.0,20.0,80.0,60.0,35.0,True
CkqnGcDbeOSRVDyv,0.0,20.0,30.0,60.0,27.5,True
ClcLRzhcZlWmDlBt,0.0,10.0,10.0,20.0,10.5,True
Clt9zeMgR0MX0yuF,0.0,20.0,10.0,30.0,17.0,True
Cnq5UY0iyZ1XvI2E,0.0,20.0,60.0,30.0,24.5,True
Cnvnmk4EciGX0LMz,10.0,30.0,70.0,60.0,39.5,True
CoGoL6Rv6M21TQDi,0.0,20.0,10.0,60.0,24.5,True
CoUUBxj5EfFlDl03,0.0,20.0,30.0,40.0,22.5,True
CpWDKNQyvbF2ulFn,0.0,20.0,30.0,40.0,22.5,True
Cq6Gl8Soa3X8cKTC,0.0,20.0,60.0,30.0,24.5,True
CqDTg3xidpufOKfK,0.0,10.0,20.0,30.0,14.5,True
CqIayzgeS658l5AY,0.0,10.0,20.0,30.0,14.5,True
Cqslcuqd79Ox5f56,85.0,30.0,75.0,60.0,55.25,True
CrpQuvnD9Mvb6SiP,0.0,20.0,30.0,40.0,22.5,True
CtDq2hfkZRt0TSMc,0.0,20.0,30.0,40.0,22.5,True
CtyaslLp7D9gEUJ6,0.0,10.0,20.0,30.0,14.5,True
CuCtPVsBSutTqIjh,20.0,30.0,70.0,60.0,41.5,True
Cw8GtsPT0zAZ7pY2,0.0,10.0,20.0,30.0,14.5,True
CwVZExFtWFuIVmoL,0.0,10.0,10.0,20.0,10.5,True
CwfudMPmLHoY7Xrm,0.0,10.0,20.0,30.0,14.5,True
CxQFISa58rg84b8S,0.0,20.0,30.0,30.0,20.0,True
CxcwMgF8Vp9SXKpb,0.0,20.0,30.0,40.0,22.5,True
CzrQs1cv7GouuT5a,0.0,10.0,60.0,30.0,20.5,True
D1dAPJP1aj3B0LQm,0.0,20.0,30.0,40.0,22.5,True
D28BpdL7EDoLP0GU,0.0,20.0,40.0,30.0,21.5,True
D2Otui6F7SeX7MnB,0.0,20.0,30.0,40.0,22.5,True
D2d30FsScZO7oMjw,0.0,20.0,10.0,40.0,19.5,True
D3I7rJCi8SIlLMDO,0.0,20.0,30.0,60.0,27.5,True
D3UuOLWU6rXF7Mf1,85.0,30.0,75.0,60.0,55.25,True
D4NdO18uVJ0pdqEa,0.0,10.0,60.0,30.0,20.5,True
D5XSEvJceRvI0r7B,0.0,10.0,20.0,30.0,14.5,True
D5sRIkeC8wLtO9BS,0.0,20.0,10.0,30.0,17.0,True
D6VOiydlgneQGSbB,10.0,20.0,60.0,40.0,29.0,True
D7Mhgjsq5lfeF2x6,0.0,20.0,10.0,60.0,24.5,True
D7jUel63z88qRu8s,0.0,20.0,60.0,40.0,27.0,True
D7zlLklBBBCG1SGa,0.0,20.0,30.0,40.0,22.5,True
D96jItjzHdYMiGYj,0.0,20.0,30.0,40.0,22.5,True
DA0BjbsDhKyaLtcP,0.0,10.0,20.0,30.0,14.5,True
DAixK7a17B1ka1cp,0.0,20.0,30.0,40.0,22.5,True
DCWI3Rk4cvG63OjM,0.0,20.0,30.0,40.0,22.5,True
DD4bSMia6ChfZw1k,0.0,10.0,20.0,30.0,14.5,True
DD6YIXesvysCUs1p,0.0,20.0,30.0,60.0,27.5,True
DFlEV3PWIZgcxbN5,0.0,20.0,30.0,60.0,27.5,True
DIgJOd9EDN96TZrN,0.0,20.0,60.0,40.0,27.0,True
DKOOliqFzP47JBCc,0.0,20.0,60.0,30.0,24.5,True
DM6NmIPMu7Ktx45J,0.0,20.0,70.0,60.0,33.5,True
DMkCJDyC8I0kpzaO,20.0,30.0,70.0,60.0,41.5,True
DMqXRRRRo0oWFN21,0.0,20.0,30.0,40.0,22.5,True
DNm9Sli1fLeWqpNT,0.0,10.0,20.0,30.0,14.5,True
DPEGR3Rb92xvQ6Ni,0.0,20.0,60.0,40.0,27.0,True
DPsYv0RW59CVFE6s,0.0,30.0,70.0,60.0,37.5,True
DQWJl4bOTH3lKFnQ,0.0,20.0,30.0,60.0,27.5,True
DRrNfG3VubxS4I49,0.0,20.0,70.0,60.0,33.5,True
DS6LQ5sw9FvKvNKx,0.0,10.0,30.0,20.0,13.5,True
DT8hpS05OChwmqkD,0.0,20.0,80.0,60.0,35.0,True
DX6jCOyJkMCWug7r,0.0,10.0,10.0,20.0,10.5,True
DXUacbe6LQd947cC,20.0,30.0,60.0,40.0,35.0,True
DY1VIAVi8Malugvm,75.0,20.0,60.0,40.0,42.0,True
DZmrW3qZ3vHPbQeN,20.0,30.0,70.0,50.0,39.0,True
DbjyqbBiZYBayCsT,0.0,20.0,70.0,30.0,26.0,True
DcNLdUmhCYjgO4eY,20.0,10.0,60.0,30.0,24.5,True
DcZFPjycVkDuEUGM,85.0,20.0,75.0,60.0,51.25,True
DdPdFWMBX77PVnnS,60.0,30.0,80.0,70.0,53.5,True
DdeGnixORSYzyV3e,0.0,20.0,70.0,40.0,28.5,True
Df05Zk1Auy9wy26S,0.0,20.0,60.0,30.0,24.5,True
Df4U8pt1RP853mVW,0.0,10.0,20.0,30.0,14.5,True
DgI4YduYOemEhCfE,0.0,20.0,30.0,40.0,22.5,True
DgpBJt9XgaemjQGY,0.0,20.0,30.0,60.0,27.5,True
Dh6qcbVPqLpIX8Je,10.0,20.0,30.0,40.0,24.5,True
DhHiFWxTsJUcfuFh,0.0,10.0,20.0,30.0,14.5,True
DhMVyAAB8eaiuVz6,0.0,20.0,30.0,60.0,27.5,True
DhleKLK9m2SP3MYf,0.0,60.0,70.0,50.0,47.0,True
Di5Y120oFRllvWLn,0.0,10.0,20.0,30.0,14.5,True
DmBEKU1M4df04aiP,0.0,10.0,20.0,10.0,9.5,True
DnNQujp3jIx9xwJb,0.0,20.0,30.0,40.0,22.5,True
Do9613kZhc4ERTHH,0.0,20.0,30.0,40.0,22.5,True
DoCgLHZTPOxW7RRh,0.0,10.0,20.0,30.0,14.5,True
DoDxvmRTqqMV7bih,0.0,20.0,30.0,60.0,27.5,True
Dqt2gc3V5RJqmLE5,20.0,30.0,70.0,60.0,41.5,True
Dr31M63JkeHjCs0q,10.0,20.0,30.0,40.0,24.5,True
DrK1dDNCFLBe9kbJ,0.0,10.0,10.0,30.0,13.0,True
DrXnvg6YsMiG0Ami,0.0,20.0,60.0,30.0,24.5,True
Dryhlp9QfMSQacjs,0.0,20.0,80.0,60.0,35.0,True
DsvZ7m0DhsCp91jc,0.0,10.0,20.0,30.0,14.5,True
DuhMyELYl4KAbvHB,10.0,30.0,80.0,60.0,41.0,True
DwtPoCmS3r1E9yrk,0.0,10.0,10.0,20.0,10.5,True
DxCYNbmkma07JHId,0.0,20.0,30.0,40.0,22.5,True
Dxd4MRxqBvRsX0bI,0.0,20.0,30.0,60.0,27.5,True
DyDYB4NNgvP8RYbD,0.0,20.0,10.0,30.0,17.0,True
Dyt9UuHRdIsmfYNA,0.0,20.0,80.0,60.0,35.0,True
DzEdkxt9ygAGq6sr,0.0,20.0,60.0,40.0,27.0,True
E12gV2pyWpvLfWQZ,0.0,60.0,80.0,70.0,53.5,True
E1ZA3zeU4p6II2Bv,70.0,30.0,80.0,60.0,53.0,True
E1wABUuaPveIUGB8,0.0,20.0,30.0,40.0,22.5,True
E2GxFys3BmMepJY9,0.0,10.0,20.0,30.0,14.5,True
E2PaFExaUJJ6X5tK,0.0,20.0,60.0,30.0,24.5,True
E2wmO30KzCnDNqIC,0.0,20.0,30.0,60.0,27.5,True
E3Hve79LWyfaAO6r,0.0,20.0,30.0,60.0,27.5,True
E4lyNbnRlAPOwugo,0.0,20.0,60.0,60.0,32.0,True
E6pN7TkoUI3vPjci,0.0,10.0,20.0,30.0,14.5,True
E7Pg7oPRsPBV4YpO,20.0,30.0,60.0,40.0,35.0,True
E8AKQyIb5POysx2T,0.0,20.0,30.0,40.0,22.5,True
E8IcGwz3RXlDhSHD,0.0,10.0,20.0,30.0,14.5,True
E8hw9Y6DA60PTYVz,0.0,20.0,30.0,60.0,27.5,True
E99qKJJ450VvOQuH,0.0,10.0,10.0,30.0,13.0,True
EAH78GYbkMrS9isc,0.0,20.0,30.0,60.0,27.5,True
EASNjYXyJK56LqCo,0.0,10.0,60.0,30.0,20.5,True
EAueXWMeYEOc6SJ2,0.0,20.0,10.0,60.0,24.5,True
EBYdY0NQbMmFg6As,0.0,10.0,20.0,30.0,14.5,True
EBz2UXZYeIoay9S0,0.0,20.0,30.0,60.0,27.5,True
EC06U91KV2mZpop1,0.0,30.0,70.0,60.0,37.5,True
ECJo1rCf9VaAlQIo,0.0,10.0,20.0,30.0,14.5,True
EEx7wKwCYpV6WYus,0.0,10.0,30.0,20.0,13.5,True
EFmywgHIrXMhNI0A,0.0,20.0,60.0,30.0,24.5,True
EFxKnxYJBen1XtfF,0.0,10.0,20.0,30.0,14.5,True
EG5bhQ7Il9brYnp1,0.0,20.0,10.0,30.0,17.0,True
EGV4gzx5BaHH9d4R,0.0,20.0,60.0,30.0,24.5,True
EHBoK6f9thISpuLc,0.0,30.0,60.0,40.0,31.0,True
EHkQzt3GEhocddlv,0.0,60.0,70.0,50.0,47.0,True
EHyu9lD6IvIwRX3U,0.0,20.0,30.0,60.0,27.5,True
EIugZ0MoUwTSPJ0o,0.0,10.0,10.0,30.0,13.0,True
EJdMU1iWEarxip2G,0.0,20.0,30.0,40.0,22.5,True
EMMr9Uqpm1hFIkCo,0.0,20.0,30.0,40.0,22.5,True
EMV9gMy14NZQdM3e,20.0,30.0,70.0,60.0,41.5,True
EO27lyMGATma5YfS,0.0,20.0,70.0,30.0,26.0,True
EOJR7CbyO0EOBnvp,0.0,20.0,10.0,60.0,24.5,True
EQHCwqh7JfwBnjzG,0.0,20.0,30.0,40.0,22.5,True
EQUdngFutoHbXl4C,0.0,10.0,20.0,30.0,14.5,True
EQibNiweKich2JjJ,0.0,10.0,20.0,30.0,14.5,True
ERaEE8rxTrsEUS9Y,0.0,20.0,30.0,40.0,22.5,True
ESSDMSv2LK9vNtAv,0.0,10.0,20.0,30.0,14.5,True
ESihEQoTsaT6ltiP,0.0,10.0,10.0,20.0,10.5,True
ESinjOrHCAp8lNSc,0.0,20.0,30.0,40.0,22.5,True
EWp9oeq7xryUVSfx,0.0,20.0,30.0,40.0,22.5,True
EZAP4ZkhiSUd82kg,0.0,20.0,30.0,60.0,27.5,True
EZAmggQBwBAD3UdR,0.0,20.0,30.0,40.0,22.5,True
EZZYGdgGK3gwBREm,0.0,20.0,30.0,60.0,27.5,True
EZnmQEEEnglyJOOI,0.0,20.0,30.0,60.0,27.5,True
Eb1qyuyIKyLG5E7b,0.0,10.0,10.0,30.0,13.0,True
EbTlwNNBg9hZsnu5,0.0,20.0,30.0,60.0,27.5,True
EcUKaAQQEBgIpXDy,0.0,10.0,20.0,30.0,14.5,True
EcguequVLKjbg3zB,0.0,20.0,30.0,40.0,22.5,True
Ecq99AlkzRH1gDZf,0.0,10.0,20.0,30.0,14.5,True
EcxuqKeZl7OQexfB,0.0,10.0,20.0,20.0,12.0,True
Ed3OLL8NeE4mGh3R,0.0,20.0,10.0,60.0,24.5,True
Edih44tQyeVyN1VW,20.0,30.0,60.0,50.0,37.5,True
EfSiVMeHrlSOPxeU,60.0,20.0,70.0,40.0,40.5,True
EfkPD3PS7A8mVOJ7,0.0,20.0,30.0,60.0,27.5,True
EgRt7NnKRjukmXzY,0.0,20.0,30.0,60.0,27.5,True
EgWN17YT5B7hRLLO,0.0,20.0,30.0,60.0,27.5,True
Eghoc1ylfWSZepBN,0.0,20.0,30.0,60.0,27.5,True
Eh21dBzhzMdoB23D,0.0,20.0,60.0,30.0,24.5,True
EhXbwiKGRCFaCPsw,0.0,10.0,10.0,20.0,10.5,True
EiydESkX1Xa8grIN,0.0,20.0,30.0,40.0,22.5,True
Ej4kqc5u7U7xZ05p,0.0,10.0,60.0,30.0,20.5,True
EjBHn3N8xcXDVSbw,20.0,30.0,70.0,40.0,36.5,True
EjlbJPOEf3k8WhHL,0.0,20.0,30.0,30.0,20.0,True
EkRIZETw3zQFKJhQ,0.0,10.0,10.0,30.0,13.0,True
EmgbnkOsfE2htYzE,0.0,20.0,30.0,40.0,22.5,True
EmuCWqijn9nSjj8k,0.0,10.0,20.0,30.0,14.5,True
EnSU1hjHkeOgYelz,0.0,20.0,60.0,40.0,27.0,True
EnUTikV903RGpAaR,0.0,20.0,30.0,40.0,22.5,True
EoC5ibXpPFyo8JGP,0.0,20.0,30.0,40.0,22.5,True
EoHQ7byDN8KyDQoy,0.0,20.0,30.0,60.0,27.5,True
Ep7XOjODFkBXrIPI,0.0,20.0,10.0,30.0,17.0,True
EptOJOXudVpa0Ul3,10.0,30.0,80.0,60.0,41.0,True
EqcXS5pEGrSRiT49,0.0,20.0,30.0,40.0,22.5,True
EssFfWBpNjUGlprX,0.0,10.0,20.0,30.0,14.5,True
EssQg9LFxQrzySZg,0.0,20.0,30.0,60.0,27.5,True
EtMvsxaHLQRjdpG0,0.0,20.0,30.0,40.0,22.5,True
Eu1lFwsPlTGT6Q3m,10.0,30.0,60.0,40.0,33.0,True
Eul9z9usVSOF9KYp,0.0,20.0,10.0,30.0,17.0,True
EuneR10nT6yJxMmg,0.0,20.0,30.0,40.0,22.5,True
Ev7vcuBkqs10IfIV,80.0,30.0,70.0,60.0,53.5,True
EvpaaQf6h1KQFj8f,0.0,20.0,10.0,60.0,24.5,True
EvsGkfrxTWAxOQpj,0.0,20.0,30.0,40.0,22.5,True
ExXxCyDlMNehTvsL,0.0,10.0,10.0,20.0,10.5,True
Exy6jl792cJZ6TVP,0.0,20.0,30.0,40.0,22.5,True
F04TJpsiXPaAqmmQ,0.0,20.0,30.0,40.0,22.5,True
F11cuBXGia2Kji23,0.0,20.0,10.0,60.0,24.5,True
F155sXZoMZwoOmNq,0.0,10.0,20.0,30.0,14.5,True
F1fisvUwngkS135M,0.0,10.0,20.0,30.0,14.5,True
F2FIZaM4FpnLQEDA,0.0,20.0,30.0,40.0,22.5,True
F3A5l57g0TlTmzZc,0.0,10.0,10.0,20.0,10.5,True
F3keWFupvrdGoJPy,0.0,10.0,20.0,30.0,14.5,True
F3tXMXZsBStvOrPd,0.0,20.0,70.0,30.0,26.0,True
F48i2GDrmZhvkUDP,0.0,10.0,20.0,30.0,14.5,True
F4RHudZS46CH3P3B,0.0,20.0,60.0,40.0,27.0,True
F5QqfPIylx4yxlCc,0.0,20.0,30.0,40.0,22.5,True
F6JPT9bRoDJLXhQj,0.0,20.0,10.0,30.0,17.0,True
F7Ff2FSbmcwAGC6d,0.0,20.0,30.0,40.0,22.5,True
F8DYDDp2AvW9Dytw,10.0,20.0,60.0,30.0,26.5,True
FAEf3t1KKRIBpjJL,0.0,10.0,20.0,30.0,14.5,True
FBSkhm8rAWfzrRye,30.0,20.0,60.0,40.0,33.0,True
FBY4HvubFGNy1CMn,0.0,20.0,30.0,40.0,22.5,True
FBafS13DwW9hTVI4,0.0,20.0,80.0,60.0,35.0,True
FCRsomVkB0HZYmfL,0.0,10.0,20.0,30.0,14.5,True
FCbXuoztr99Zp0q9,20.0,30.0,60.0,40.0,35.0,True
FDZTQmdY5EK7aKNe,20.0,30.0,70.0,60.0,41.5,True
FDefJQpT8CiE0r1k,0.0,20.0,30.0,60.0,27.5,True
FDsTfQViFsyMlYeg,0.0,10.0,20.0,30.0,14.5,True
FDwWTjwT3PDjoe0y,0.0,10.0,20.0,30.0,14.5,True
FDyW22kvuankOw1a,0.0,20.0,30.0,40.0,22.5,True
FEDa5UEwbgmKPRNn,0.0,20.0,60.0,30.0,24.5,True
FEVA71vTB460g0kS,0.0,20.0,10.0,60.0,24.5,True
FEz35iQHIZ9nA7pB,0.0,10.0,10.0,20.0,10.5,True
FFKBizRmG6YLy41w,0.0,30.0,60.0,40.0,31.0,True
FGqBCNFdUaJPUobP,0.0,10.0,60.0,30.0,20.5,True
FGqIvZ3IIb8WcB46,0.0,10.0,20.0,30.0,14.5,True
FHG7GCU4ywBS6NN1,10.0,20.0,30.0,40.0,24.5,True
FHXdHOGWUA6TTWBW,0.0,10.0,20.0,30.0,14.5,True
FKOPnbAgZILi4d5a,0.0,20.0,70.0,40.0,28.5,True
FL4pUG4QHK1r3MfZ,0.0,20.0,60.0,40.0,27.0,True
FMEaIydt5PpDWE6w,0.0,20.0,60.0,30.0,24.5,True
FMYpONJZafXR4kk7,20.0,10.0,60.0,30.0,24.5,True
FOtNoBz2R7ouETXU,0.0,20.0,10.0,60.0,24.5,True
FPk3HElE5yaQ8evo,0.0,20.0,10.0,60.0,24.5,True
FQJmZRFAvKe4v5n6,0.0,20.0,60.0,30.0,24.5,True
FRIAx9BfMq4iv7wP,0.0,20.0,30.0,40.0,22.5,True
FRfkhhJBd1PeIf5h,0.0,10.0,10.0,20.0,10.5,True
FSKowlCvAxiSTbIp,70.0,30.0,60.0,40.0,45.0,True
FSdjngDqO59ciHVe,0.0,20.0,60.0,40.0,27.0,True
FT6Ce5fuMjeirNOL,0.0,10.0,10.0,20.0,10.5,True
FTCPos0CDsLACHVs,0.0,60.0,70.0,40.0,44.5,True
FTDi9TG3HhSnDEcV,0.0,20.0,30.0,40.0,22.5,True
FU6KMOCDjjkjSBt3,0.0,10.0,60.0,30.0,20.5,True
FUKD24ixh3HsSPdD,0.0,20.0,30.0,40.0,22.5,True
FUO0E7y7dkKS7MeX,0.0,20.0,30.0,60.0,27.5,True
FUQEsJR1UFDadEJJ,0.0,20.0,30.0,40.0,22.5,True
FWAXypQCUOknKU1w,0.0,20.0,30.0,40.0,22.5,True
FWOuOEGP3JjXSYEm,0.0,20.0,60.0,30.0,24.5,True
FWiyneKLYWwV5Py5,0.0,20.0,30.0,40.0,22.5,True
FaZXVwKpNADcg50S,85.0,20.0,70.0,60.0,50.5,True
FbnhJavmQZ3XmMzk,0.0,20.0,30.0,60.0,27.5,True
Fbs5fvY9uFI8OgpO,0.0,20.0,60.0,40.0,27.0,True
FdDiiIInrXf9noZw,0.0,20.0,30.0,40.0,22.5,True
Fdt7T4Se6Efa2PnS,0.0,20.0,30.0,40.0,22.5,True
FdwaNDvtwgaw4Ulz,0.0,20.0,30.0,60.0,27.5,True
Fe9mdOj8niflLJ1Y,0.0,20.0,30.0,40.0,22.5,True
FeLiTY30QJJMiWc3,10.0,20.0,30.0,40.0,24.5,True
FfiGe2YrqiNrr2qa,0.0,10.0,20.0,30.0,14.5,True
FfnztA46TmvfV7tu,0.0,20.0,60.0,40.0,27.0,True
FhDr4mbP9BZJ9JhY,0.0,10.0,20.0,30.0,14.5,True
Fi52OHIUuYFtqJ2K,0.0,10.0,20.0,30.0,14.5,True
FkpT2I6BeTwLxkHT,20.0,30.0,60.0,40.0,35.0,True
FnOZlU12Aa09LBGv,0.0,10.0,20.0,30.0,14.5,True
FpfJWaSUA8niwspP,0.0,20.0,30.0,40.0,22.5,True
Fqf3irUQh9wZfVYo,0.0,20.0,30.0,40.0,22.5,True
FqhTkuo9eQmEQNu2,0.0,20.0,30.0,40.0,22.5,True
FqnUnttigcAxe3cZ,0.0,20.0,40.0,30.0,21.5,True
FrXIHB1GMLzM3aHX,0.0,20.0,60.0,40.0,27.0,True
FrkKWbzQPMwjlko2,0.0,20.0,30.0,60.0,27.5,True
Fru1svJKiK2FYv5R,0.0,20.0,10.0,60.0,24.5,True
FsT9ydZvj0Tn2U7Z,0.0,20.0,10.0,30.0,17.0,True
Fu5kdPpStqCBvcrV,0.0,10.0,30.0,20.0,13.5,True
FuN7WNHVO4cRgYef,0.0,20.0,30.0,60.0,27.5,True
Fv1ocC4AJ3g55alZ,0.0,10.0,10.0,30.0,13.0,True
Fv5y4eN1BVg2DyxO,10.0,20.0,60.0,40.0,29.0,True
FvcrsYHZbzPpOlqr,20.0,30.0,70.0,60.0,41.5,True
FvmjiTF3RN7N21FS,0.0,20.0,70.0,60.0,33.5,True
Fwg9lqEBraadyHCv,0.0,20.0,30.0,60.0,27.5,True
Fypu9Ug43sGDqL2E,0.0,20.0,60.0,40.0,27.0,True
FzxDIA0BfcSPdcb4,10.0,20.0,60.0,30.0,26.5,True
G0JY1qL5SUuMe2ly,10.0,30.0,70.0,60.0,39.5,True
G0mct83aOEEU5VUx,0.0,10.0,10.0,20.0,10.5,True
G1cw9x5B7stZeLKV,0.0,20.0,60.0,40.0,27.0,True
G27BsuyuWl9jc08V,0.0,20.0,30.0,40.0,22.5,True
G2uCGWo7RFvAQZJe,0.0,20.0,10.0,30.0,17.0,True
G3iB7r2iLw39gGvl,0.0,20.0,30.0,60.0,27.5,True
G4eFqSu5iDoY6wOm,0.0,20.0,30.0,40.0,22.5,True
G4hbQz79mWiYA3CW,80.0,30.0,70.0,60.0,53.5,True
G60ly3eQ50XebPmu,0.0,20.0,30.0,40.0,22.5,True
G6SmCstI4K5kmWN4,20.0,30.0,80.0,60.0,43.0,True
G7WoVUJi8mFdQVIr,0.0,20.0,60.0,30.0,24.5,True
G8Lbj4koER0KdcT0,0.0,10.0,20.0,30.0,14.5,True
G8d6QxzjT2Bxyxas,0.0,20.0,30.0,40.0,22.5,True
GAg3RfvBZ4R1YXWk,20.0,10.0,60.0,30.0,24.5,True
GB16JC5kV3ECqWp1,0.0,10.0,10.0,30.0,13.0,True
GBJ0CywolBMaKF2U,0.0,10.0,10.0,30.0,13.0,True
GBtoxJZpbLFuomSy,0.0,20.0,60.0,40.0,27.0,True
GBuYg6OqB1AZdYYg,0.0,20.0,80.0,30.0,27.5,True
GD1NmcK7jRxl2nMd,0.0,10.0,60.0,30.0,20.5,True
GDAdNAC8oCkxcdKp,0.0,20.0,60.0,30.0,24.5,True
GDHnebmgqZZwW6yr,0.0,20.0,30.0,40.0,22.5,True
GDeNTNsjvd3QvKiQ,10.0,30.0,60.0,40.0,33.0,True
GEFkleWBRtg73CvO,0.0,10.0,20.0,30.0,14.5,True
GEitygznamZYXspH,0.0,20.0,60.0,40.0,27.0,True
GEondblFO0ypTiZD,0.0,30.0,70.0,60.0,37.5,True
GFJbP9EWpEzQORZE,20.0,30.0,60.0,40.0,35.0,True
GFTUj76mYVZJ0w2H,0.0,10.0,30.0,20.0,13.5,True
GG9HzzxNtIeSIjDl,0.0,10.0,10.0,20.0,10.5,True
GGwWCJCH6lY4H82a,20.0,30.0,70.0,60.0,41.5,True
GJsLVh4T2uVbGKiP,0.0,10.0,10.0,20.0,10.5,True
GN5yRY49nn0EA5Vf,0.0,20.0,30.0,60.0,27.5,True
GNRUSgrv2q7IfZeJ,0.0,10.0,60.0,30.0,20.5,True
GNSWseeItON6g9oP,0.0,20.0,30.0,60.0,27.5,True
GNlm2LOOjohizcrm,0.0,20.0,30.0,40.0,22.5,True
GO49cIVF8M8RNgVN,0.0,20.0,30.0,60.0,27.5,True
GP88oBquqOJCxWNC,20.0,30.0,70.0,60.0,41.5,True
GPaHryMH0WFniKYD,30.0,20.0,60.0,40.0,33.0,True
GQcMz6lRsraAnbYA,0.0,20.0,30.0,40.0,22.5,True
GTjQijyKVrd6UOxT,0.0,20.0,30.0,60.0,27.5,True
GTrA1EEpDJjym6MG,0.0,20.0,30.0,40.0,22.5,True
GVLnO1lH62DXnj7Y,20.0,30.0,70.0,60.0,41.5,True
GVMRRw5P3xChphZO,0.0,10.0,60.0,30.0,20.5,True
GViYjblidreaAs5K,10.0,20.0,70.0,40.0,30.5,True
GVoC0QJfKhKcFsN2,0.0,20.0,30.0,60.0,27.5,True
GWHz0OHVXA1ZvySQ,0.0,20.0,30.0,40.0,22.5,True
GWq728X2oFCfrZbm,0.0,10.0,0.0,30.0,11.5,True
GYeOAWWpHPsKpWVA,0.0,20.0,30.0,40.0,22.5,True
GZwQPAMCD4etmRnS,0.0,20.0,30.0,40.0,22.5,True
GZz5q3NK5n2mQLCr,20.0,30.0,70.0,40.0,36.5,True
GaXcrfDTithUvvp8,0.0,20.0,30.0,40.0,22.5,True
GbgzzrI0akpBiId3,30.0,40.0,70.0,60.0,47.5,True
GbhVQDlYl1zcfA4T,0.0,20.0,10.0,30.0,17.0,True
Gfj5aLLxRPDyuClG,0.0,20.0,30.0,40.0,22.5,True
Gg5opb7EorvpO51R,0.0,10.0,20.0,30.0,14.5,True
GgFMoSscz2vQkSEZ,0.0,20.0,10.0,60.0,24.5,True
Gh9CnJ3UB9Ig6ywl,0.0,10.0,30.0,20.0,13.5,True
GhEQNrYfwYfwlyZm,0.0,20.0,30.0,40.0,22.5,True
GhoijlwDxbqeikAz,0.0,20.0,60.0,40.0,27.0,True
GjqXnDwNzHVzIRBl,0.0,20.0,60.0,40.0,27.0,True
GjteTqbIfCciHqBe,0.0,20.0,60.0,30.0,24.5,True
Gk4RVw5UbHuvLlvY,0.0,10.0,30.0,20.0,13.5,True
Gk4aEhw7tJfJuhoo,10.0,20.0,60.0,40.0,29.0,True
Gk6JNu4U4YradfFH,0.0,10.0,20.0,30.0,14.5,True
GkGgCLrFEKwa26Zc,0.0,20.0,10.0,60.0,24.5,True
Gl5sZCEmnT41Ke1i,10.0,20.0,60.0,30.0,26.5,True
GmFC4yErKMBfWBZx,0.0,20.0,30.0,60.0,27.5,True
GmJt9luZoy6Z6O2t,0.0,20.0,30.0,40.0,22.5,True
GmLW0M416cgx4aXQ,0.0,20.0,60.0,40.0,27.0,True
Gn503tm7wISRQxNL,60.0,30.0,70.0,40.0,44.5,True
Go5yxAEaDOgLOSaw,0.0,20.0,70.0,30.0,26.0,True
GoNsIWYStkjAPBmf,0.0,20.0,60.0,40.0,27.0,True
GoUonzsWECa1qgoT,0.0,20.0,10.0,30.0,17.0,True
GpdWKDxZtlUXt36F,0.0,20.0,30.0,40.0,22.5,True
GpnbzEPCQnb0zESY,0.0,20.0,10.0,30.0,17.0,True
GprQFnIiU74KKEpY,0.0,10.0,10.0,20.0,10.5,True
GpybFUz8xWITgCoK,0.0,20.0,30.0,40.0,22.5,True
GsOTGXABSzfOIINj,0.0,20.0,30.0,40.0,22.5,True
GvOh4O9I6ZW0Xzlz,0.0,20.0,30.0,40.0,22.5,True
GwhdWP8hCtKVaDvp,0.0,20.0,30.0,40.0,22.5,True
GxgYU1FzKRywT0Kx,20.0,10.0,60.0,30.0,24.5,True
GziX2H4Kblm41m1d,0.0,20.0,30.0,40.0,22.5,True
H19wBvWYnpXETEEY,0.0,20.0,10.0,30.0,17.0,True
H2hsfWkrC5Gj1Bf8,0.0,20.0,30.0,60.0,27.5,True
H4klGVFJaF6mNdc6,0.0,10.0,60.0,30.0,20.5,True
H4rKYUX1mFJpdBnN,0.0,20.0,10.0,30.0,17.0,True
H66Ktb4aKQtyv2W3,70.0,30.0,80.0,60.0,53.0,True
H6MlB7cGEGI4lZ6J,0.0,10.0,20.0,30.0,14.5,True
H7apSyvEOSFqUs0M,0.0,20.0,10.0,40.0,19.5,True
H7hBCkmIzBvQAc7z,0.0,20.0,70.0,40.0,28.5,True
H7nLSXKRFVK1ITr1,0.0,20.0,30.0,40.0,22.5,True
H857L596Lv4Ck1MI,0.0,20.0,30.0,40.0,22.5,True
H9erbIk6Il8sW1zt,20.0,30.0,70.0,60.0,41.5,True
H9jmm42cKDbfMZLI,20.0,10.0,60.0,30.0,24.5,True
HA1JbHZGpvHTVx5w,30.0,20.0,70.0,40.0,34.5,True
HAeGBRWQSOHV9mWa,0.0,60.0,70.0,50.0,47.0,True
HBVE8TrgzoFXficz,0.0,10.0,20.0,30.0,14.5,True
HCtCrb3CmNEjKOAg,0.0,20.0,60.0,30.0,24.5,True
HEJ0WPahQwCp5PN6,0.0,20.0,30.0,60.0,27.5,True
HEbMU8OlL2vgARkJ,20.0,30.0,70.0,60.0,41.5,True
HFFQvkSPmNLNB11m,0.0,20.0,30.0,40.0,22.5,True
HFIc7CiaQib525o7,75.0,25.0,80.0,60.0,52.0,True
HGUACxe3JvWF5gfB,0.0,20.0,30.0,40.0,22.5,True
HHNyyLNTFjF92S7o,0.0,10.0,10.0,20.0,10.5,True
HHdZIxIoS8HkxkgR,0.0,10.0,10.0,30.0,13.0,True
HIj2uiUAP18MK9dT,0.0,20.0,70.0,40.0,28.5,True
HNaxXJWmBAJmsJjy,0.0,20.0,30.0,40.0,22.5,True
HOB6EEZcBBFiSfMU,0.0,10.0,60.0,30.0,20.5,True
HP2oj8KXGCyZSJfP,60.0,30.0,70.0,40.0,44.5,True
HPq1KE5sLNCNMduk,0.0,20.0,30.0,40.0,22.5,True
HPvWOlCY08BG2lbK,0.0,20.0,60.0,30.0,24.5,True
HQ0PKoKTo53SPwcr,0.0,20.0,60.0,40.0,27.0,True
HQ9Yj6u1ZqOHdvSD,0.0,10.0,60.0,30.0,20.5,True
HR2juRvjapl87R3U,0.0,20.0,60.0,30.0,24.5,True
HSFHB8bewdGTWOZo,0.0,20.0,70.0,30.0,26.0,True
HSoPMtZD1yr8UAVR,0.0,20.0,60.0,40.0,27.0,True
HTQfHh6gZ9MNrlJh,0.0,20.0,60.0,40.0,27.0,True
HU6V46tBJK4gx5SO,0.0,30.0,60.0,40.0,31.0,True
HUV2Ush1Y2DhwLtS,0.0,20.0,60.0,40.0,27.0,True
HWLoLuYn7bKAKZcA,0.0,10.0,20.0,30.0,14.5,True
HXKmWxKBFOLZlZ84,30.0,20.0,60.0,40.0,33.0,True
HXQ2351MEhrRHUOb,0.0,20.0,10.0,30.0,17.0,True
HYRx8bCjXaTZH8ef,0.0,20.0,30.0,40.0,22.5,True
HYZAZH2isRdweAyw,0.0,10.0,10.0,30.0,13.0,True
HZUrL4Jfh9HQt3ZB,0.0,20.0,30.0,40.0,22.5,True
HaNZMnCexgNoe7C1,0.0,10.0,30.0,20.0,13.5,True
HcXwlH2nZMX4c23v,85.0,30.0,75.0,60.0,55.25,True
HfOYQS2TRfhUooYE,10.0,20.0,60.0,30.0,26.5,True
HggUoIymmHQpKO8l,0.0,20.0,30.0,60.0,27.5,True
Hgh822JOgta8v6fS,0.0,20.0,30.0,40.0,22.5,True
HhA9GETIUwfH0Rw7,0.0,20.0,30.0,40.0,22.5,True
HhqEOtmx4d3QnhpO,0.0,20.0,30.0,40.0,22.5,True
HicggXrQ3b0yZwkS,0.0,20.0,30.0,40.0,22.5,True
HjJV9Fio5RO2jtOt,0.0,20.0,30.0,60.0,27.5,True
HjhxtxtsFbYjjYLA,0.0,20.0,30.0,60.0,27.5,True
Hm3L8CPAOjdUxoOr,0.0,20.0,30.0,60.0,27.5,True
HnSnNdgKUOHfEUSM,0.0,20.0,30.0,40.0,22.5,True
HnZzJDtDEU2FqaDb,0.0,20.0,30.0,40.0,22.5,True
HnyADvkxtUuX8KMf,0.0,20.0,30.0,60.0,27.5,True
HoNnFFE5iVXCVhxq,20.0,30.0,70.0,60.0,41.5,True
HoaT5mQrRj40OrmD,0.0,20.0,10.0,60.0,24.5,True
Hpbi7Ib2eb5tgNs6,0.0,20.0,30.0,40.0,22.5,True
HqF4fpMhXZuv1LVy,0.0,20.0,30.0,60.0,27.5,True
HqOtrddjUF0qXGMq,10.0,20.0,70.0,40.0,30.5,True
Hqb4MdJdRxgka9Ha,0.0,20.0,30.0,40.0,22.5,True
HqirFgAsKeLhym8R,10.0,20.0,60.0,40.0,29.0,True
Hrp7PnLhs5fLTJhW,30.0,20.0,60.0,40.0,33.0,True
HsbgVBOEDYzLjSS3,10.0,20.0,60.0,40.0,29.0,True
HthoIQphlDBcFIXp,0.0,20.0,60.0,30.0,24.5,True
HuHf4M1n9k8O1rTj,0.0,20.0,30.0,40.0,22.5,True
HuV1H1NtMy4eClgx,0.0,20.0,30.0,60.0,27.5,True
HuVNG1r8qr4cJJQK,0.0,20.0,60.0,30.0,24.5,True
HudZ7iU6IrFELJWk,10.0,20.0,60.0,30.0,26.5,True
HuvFXfZYDtMQcZxH,0.0,10.0,20.0,30.0,14.5,True
HvLmggaMTeLY1m5K,0.0,20.0,30.0,40.0,22.5,True
HvrcCadJqWfvKTf8,10.0,20.0,60.0,40.0,29.0,True
HwQ8QbZvAxOgpou4,0.0,20.0,30.0,40.0,22.5,True
HynOjJeaR6QFQVWa,20.0,30.0,60.0,40.0,35.0,True
Hzw03wFYE4MaG4iC,0.0,20.0,30.0,40.0,22.5,True
I1af7W2pkAFEn3z5,0.0,20.0,10.0,30.0,17.0,True
I1vWDPlR6gyLPAAA,0.0,20.0,30.0,40.0,22.5,True
I2X2hstEsqnaVOKz,0.0,10.0,10.0,30.0,13.0,True
I3PH4MroJmchtJQx,0.0,30.0,60.0,40.0,31.0,True
I3fk5Kh0yowPdtXK,0.0,20.0,30.0,40.0,22.5,True
I4xHG6r1kq608E9Z,0.0,20.0,30.0,60.0,27.5,True
I5K4sdW2zizQaDZW,0.0,20.0,30.0,40.0,22.5,True
I61wKPcFqjMrftjQ,0.0,10.0,20.0,30.0,14.5,True
I7fDan256kRgfMka,0.0,20.0,30.0,40.0,22.5,True
I8LB7Medjt2hKG10,20.0,30.0,60.0,40.0,35.0,True
I8qUb66NZYXfekjv,0.0,10.0,20.0,30.0,14.5,True
IBcVBCmLJoTq5t7I,0.0,20.0,30.0,40.0,22.5,True
ICzejSWKCAFyjh8O,0.0,20.0,60.0,40.0,27.0,True
IDAdn1Ay5XL8Sb24,0.0,20.0,10.0,30.0,17.0,True
IFTKtE0bxvRhALtY,0.0,20.0,30.0,40.0,22.5,True
IFoUOxihLMHby8Hq,0.0,20.0,60.0,40.0,27.0,True
IH5QQwbfUPz4XYOk,0.0,20.0,60.0,30.0,24.5,True
IHNOeqOr7r3sMGou,0.0,10.0,30.0,20.0,13.5,True
IHqrQwinzqL6qeg5,0.0,20.0,60.0,30.0,24.5,True
IIFtuTS0GCfUQidO,0.0,20.0,10.0,30.0,17.0,True
IK6Sj3pSSenjqBwM,0.0,10.0,30.0,20.0,13.5,True
IKcZa3Up0dediCls,0.0,20.0,10.0,30.0,17.0,True
IMAXPyAav6pslHfy,0.0,20.0,30.0,60.0,27.5,True
IMJvEoKbI5o17RTv,0.0,10.0,10.0,20.0,10.5,True
IMu6t28EGFyW31SL,0.0,20.0,30.0,60.0,27.5,True
INWVUFR8NU0fCC5X,0.0,20.0,30.0,40.0,22.5,True
IOxDWxCLb4oZUozO,0.0,20.0,30.0,40.0,22.5,True
IPHTeLyRAtZxkmh0,0.0,10.0,20.0,30.0,14.5,True
IPJBSeE7oZZiZCDA,10.0,20.0,70.0,40.0,30.5,True
IPQmeLjgUnrlqKgi,0.0,20.0,10.0,30.0,17.0,True
IQMKHtjbbol8y8Zv,20.0,30.0,70.0,40.0,36.5,True
IQUTEJsjQSEEvguo,0.0,20.0,60.0,30.0,24.5,True
IQUixJmlce5rZ7nv,0.0,10.0,70.0,30.0,22.0,True
IQd2lStKyzHNKTkp,20.0,60.0,70.0,50.0,51.0,True
IRZ1PJjrfMTLz8iB,0.0,10.0,20.0,30.0,14.5,True
ISHJmN4PkpDvMUa1,0.0,10.0,30.0,20.0,13.5,True
IUFvwMO5JF7uK7Vl,0.0,10.0,30.0,20.0,13.5,True
IUKKNzkyMDYaHoIB,0.0,20.0,30.0,40.0,22.5,True
IUM1u6t3dwIsQEqp,0.0,20.0,60.0,40.0,27.0,True
IUzcfFXz4SPEQ3HC,0.0,10.0,60.0,30.0,20.5,True
IV1mn6z8vNWCtF4c,30.0,20.0,70.0,40.0,34.5,True
IVK2rYz13o38mI95,0.0,10.0,20.0,30.0,14.5,True
IVNDje4W6Uv4r8cy,0.0,20.0,30.0,40.0,22.5,True
IVzplfIgiUjOFB5r,0.0,20.0,30.0,40.0,22.5,True
IW54w3ffLLc6zuWz,0.0,30.0,70.0,60.0,37.5,True
IWAv1KhIW9h31KY2,20.0,30.0,60.0,40.0,35.0,True
IWzYVDhhIHeAeHkV,75.0,20.0,85.0,60.0,50.75,True
IXeRCMikOsgQNNYD,60.0,30.0,80.0,50.0,48.5,True
IXifTv5f5EXvbU7F,0.0,30.0,70.0,60.0,37.5,True
IXmIF2nyJc93DlMz,0.0,20.0,70.0,40.0,28.5,True
IYhLlV7atXIEFcBF,0.0,20.0,30.0,40.0,22.5,True
IZmaF10bxns88KBU,0.0,10.0,30.0,20.0,13.5,True
IZoWOOJLunpCyJqh,0.0,20.0,30.0,60.0,27.5,True
Ia2gBi4qUxWzxczd,0.0,20.0,30.0,40.0,22.5,True
IaygaH6vYpZDcaFd,0.0,20.0,70.0,40.0,28.5,True
IcNepOR6soVfBgWO,0.0,10.0,20.0,30.0,14.5,True
IcV9e4NMcpsjh92X,0.0,10.0,10.0,30.0,13.0,True
Id34joOtZXOrwBGs,0.0,20.0,10.0,30.0,17.0,True
IdQSTJXDxzO9pqVs,70.0,30.0,80.0,60.0,53.0,True
IfQTg5dN4VAxNJtQ,0.0,20.0,10.0,60.0,24.5,True
IgAEcrBJSBeefq48,0.0,20.0,10.0,30.0,17.0,True
IgKMWZY92AI3Z87V,20.0,30.0,40.0,60.0,37.0,True
Ih7yfJs1ON43xKmT,0.0,20.0,30.0,40.0,22.5,True
IhAEG37ayOy9PrQo,0.0,20.0,30.0,40.0,22.5,True
IiyM82hgznnhKsl3,0.0,20.0,30.0,60.0,27.5,True
Ij8EjOnuKcMXyd7Z,0.0,20.0,30.0,40.0,22.5,True
IlPuVdIbd9tymw9I,0.0,10.0,10.0,30.0,13.0,True
IlwUYQ7OzkW4tClJ,0.0,20.0,30.0,60.0,27.5,True
ImOM63C5fDa7vWLH,0.0,10.0,20.0,30.0,14.5,True
ImvmRvqtV0XR2rmT,0.0,20.0,10.0,60.0,24.5,True
In6yamaGE4Xz6sD6,0.0,20.0,30.0,40.0,22.5,True
Io8bxxFnDgmI22HE,0.0,20.0,30.0,40.0,22.5,True
IoI36CjYREOjvG37,0.0,20.0,30.0,60.0,27.5,True
IoiXeRbPkMfAR40R,0.0,20.0,30.0,60.0,27.5,True
IpUJuaGVnpkEgbtu,0.0,20.0,60.0,40.0,27.0,True
IpxyMLLEWhlwjXc1,0.0,20.0,30.0,40.0,22.5,True
Iq5zp4YLjPVsJV1Z,20.0,30.0,60.0,40.0,35.0,True
IriYg7VRBnc5QKda,0.0,20.0,10.0,60.0,24.5,True
IsoozHEv1bLiWAmk,0.0,20.0,10.0,30.0,17.0,True
ItrTMIJYXZpIamCO,10.0,20.0,70.0,40.0,30.5,True
IuQEgdM6nmIWxnca,0.0,10.0,60.0,30.0,20.5,True
IuScGN56J64MF0Fq,0.0,10.0,20.0,10.0,9.5,True
IxDaXOGyUl4bN2xX,0.0,20.0,30.0,60.0,27.5,True
IydfuYEg2S4fYFhn,0.0,10.0,20.0,30.0,14.5,True
IzB9V7t2TzLnBvy4,0.0,20.0,30.0,60.0,27.5,True
Izfwo4nQvvxsn8WN,0.0,20.0,60.0,40.0,27.0,True
J14FwODdOoPbXjLm,0.0,10.0,30.0,20.0,13.5,True
J1D4psT3bffqNZMF,0.0,10.0,60.0,30.0,20.5,True
J1bJkWkzEKLdNAQz,0.0,20.0,30.0,40.0,22.5,True
J2qLXsmQ2V0qV2uD,20.0,30.0,60.0,40.0,35.0,True
J38BJHO9CIzbRlco,0.0,10.0,10.0,30.0,13.0,True
J3JjhcaKMzIJ8ftn,0.0,20.0,30.0,60.0,27.5,True
J3ZY5fFgDuk7sker,0.0,20.0,30.0,40.0,22.5,True
J4SvuwgRzKUnkTsc,0.0,20.0,60.0,40.0,27.0,True
J4x1A16zD9W45cyo,0.0,20.0,30.0,40.0,22.5,True
J5GjDUWzL8Q72EQO,0.0,10.0,20.0,30.0,14.5,True
J5KfNh4GYWEscu03,0.0,10.0,20.0,30.0,14.5,True
J5TaRgiDEei4CFSg,0.0,20.0,60.0,30.0,24.5,True
J7FZ3a98BRG7UiEF,20.0,30.0,40.0,60.0,37.0,True
J8iJSvgJhRA8eOlY,0.0,20.0,60.0,40.0,27.0,True
J9LRgpWJPYitKACf,0.0,20.0,10.0,60.0,24.5,True
JBBP5cmkribqYZrQ,0.0,20.0,30.0,40.0,22.5,True
JBC2x4zE8x2nXYu8,0.0,20.0,60.0,40.0,27.0,True
JCHhUaZ8t20I9clH,0.0,20.0,30.0,40.0,22.5,True
JCf67Jruknx0QrV5,0.0,10.0,10.0,30.0,13.0,True
JCvY3E97yfFzxRFk,20.0,30.0,60.0,40.0,35.0,True
JDM5gqB6wLwgfPjb,10.0,30.0,70.0,40.0,34.5,True
JDOK60RkT379FsR1,0.0,10.0,60.0,30.0,20.5,True
JDlXxmDfFicRhuop,0.0,20.0,80.0,30.0,27.5,True
JEC02trNKktyHCQf,0.0,20.0,30.0,40.0,22.5,True
JFMZ8R4DHGG3KCwR,0.0,20.0,40.0,30.0,21.5,True
JHBUYcVNBRLiuX8o,80.0,30.0,70.0,60.0,53.5,True
JHmacWLZLvriJG8D,0.0,20.0,30.0,60.0,27.5,True
JJEqtKwXTzVi23Qh,0.0,20.0,30.0,40.0,22.5,True
JJH5OKhEHRQPFYNe,0.0,20.0,10.0,30.0,17.0,True
JJQXnsecoqfrfmWe,0.0,10.0,10.0,20.0,10.5,True
JKn32AwiMqr9EXhA,0.0,20.0,30.0,60.0,27.5,True
JL1oKf5gzR0VtxCP,0.0,20.0,30.0,40.0,22.5,True
JLmKe90iL983w3zw,0.0,20.0,30.0,40.0,22.5,True
JMBlXjRtNtO7DAqP,20.0,30.0,70.0,60.0,41.5,True
JNBBFAduYBqka0Y7,0.0,10.0,10.0,20.0,10.5,True
JNP2IGx6PkqK9RLe,0.0,20.0,60.0,40.0,27.0,True
JNTDkDq4aSufqPSp,0.0,10.0,60.0,30.0,20.5,True
JNm74xWqztzn0LIS,0.0,10.0,10.0,20.0,10.5,True
JOeej3h27a9peXXY,0.0,10.0,20.0,10.0,9.5,True
JP5jNnH1qsV9chpt,0.0,20.0,30.0,40.0,22.5,True
JP9S0Ib3ZtMFcqAr,0.0,20.0,60.0,30.0,24.5,True
JPSW8dfhKxaNl2D4,0.0,20.0,30.0,60.0,27.5,True
JPb5ggmdHu4ingwz,0.0,20.0,30.0,40.0,22.5,True
JPuVzWwX0l2F2fvw,0.0,10.0,20.0,30.0,14.5,True
JQTFjmsn9dLVIdVu,0.0,20.0,10.0,30.0,17.0,True
JRHlvie8k6QHTIyB,0.0,10.0,20.0,30.0,14.5,True
JRIKEEJ2kGdzqFLy,0.0,20.0,10.0,30.0,17.0,True
JRNzJqAcr2h77TkA,10.0,30.0,70.0,60.0,39.5,True
JScl7G7twDhRJAK9,10.0,20.0,60.0,30.0,26.5,True
JSksWWLlka0YlG9Q,0.0,10.0,60.0,30.0,20.5,True
JTsliLXyZ3W21Avg,20.0,30.0,60.0,40.0,35.0,True
JTuyMHsDGMBgYSh2,0.0,20.0,10.0,60.0,24.5,True
JTzxxb8PFHq9y82J,0.0,20.0,30.0,40.0,22.5,True
JU0SngC9joWB43Oz,0.0,10.0,10.0,20.0,10.5,True
JU7lRwk3jKkus24Z,0.0,20.0,60.0,30.0,24.5,True
JUEBOXkOya4l4nvB,0.0,20.0,80.0,60.0,35.0,True
JUgQhXGbQJZlKPVo,85.0,20.0,75.0,60.0,51.25,True
JVJAVgXOKwRDSQB4,0.0,20.0,30.0,40.0,22.5,True
JWIyD7u3mSpKyo2X,0.0,10.0,20.0,30.0,14.5,True
JXvDQG3KwYLhxojT,0.0,20.0,60.0,30.0,24.5,True
JY0OpAyLZUqNHpwL,0.0,20.0,60.0,40.0,27.0,True
JY58PuTT5jK3ryWL,0.0,20.0,30.0,40.0,22.5,True
JY5Qoovx8wzpGxLJ,20.0,30.0,60.0,40.0,35.0,True
JZOnaOmSsqYettGJ,0.0,10.0,20.0,30.0,14.5,True
JZznAupATPigGLqu,0.0,20.0,30.0,40.0,22.5,True
JalL0RUsqS0y41i5,0.0,20.0,70.0,30.0,26.0,True
Jb8UD8TnCZs1Se02,0.0,20.0,10.0,30.0,17.0,True
JbFpBA7V5XTOtK9F,0.0,20.0,60.0,30.0,24.5,True
JclfPGRJ7NobyoWw,0.0,10.0,10.0,20.0,10.5,True
JdAQeZUNdjipeRhz,0.0,20.0,30.0,40.0,22.5,True
JesQeqgmULF8vwiQ,0.0,20.0,30.0,60.0,27.5,True
JgIMncrZ5zQhy8pJ,0.0,20.0,30.0,40.0,22.5,True
JgIamBHMnGOjw12i,0.0,20.0,70.0,40.0,28.5,True
Ji6nDFkgdNdEqsqE,10.0,20.0,60.0,40.0,29.0,True
JiWKnJ0vqSO6cOQt,0.0,20.0,70.0,30.0,26.0,True
JjQrbFo1Sop4oCPZ,0.0,20.0,10.0,30.0,17.0,True
JkqH3MB9n7IWUSmT,0.0,20.0,30.0,40.0,22.5,True
JkquVmebUGfiqzt5,0.0,30.0,60.0,40.0,31.0,True
JkxYplcXJVmRUe4W,0.0,10.0,20.0,30.0,14.5,True
JlON8x9z7wzkeL9k,10.0,20.0,60.0,40.0,29.0,True
JlP2c9UFYbd35fuM,0.0,20.0,30.0,40.0,22.5,True
JlzbYfPICETEYNWw,10.0,20.0,60.0,40.0,29.0,True
JmDPCOtpw6rVd9S2,0.0,10.0,20.0,30.0,14.5,True
JmWAisJCtGvzln0C,0.0,20.0,70.0,40.0,28.5,True
JmpTPeFLn4ysPFbH,0.0,20.0,30.0,40.0,22.5,True
JnzsFi3ktxuXG6Vg,0.0,20.0,60.0,30.0,24.5,True
Jo0kBr6UGMFTfR9R,0.0,20.0,30.0,40.0,22.5,True
JoCtrXreXFkorwBX,0.0,20.0,10.0,60.0,24.5,True
JoLoaeTOdoe5c3ve,0.0,10.0,20.0,30.0,14.5,True
JonvoMhcg9ygkwYX,0.0,20.0,30.0,60.0,27.5,True
JovUywgX7DLZ2ZQQ,0.0,20.0,30.0,40.0,22.5,True
Jq2WcfhGtx9IkB8Q,0.0,20.0,30.0,40.0,22.5,True
Jr3DGXRYD9fIe2Nm,0.0,20.0,60.0,40.0,27.0,True
JrZDCLuTqeOYCAFu,0.0,20.0,30.0,40.0,22.5,True
Jrm3V9E0DcaSAlZF,0.0,20.0,30.0,40.0,22.5,True
JsWJIlzNSemffTM6,0.0,10.0,20.0,30.0,14.5,True
JscFzFGLUN7R503F,0.0,20.0,30.0,40.0,22.5,True
JtHEKW0GOMAVmfKB,0.0,20.0,80.0,60.0,35.0,True
Jtc8PJLiiOEbz35K,0.0,30.0,70.0,60.0,37.5,True
JtjqXHE7PQkKIdQk,0.0,30.0,70.0,60.0,37.5,True
Ju8y4IxbU9BWyr9G,0.0,20.0,70.0,40.0,28.5,True
JugSMoVMoiDSkWFl,0.0,10.0,20.0,30.0,14.5,True
Juja4QeoXylzQdGY,0.0,20.0,60.0,40.0,27.0,True
JumTzaXOgEs7oSbq,20.0,30.0,60.0,40.0,35.0,True
JvQhAw3Q8WB36Ud9,0.0,20.0,30.0,60.0,27.5,True
Jw1pjbJLuWokZ90y,0.0,20.0,30.0,40.0,22.5,True
Jw7OQBmnEwK3GSUr,10.0,20.0,60.0,40.0,29.0,True
JwhvDK1SfK7Dfh6f,0.0,20.0,30.0,40.0,22.5,True
JxHf6h08dgsycimX,85.0,60.0,75.0,50.0,64.75,True
JxhWrKoZB2JX0NNR,0.0,20.0,30.0,60.0,27.5,True
JySqF9qa4X4hM0jO,0.0,10.0,60.0,30.0,20.5,True
JypGYYZSsSQd7yyA,0.0,20.0,10.0,30.0,17.0,True
JyvxZH143hyDwWNl,0.0,20.0,10.0,30.0,17.0,True
Jz4fqVSNJsjxc2DN,20.0,30.0,70.0,60.0,41.5,True
JzAWIcVQ9v6JccdT,20.0,30.0,60.0,40.0,35.0,True
JznYIhpa8mjVZAit,0.0,20.0,70.0,40.0,28.5,True
K0I5shzXqoC7CcOP,0.0,10.0,20.0,30.0,14.5,True
K1fvJx6TQtPk0ool,0.0,10.0,20.0,30.0,14.5,True
K2rVcYAxzwUGjpVs,0.0,10.0,10.0,30.0,13.0,True
K3LdBxXEseSALJqP,0.0,20.0,70.0,60.0,33.5,True
K3wkW2JO57HZNxMr,0.0,20.0,30.0,60.0,27.5,True
K4umY4iXi2obEjr5,0.0,20.0,60.0,30.0,24.5,True
K5PARWBu0ummdZFF,0.0,20.0,30.0,40.0,22.5,True
K5cQe9X4rTsUEmZr,0.0,20.0,30.0,40.0,22.5,True
K5v8nXaRCkE7UEiH,0.0,10.0,30.0,20.0,13.5,True
K6cnTsJmYdJisfnc,0.0,20.0,80.0,60.0,35.0,True
K7adREd0gFJVxbUl,0.0,10.0,10.0,20.0,10.5,True
K8ffUF0eWIXiiQE8,0.0,20.0,10.0,30.0,17.0,True
K994HGIwPRbfcxxY,0.0,20.0,30.0,40.0,22.5,True
KACX04e8SrH9bmTX,0.0,10.0,20.0,30.0,14.5,True
KAoQXDog96R5bbIP,0.0,10.0,20.0,30.0,14.5,True
KCFpHxr8TzAjm9io,0.0,10.0,20.0,30.0,14.5,True
KCqrk0do3UzdEI6X,0.0,10.0,10.0,20.0,10.5,True
KDplmTJgwsvviD98,10.0,30.0,80.0,60.0,41.0,True
KE362anQi9brmPtQ,0.0,20.0,30.0,30.0,20.0,True
KEQ0MPI21nyCBbEt,30.0,20.0,60.0,40.0,33.0,True
KEysBfo9AJrEs6SI,0.0,20.0,10.0,60.0,24.5,True
KFHUOFFZl4NoTsma,0.0,20.0,30.0,40.0,22.5,True
KFflEKofOcIj4ykP,0.0,20.0,60.0,40.0,27.0,True
KFljH24u6I1SjRxJ,0.0,10.0,10.0,20.0,10.5,True
KH5g92Q3DA5Bo6xi,75.0,30.0,85.0,60.0,54.75,True
KIOp1Y9WPWuNARA6,0.0,20.0,30.0,40.0,22.5,True
KIWQqJH0sSbiXXe3,0.0,20.0,10.0,30.0,17.0,True
KIgiuvNEEDjBuM1F,0.0,20.0,30.0,40.0,22.5,True
KJEYpxTGFlD9kNM4,70.0,30.0,80.0,60.0,53.0,True
KJd5sqATAxGLuiV4,0.0,20.0,60.0,30.0,24.5,True
KKXWTEqiwUs7kOLP,0.0,30.0,70.0,60.0,37.5,True
KKcKYEcduf8tawWs,0.0,10.0,30.0,30.0,16.0,True
KN3EQ5qMZZRdWnOX,0.0,20.0,10.0,60.0,24.5,True
KNKJBnlqxWpujCVL,0.0,20.0,30.0,40.0,22.5,True
KNLjDvknC5gb4aUj,10.0,20.0,60.0,30.0,26.5,True
KO2k1gCDKdxujJ3B,0.0,20.0,30.0,40.0,22.5,True
KOeFDGxdF2KkxkqX,0.0,20.0,10.0,60.0,24.5,True
KOrOAyCeOY4XfzGV,0.0,20.0,30.0,60.0,27.5,True
KP4J42f1Mtae36Wr,30.0,20.0,70.0,40.0,34.5,True
KPUBE47zl7VeGilt,0.0,20.0,80.0,60.0,35.0,True
KPgjD4gVhpb5Dlrb,0.0,20.0,60.0,40.0,27.0,True
KQP0GMkA0juYByb9,0.0,10.0,10.0,20.0,10.5,True
KSSmCPzf8z0uklJ6,0.0,20.0,30.0,40.0,22.5,True
KSoKgSeEhF8q2Tab,0.0,30.0,60.0,40.0,31.0,True
KU77yZ2bLhbiDB6Y,0.0,20.0,60.0,40.0,27.0,True
KUMdqR0AcbHlSV0p,0.0,20.0,30.0,40.0,22.5,True
KUO2FYpwiUx9Nw05,0.0,20.0,30.0,40.0,22.5,True
KV7WbJTGDxYrGaj3,0.0,20.0,30.0,40.0,22.5,True
KVEfCP12IxyHgDyM,0.0,20.0,30.0,40.0,22.5,True
KVXXFJGhKhrXI0xI,0.0,20.0,30.0,40.0,22.5,True
KVb7Fh5if65kxFNZ,0.0,20.0,30.0,40.0,22.5,True
KWroX7LP6rrZgdYT,0.0,10.0,10.0,30.0,13.0,True
KXUojTUXXUH5Lrce,0.0,10.0,60.0,30.0,20.5,True
KXrEqMnOtXEyS8HI,30.0,20.0,60.0,40.0,33.0,True
KYgjhPQJFbz60k84,0.0,20.0,30.0,40.0,22.5,True
KZTVjVqEg9wEXuA5,80.0,60.0,75.0,50.0,63.75,True
KbQrml0koVcUlm0n,0.0,20.0,10.0,60.0,24.5,True
Kbh2SJ6piaxgfWke,0.0,10.0,60.0,30.0,20.5,True
KbhzXTpKMrULcWWf,0.0,10.0,10.0,30.0,13.0,True
KbuUYQ8wcMwE6KjG,10.0,30.0,70.0,60.0,39.5,True
Kc1DJCluvcTxthv4,0.0,10.0,70.0,30.0,22.0,True
KcVzW7uqdk4wNUN0,0.0,10.0,20.0,30.0,14.5,True
Kcfai33Zzonq7N1i,10.0,20.0,60.0,30.0,26.5,True
KcoMDN6MD66RRH3n,0.0,10.0,20.0,30.0,14.5,True
KdoYyoQH98xErmoM,60.0,40.0,70.0,50.0,51.0,True
Ke1qYYr9BwtHqada,0.0,20.0,60.0,40.0,27.0,True
KeBbN1eften1hL5W,0.0,20.0,30.0,40.0,22.5,True
KfxX21HVqoqRw5yw,0.0,10.0,60.0,30.0,20.5,True
KgRK3LcGjeQnmuz9,0.0,10.0,10.0,20.0,10.5,True
Kgh9WpxLRT5MA0zT,0.0,10.0,10.0,20.0,10.5,True
KhbOx2PBUYnY5ULP,0.0,20.0,60.0,30.0,24.5,True
Kif0Z6SDgDtRPTXD,0.0,10.0,10.0,30.0,13.0,True
KifBtcdzKVUWH70X,0.0,20.0,30.0,60.0,27.5,True
KjT0QRO3llU9wzdy,0.0,20.0,30.0,40.0,22.5,True
KjptN4xirXuCdveu,10.0,20.0,60.0,30.0,26.5,True
KkjuePEr3FulMrNC,20.0,10.0,60.0,30.0,24.5,True
KlyPyxLP51eHqy6o,0.0,20.0,10.0,60.0,24.5,True
KmShSWeml2uWokzO,0.0,20.0,30.0,40.0,22.5,True
Kmf58CxA8bZFoal8,60.0,30.0,70.0,40.0,44.5,True
KnlH3G7dTKJ7nkjh,0.0,20.0,10.0,30.0,17.0,True
Kort7lsAi3QV3Egi,20.0,30.0,70.0,50.0,39.0,True
Kq6naek2cqUEYeoD,0.0,20.0,30.0,60.0,27.5,True
KqdOELkKdQsZVNbs,0.0,20.0,30.0,40.0,22.5,True
KsteLTWhqDZKUd9x,0.0,10.0,20.0,30.0,14.5,True
KtSXbIWrlK5Va1AM,0.0,20.0,30.0,40.0,22.5,True
Ku1KEvjfowOmf8Eu,0.0,20.0,30.0,40.0,22.5,True
KuHdta2fXsyh1uMY,0.0,20.0,70.0,40.0,28.5,True
KuNTsXOuYLiTehTJ,20.0,30.0,60.0,40.0,35.0,True
KuxK31gOkAHfocFH,0.0,20.0,60.0,30.0,24.5,True
KvjcxyecdA9FK8Ka,0.0,20.0,30.0,60.0,27.5,True
KxwfelTXDqEqW4CP,0.0,20.0,30.0,40.0,22.5,True
Kyj3tkAwDHXNWZBZ,0.0,10.0,30.0,20.0,13.5,True
KyqXi66L7vGOyhBC,0.0,10.0,60.0,30.0,20.5,True
Kz5iJqbDZBRPQLZv,30.0,20.0,70.0,40.0,34.5,True
KzTOAshzb9ukZ8ND,0.0,10.0,10.0,30.0,13.0,True
KztthBapmWlIJGaE,0.0,10.0,20.0,30.0,14.5,True
L0rGKAmrdBOFMgEB,0.0,20.0,30.0,60.0,27.5,True
L11gpEaHwJ4C9HnE,0.0,10.0,30.0,20.0,13.5,True
L165bOibyaFgpVzP,0.0,10.0,20.0,30.0,14.5,True
L17n22GA39IkEJYq,0.0,10.0,20.0,30.0,14.5,True
L1LR1r9kArcFAbOJ,0.0,10.0,20.0,30.0,14.5,True
L27rgpkg9a5WKCid,0.0,10.0,20.0,30.0,14.5,True
L2IPpIStwQFlVRbT,0.0,20.0,30.0,60.0,27.5,True
L58Qisgx7iG9BptJ,0.0,20.0,30.0,60.0,27.5,True
L6cEawVQRWBMxTea,20.0,30.0,60.0,40.0,35.0,True
L7eton0ziLMKq4yO,0.0,20.0,30.0,60.0,27.5,True
L8bWR0rKcWWlEHPC,0.0,20.0,10.0,60.0,24.5,True
L9jxuiM12PdvbN7l,0.0,10.0,30.0,20.0,13.5,True
LAEuvXCLhZib1Mtv,20.0,30.0,70.0,60.0,41.5,True
LC7t48fA0my4wBSc,0.0,20.0,30.0,40.0,22.5,True
LDUIMQ5Q2O1e0itH,0.0,20.0,30.0,40.0,22.5,True
LDnOCjvpYaohuIry,0.0,10.0,60.0,30.0,20.5,True
LE9SfjUUH2WXrDHf,0.0,20.0,10.0,60.0,24.5,True
LF0bXgoDhjrmB7wJ,0.0,20.0,30.0,40.0,22.5,True
LFOBCS78FUA0kjGi,0.0,20.0,30.0,60.0,27.5,True
LFoLBQrgX0TFJM1K,0.0,20.0,30.0,60.0,27.5,True
LGSCjdl1LGfenaWa,20.0,30.0,60.0,40.0,35.0,True
LGWH5eGFnJECPVw9,0.0,20.0,30.0,40.0,22.5,True
LINLqDbASgDS22Pb,0.0,20.0,30.0,40.0,22.5,True
LIj60i6RTUACoRZg,0.0,20.0,30.0,40.0,22.5,True
LJ1X9U8YCkrZOuJf,20.0,10.0,60.0,30.0,24.5,True
LJcc3wTxFT9n031m,10.0,20.0,60.0,40.0,29.0,True
LKRUyhnHdCeJR48y,25.0,30.0,40.0,60.0,38.0,True
LKjqz1KksDbs2Hhg,0.0,10.0,10.0,20.0,10.5,True
LLuAmVR5uoXhuogp,0.0,20.0,30.0,60.0,27.5,True
LMNgUceV6w8C6AOC,0.0,20.0,10.0,30.0,17.0,True
LMj3szBiuCBdf9mH,0.0,20.0,60.0,30.0,24.5,True
LOPjEfKgGLKZoJ12,0.0,10.0,60.0,30.0,20.5,True
LPgcPgsRXD3oKPQR,0.0,20.0,60.0,30.0,24.5,True
LRhUM45y2hkZEzzi,0.0,10.0,20.0,30.0,14.5,True
LSSS7AiWO4XKJ4vV,0.0,20.0,30.0,40.0,22.5,True
LSa47YGDGTUHqt2o,0.0,20.0,30.0,60.0,27.5,True
LSfpUIVE4THF3ahJ,0.0,10.0,70.0,30.0,22.0,True
LVSjwPTLdYBSZFDh,20.0,30.0,60.0,40.0,35.0,True
LYB29huEpJvuVW63,0.0,20.0,10.0,60.0,24.5,True
LYjhxkC8lVxNFIom,0.0,30.0,70.0,60.0,37.5,True
LYuaBcXuP0sggS4n,0.0,20.0,60.0,40.0,27.0,True
LZcQs2AnoXDJyhm2,0.0,20.0,30.0,60.0,27.5,True
LZdnEzqCrDBV6LhQ,0.0,20.0,30.0,40.0,22.5,True
LacYGRQHLjuX6YI1,20.0,30.0,80.0,60.0,43.0,True
LbW5OvygBwwAwdQp,0.0,10.0,10.0,30.0,13.0,True
LbavDEMubdgFpiv9,0.0,20.0,30.0,60.0,27.5,True
Lc67u18NryL7TMHW,0.0,20.0,10.0,60.0,24.5,True
LdFIxS8huIBERp9r,0.0,10.0,20.0,30.0,14.5,True
LdOlQ8KSXjoYotv2,0.0,20.0,30.0,60.0,27.5,True
LdjuD4SiwkdrxAO6,0.0,20.0,30.0,40.0,22.5,True
LduUDhK7VfWP7HOK,0.0,20.0,30.0,60.0,27.5,True
LeHp1iS2EbcdrzAB,0.0,20.0,30.0,40.0,22.5,True
LfbGAWTdsmfEfx6v,0.0,20.0,30.0,30.0,20.0,True
Lg2HfQPu6HKKSIHz,0.0,20.0,60.0,40.0,27.0,True
LgcnVmASIXkMynwn,0.0,20.0,40.0,60.0,29.0,True
LhYSi5doVSI82hJE,0.0,20.0,30.0,40.0,22.5,True
Lhs2kAuja5h1k0Tb,0.0,10.0,10.0,20.0,10.5,True
LiFHJsXrFONcLJyZ,0.0,10.0,20.0,10.0,9.5,True
LiRXmqiAJmttftK7,0.0,20.0,10.0,30.0,17.0,True
Ljh69ag2HZeGI4ON,0.0,10.0,20.0,30.0,14.5,True
LkaO57IHg2P0rpXe,0.0,20.0,30.0,40.0,22.5,True
LlRfPmuptTDUdwa0,0.0,20.0,30.0,30.0,20.0,True
LlyOzwnUyTh9VNEP,0.0,10.0,10.0,30.0,13.0,True
LmnlA1Dlq6ryKo2h,0.0,10.0,20.0,30.0,14.5,True
LnTGAfzOVfS7HQEZ,30.0,40.0,60.0,50.0,43.5,True
LndYcx3ileRtqkP3,0.0,20.0,30.0,40.0,22.5,True
Lo17KAICfGBYQFeE,0.0,10.0,20.0,30.0,14.5,True
LobYyQZqUy4hs8mG,0.0,20.0,60.0,40.0,27.0,True
Lqp1XtUBGhUd1xqO,0.0,20.0,30.0,60.0,27.5,True
Lsheu7397XAncjLu,0.0,20.0,30.0,40.0,22.5,True
LtK0F9624Q5liVd8,0.0,10.0,10.0,30.0,13.0,True
LtNd5vIXaEDG5EKU,0.0,10.0,10.0,30.0,13.0,True
Lu1RYgcamUXbD1Wz,0.0,10.0,10.0,20.0,10.5,True
Lvc0CU5A6R7xXXuD,0.0,10.0,60.0,30.0,20.5,True
LwYAWfEBQ6xvJMkj,20.0,10.0,60.0,30.0,24.5,True
LxCkJ64x0X4FvOTK,0.0,20.0,30.0,60.0,27.5,True
LzO6YLPcno5mC3pz,0.0,20.0,30.0,60.0,27.5,True
Lzmiw00NslOpO8iR,0.0,20.0,30.0,40.0,22.5,True
M023LCalKlCekdvp,0.0,20.0,10.0,30.0,17.0,True
M05k6pw29zwqapbC,0.0,10.0,20.0,30.0,14.5,True
M1wF2LuWweK9P0jq,0.0,20.0,30.0,60.0,27.5,True
M2chvwENMIakHVq7,0.0,20.0,30.0,40.0,22.5,True
M2eXMWK6hHWmXHA4,0.0,10.0,60.0,30.0,20.5,True
M2tYuBGVbtrDmgqP,0.0,20.0,10.0,60.0,24.5,True
M3M3coC6hSMhjCwM,10.0,20.0,70.0,60.0,35.5,True
M7Uu2McL5UKt3teW,30.0,20.0,60.0,40.0,33.0,True
M9PQGXznlhcyZgV7,0.0,20.0,10.0,60.0,24.5,True
M9UWA0xXEQxtM5Oj,20.0,30.0,60.0,40.0,35.0,True
M9wBW3SDiQfFyYXe,0.0,10.0,20.0,30.0,14.5,True
MARpbsrGn42YAdJX,0.0,20.0,30.0,60.0,27.5,True
MBHHxNnqU9iHJnOZ,0.0,10.0,20.0,30.0,14.5,True
MBfj9Lon0ieWmrKw,0.0,10.0,20.0,30.0,14.5,True
MC4nLZH8Vjr1TvOR,0.0,20.0,30.0,40.0,22.5,True
MC84HWMLOKxgPqws,0.0,20.0,30.0,40.0,22.5,True
MCag8sQOPuxFa23o,0.0,10.0,20.0,30.0,14.5,True
MCanhcJdHnqJUaNI,0.0,20.0,60.0,40.0,27.0,True
MCpYlDGPhZM1v366,0.0,20.0,30.0,60.0,27.5,True
MD9x1wC0lV3WAgAM,0.0,20.0,30.0,40.0,22.5,True
MErPDRSPQ37vOo3M,0.0,10.0,10.0,20.0,10.5,True
MFkLAHVklUJGQ5vV,0.0,10.0,70.0,30.0,22.0,True
MH9Wr7FEWvMBvxR4,0.0,20.0,30.0,60.0,27.5,True
MHZTLv5eYhhxFI5D,0.0,10.0,60.0,30.0,20.5,True
MHvB4Riv5FwWmk86,0.0,20.0,10.0,30.0,17.0,True
MIJUdqbNnozUlCjr,0.0,20.0,60.0,30.0,24.5,True
MJnAD5fqyEqKc8By,0.0,20.0,30.0,40.0,22.5,True
MLxbHPNerTkSoSoa,0.0,10.0,10.0,20.0,10.5,True
MMrz6M319zzRMp3T,0.0,20.0,40.0,30.0,21.5,True
MMstRgEevrOu3rqP,0.0,10.0,30.0,20.0,13.5,True
MNURyH2pmsXrbbNT,0.0,10.0,10.0,30.0,13.0,True
MNmDgita8zv1NyZ3,0.0,20.0,10.0,60.0,24.5,True
MO5lseB8OgfMw3rc,0.0,30.0,70.0,60.0,37.5,True
MPLhZwrZY1dZlRDn,0.0,20.0,10.0,30.0,17.0,True
MPaJUrR1VHNzu4oP,0.0,20.0,10.0,30.0,17.0,True
MPzcsDZRRkjbuoM5,0.0,20.0,30.0,40.0,22.5,True
MR4VoHrT0rqctxGI,0.0,20.0,10.0,30.0,17.0,True
MRBwBI4V3OJ1WOFY,0.0,20.0,70.0,60.0,33.5,True
MSv3IcwbWUYtuZdx,0.0,20.0,30.0,40.0,22.5,True
MSvf5ysSBTMn3nUp,0.0,10.0,30.0,20.0,13.5,True
MT0qUtcywTTZOs73,0.0,20.0,30.0,40.0,22.5,True
MTpqQiES1gUIzz9V,0.0,20.0,30.0,60.0,27.5,True
MUeLmHEmnDcmtUlZ,0.0,20.0,30.0,40.0,22.5,True
MWMVURRW2Df4HsjI,0.0,20.0,30.0,40.0,22.5,True
MWTOykz0JnGqJGCA,0.0,20.0,30.0,40.0,22.5,True
MWYWih3ZxecP8MJ1,10.0,30.0,70.0,60.0,39.5,True
MWkIu3u02RZtrRSS,0.0,10.0,10.0,30.0,13.0,True
MXZrpYSpDd7lBxCH,85.0,20.0,75.0,60.0,51.25,True
MYeqM6TGBcLVN4u0,0.0,20.0,10.0,60.0,24.5,True
MZC9yfhWyyiXUIzB,0.0,10.0,20.0,30.0,14.5,True
MaZREv0u3fv1rSvi,0.0,20.0,30.0,40.0,22.5,True
Mar2jiIqZlhQ3bia,0.0,20.0,30.0,40.0,22.5,True
MazVb1Mh2FXwcDvh,0.0,20.0,60.0,30.0,24.5,True
MbgAZ6wguMUKukE7,0.0,20.0,60.0,30.0,24.5,True
Mc4BVuMqbfo9R13K,0.0,20.0,30.0,60.0,27.5,True
McBP86Db6Ue9vRgl,0.0,20.0,30.0,40.0,22.5,True
McI7v5XugcFOStUb,0.0,20.0,30.0,40.0,22.5,True
McMPbPmNRxXEiH5y,0.0,20.0,60.0,40.0,27.0,True
MeR3pzh84KpLMcNf,0.0,20.0,60.0,30.0,24.5,True
Mf9OjERUWYa1AubC,0.0,10.0,10.0,20.0,10.5,True
MfOXyvtmb9GRUYLO,0.0,20.0,10.0,30.0,17.0,True
MfT9S5oghk9ywNSC,0.0,20.0,70.0,40.0,28.5,True
Mi2WTVI6qaXts0wY,0.0,20.0,30.0,40.0,22.5,True
MiEx2OkmrdGFcWxA,0.0,10.0,30.0,20.0,13.5,True
MiWiGODWCQCj3Uuf,0.0,20.0,10.0,60.0,24.5,True
MibJx6ArKT1dh3mj,0.0,20.0,60.0,30.0,24.5,True
Mkb5YDv17DtS2hY9,0.0,10.0,20.0,30.0,14.5,True
MkcRThMSNfI1U0SO,0.0,20.0,60.0,30.0,24.5,True
MlTFN8fO0YtwAaJp,0.0,20.0,10.0,60.0,24.5,True
MmKKPPIlXswuRGFX,0.0,20.0,30.0,40.0,22.5,True
MmZJZmCpMz7uVkt5,20.0,30.0,70.0,60.0,41.5,True
MoYaJxmA4JBzpkTV,0.0,20.0,30.0,40.0,22.5,True
ModMWfT9r71Od6gR,0.0,10.0,10.0,20.0,10.5,True
MpDLqM2NKu23k7lu,0.0,20.0,30.0,40.0,22.5,True
Mqjf9xk8KhaTHBX6,0.0,20.0,60.0,30.0,24.5,True
MrDIddE0O11KlVrW,0.0,10.0,30.0,20.0,13.5,True
Msau6OaqEiWAbNE3,0.0,20.0,70.0,30.0,26.0,True
MtCWEd4yKS8U1pRL,10.0,30.0,70.0,60.0,39.5,True
MtCzWngHTnPqlTKb,0.0,10.0,40.0,30.0,17.5,True
MtfiGvpET1dcYy38,0.0,20.0,10.0,30.0,17.0,True
Mu3q1uOG2qUt6AwD,20.0,30.0,70.0,60.0,41.5,True
Mundfi8Tdo39pKGb,0.0,20.0,60.0,40.0,27.0,True
Mvlhl0gRwyc0pGCe,0.0,20.0,30.0,40.0,22.5,True
MwELaF3pEhc0bKRs,0.0,20.0,30.0,40.0,22.5,True
MwFs6Wtw7Trb2BL8,10.0,20.0,60.0,40.0,29.0,True
MwUzVCGmj8nKSPVY,10.0,20.0,60.0,40.0,29.0,True
Mxl7fgXVOU8RurZl,0.0,20.0,70.0,30.0,26.0,True
My0ALCzdVlimyrtK,20.0,10.0,70.0,30.0,26.0,True
MyC7cBaxxJPgE3o0,0.0,20.0,30.0,40.0,22.5,True
Mytb5Udd0ULjuARG,0.0,10.0,30.0,40.0,18.5,True
Mz0jYpJoG9ssdW67,10.0,20.0,70.0,40.0,30.5,True
Mz64yedh1WyGmefQ,0.0,20.0,30.0,40.0,22.5,True
MzHQVvX9NcPLBSQt,0.0,20.0,30.0,60.0,27.5,True
MzQuRiUbPFsq6Azy,0.0,20.0,30.0,60.0,27.5,True
Mzk8N5UXVbRfb7CN,0.0,20.0,80.0,60.0,35.0,True
N24hTAqPMFahzLmV,0.0,20.0,30.0,60.0,27.5,True
N26CjmzZhd1IdK4j,0.0,10.0,30.0,20.0,13.5,True
N4IuDZuixyOnFq86,10.0,30.0,60.0,40.0,33.0,True
N4LF7PbziTN4HecK,30.0,20.0,70.0,40.0,34.5,True
N4QEtRt64ALFcFhh,0.0,10.0,60.0,30.0,20.5,True
N4n0AEU28HgpZBC2,0.0,20.0,30.0,40.0,22.5,True
N4zbOHsgUSwRJXv4,20.0,30.0,40.0,50.0,34.5,True
N50J8aGUyuu2haHA,0.0,20.0,60.0,40.0,27.0,True
N5ETbB8PkM4Bkdgv,0.0,20.0,30.0,40.0,22.5,True
N78M3v6GKmUzF7sk,85.0,30.0,75.0,60.0,55.25,True
N8OAXNKZy3XQs1JP,0.0,20.0,30.0,60.0,27.5,True
NB4HmJSixjx3sncN,0.0,20.0,60.0,30.0,24.5,True
NBeJqqyP5kzDf8qR,0.0,20.0,30.0,60.0,27.5,True
NCMmv3Htnq5kmgqK,20.0,30.0,70.0,60.0,41.5,True
NE87QeXu74dBz0Bj,0.0,20.0,30.0,40.0,22.5,True
NEPwl39BHzA7xdIn,0.0,60.0,80.0,70.0,53.5,True
NEgQ2WPxx6RCNmkX,0.0,10.0,20.0,30.0,14.5,True
NFlInwg3R6jMxKl5,0.0,20.0,10.0,60.0,24.5,True
NGbPQJvgmnUgoPIW,0.0,20.0,30.0,40.0,22.5,True
NI3oKisI2sGeobat,0.0,10.0,0.0,20.0,9.0,True
NIFyIj2NK6BGFT2j,0.0,10.0,20.0,30.0,14.5,True
NIVZ19ou1tg6UfOz,0.0,20.0,30.0,40.0,22.5,True
NIq9qq9YUM7ye6Bp,10.0,20.0,60.0,40.0,29.0,True
NJGgnIwJurj8TZsK,0.0,20.0,10.0,30.0,17.0,True
NJuFVII4CYk5J7jd,0.0,20.0,30.0,40.0,22.5,True
NLRY0aR98J4GWWH7,0.0,20.0,70.0,60.0,33.5,True
NLfRiuhpthlxSjGy,0.0,20.0,10.0,60.0,24.5,True
NMIsYI3b8ki56c2v,0.0,20.0,30.0,60.0,27.5,True
NN3iWefN1lrCq9nP,10.0,30.0,60.0,40.0,33.0,True
NNgWeQWHXFYDmsQF,0.0,20.0,10.0,30.0,17.0,True
NOTlft16xFsTsujd,0.0,20.0,30.0,40.0,22.5,True
NOfaAxCp4Zu2fEtv,0.0,20.0,30.0,40.0,22.5,True
NOr4ncE2T6kZg5RG,10.0,20.0,70.0,60.0,35.5,True
NOvwLWkOlFRCy24q,0.0,20.0,30.0,40.0,22.5,True
NQAD74cvanuAX01k,20.0,30.0,60.0,40.0,35.0,True
NQJ8xfzwjlQHF4nu,0.0,20.0,60.0,40.0,27.0,True
NQbsNwD73PC6Blu2,0.0,10.0,20.0,30.0,14.5,True
NQkBsbunTjO0CmP9,0.0,20.0,10.0,60.0,24.5,True
NRC3nf5giWhLUyw9,0.0,20.0,30.0,60.0,27.5,True
NRc7PytMYtNpvBPw,10.0,20.0,70.0,60.0,35.5,True
NRsUkHKPQQUtAtkb,0.0,20.0,30.0,60.0,27.5,True
NSLqdxoMTea76nPF,0.0,20.0,30.0,40.0,22.5,True
NSQD5TpJutr32lZr,0.0,20.0,70.0,30.0,26.0,True
NU4wDSLEfgs3MfD6,20.0,30.0,60.0,50.0,37.5,True
NU5Mv17Kc03bfc8P,0.0,10.0,20.0,30.0,14.5,True
NUwdIzDjUjAQOBlI,0.0,20.0,60.0,30.0,24.5,True
NWc2ehWnqItnoKgm,0.0,20.0,30.0,40.0,22.5,True
NWgPy4CJ74OCuVS7,0.0,10.0,60.0,30.0,20.5,True
NWyuJVscjSKpDAqu,0.0,30.0,70.0,60.0,37.5,True
NX744bpnegMcCMRT,0.0,10.0,20.0,30.0,14.5,True
NYZyrSk7iLDhiu3j,0.0,20.0,10.0,60.0,24.5,True
NYnRfpiNtckREYxL,0.0,20.0,60.0,40.0,27.0,True
Na07mYk5z0FgrLsN,0.0,20.0,30.0,40.0,22.5,True
NedVWfKopxWmINli,0.0,20.0,30.0,40.0,22.5,True
Ng60Uy50i5tre9bA,10.0,30.0,70.0,60.0,39.5,True
NgU23cGHw1osJ6Ip,0.0,20.0,60.0,30.0,24.5,True
Nh7qyZapCIkJ84bo,20.0,30.0,60.0,40.0,35.0,True
NhigzxYvJ8xWjmMG,0.0,20.0,10.0,60.0,24.5,True
Ni8dhjp9FzmeEDtL,0.0,20.0,10.0,30.0,17.0,True
NkSnbEIhrhi7XXvD,0.0,20.0,70.0,60.0,33.5,True
Nkho8hB08VJliyPd,70.0,30.0,60.0,50.0,47.5,True
Nkxx6syAXvRMdYOP,0.0,20.0,10.0,60.0,24.5,True
NlBOBfcGvDRoPRTj,0.0,20.0,10.0,60.0,24.5,True
NlKMdDkiTAENrcBQ,0.0,20.0,60.0,40.0,27.0,True
Nm5HMMlasx2ESS15,0.0,20.0,30.0,40.0,22.5,True
NnO9n9tGQKfsdizL,20.0,30.0,60.0,40.0,35.0,True
NnpEVX80vZVynzl0,0.0,20.0,30.0,60.0,27.5,True
NokGg6Y1z3BvYVfF,0.0,10.0,30.0,20.0,13.5,True
Np9cR4uy6Y8hyqIU,0.0,20.0,10.0,60.0,24.5,True
NpNvpK8OY841fby2,0.0,20.0,60.0,40.0,27.0,True
NqRJ4Da8BPR8Pd28,0.0,20.0,30.0,40.0,22.5,True
NqkzLskbnTSLIR9Q,0.0,20.0,30.0,60.0,27.5,True
Nqv4bpCZ0wrJ38cX,0.0,10.0,10.0,20.0,10.5,True
NrkJehwID4U6zvcK,0.0,20.0,70.0,30.0,26.0,True
NsgJafSyRKOw6NNh,0.0,10.0,70.0,30.0,22.0,True
NtrVjAYSfIr20vun,0.0,20.0,10.0,30.0,17.0,True
Nu4Q7knmgrpkrfO5,0.0,20.0,70.0,40.0,28.5,True
NuNdjR6DVMKarzmz,70.0,20.0,60.0,40.0,41.0,True
NvGXQiMqIApYZdMK,10.0,20.0,60.0,40.0,29.0,True
NwEJ0QMb2ouSSua6,20.0,30.0,60.0,40.0,35.0,True
Nwtv0mTWQZIf7WWD,0.0,20.0,10.0,60.0,24.5,True
NxZR8SZ84em54Dff,0.0,20.0,10.0,60.0,24.5,True
NxaNW56UrkHPeBIo,20.0,10.0,60.0,30.0,24.5,True
NzLhww2DNl0RTZt6,0.0,20.0,30.0,40.0,22.5,True
NzoRleD5sn4YYUxC,0.0,20.0,30.0,60.0,27.5,True
O0YfVSIrZ6xGe3yo,0.0,20.0,70.0,40.0,28.5,True
O0ewj05Inff7XKDF,0.0,20.0,60.0,40.0,27.0,True
O0zeLKdBQ9ipsq2u,0.0,20.0,30.0,40.0,22.5,True
O1MRN1WeBLwo8w7W,0.0,20.0,60.0,40.0,27.0,True
O1PfDkb8p9uELyw9,0.0,30.0,60.0,40.0,31.0,True
O2qGFq562dfOB1rc,0.0,20.0,30.0,40.0,22.5,True
O4NvcCsc91FgWCTm,0.0,20.0,30.0,60.0,27.5,True
O4kWZMuLVIzCDESd,20.0,30.0,60.0,40.0,35.0,True
O5EVdjDUuhaa49w5,0.0,10.0,20.0,30.0,14.5,True
O6lNrKRW2Bu4knYN,75.0,30.0,85.0,60.0,54.75,True
O6zqyg55jSb4NBhC,0.0,20.0,10.0,60.0,24.5,True
O7JgYo82YpaN5Ipg,0.0,30.0,60.0,50.0,33.5,True
O7aCNAAg7HBKvEjW,0.0,20.0,30.0,40.0,22.5,True
O7jjWrI8DbLUVJEj,0.0,20.0,30.0,40.0,22.5,True
OAGbSSJrB0MUaagv,10.0,20.0,70.0,40.0,30.5,True
OB07He591st3fB5O,0.0,20.0,70.0,40.0,28.5,True
OBkKEYlyyKW2jnZ6,0.0,20.0,60.0,40.0,27.0,True
ODIlyY41BgiHCSuG,0.0,20.0,30.0,60.0,27.5,True
OEK432MiDgO67vSz,0.0,20.0,30.0,60.0,27.5,True
OFGbN8zruZJoErUr,0.0,20.0,30.0,60.0,27.5,True
OG85kutgFZAIK9jS,0.0,20.0,70.0,30.0,26.0,True
OHKJ13lyatfJ2aW8,0.0,20.0,40.0,30.0,21.5,True
OHnq7mr0KnApuBHd,0.0,20.0,60.0,30.0,24.5,True
OI6ZiHyocrb61iMB,0.0,20.0,30.0,40.0,22.5,True
OJhRQ83sCjOmDnwA,0.0,20.0,30.0,40.0,22.5,True
OJtuqPDbTO1uaObw,0.0,20.0,70.0,30.0,26.0,True
OK6oTLNp00pFKE4b,0.0,20.0,30.0,40.0,22.5,True
OKnxmKgOapGPXLeS,0.0,20.0,80.0,30.0,27.5,True
OLNzhhW11ECHuZrx,0.0,30.0,80.0,60.0,39.0,True
OLTEKLa7ovZW3MDg,0.0,20.0,30.0,60.0,27.5,True
OMxuf8T4JqUiA5Ns,0.0,20.0,10.0,60.0,24.5,True
ONac7yn5Sh7sa5pQ,0.0,20.0,30.0,40.0,22.5,True
OOT3KVdDZMTYK9Bx,0.0,10.0,20.0,30.0,14.5,True
OOTo1bjmAqWhSOBM,0.0,20.0,30.0,40.0,22.5,True
OOkbONklvlhlXX0o,0.0,20.0,60.0,40.0,27.0,True
OPirApb1YBhVAi22,0.0,20.0,30.0,60.0,27.5,True
OPkstD33wAm3eZZg,0.0,20.0,10.0,30.0,17.0,True
ORKkWTLEdtXunH9B,0.0,20.0,60.0,40.0,27.0,True
ORoApKjBt6MvCIin,0.0,20.0,30.0,40.0,22.5,True
OSD7Ybmxq6DBy70Z,0.0,20.0,70.0,30.0,26.0,True
OSYQZaQGaaTqO8wG,10.0,30.0,70.0,60.0,39.5,True
OSyR7XSivlOW4Su2,0.0,20.0,30.0,40.0,22.5,True
OTSXjEyKuRG4JFd8,20.0,30.0,60.0,40.0,35.0,True
OTYAxvEZLi2Xicpa,0.0,10.0,20.0,30.0,14.5,True
OTnJ8Jg8ekaW6KNB,10.0,30.0,60.0,40.0,33.0,True
OUq92PlJ8EF47pHm,0.0,20.0,30.0,60.0,27.5,True
OVXBQ6bnKlbO8vgs,0.0,20.0,30.0,60.0,27.5,True
OW8LN9cCzfLhWOGh,0.0,20.0,60.0,30.0,24.5,True
OWzUr6NEjY3YVZGn,20.0,30.0,70.0,40.0,36.5,True
OXOydtHcuIKjuGSo,0.0,20.0,10.0,60.0,24.5,True
OXn3RB1gnI1S4VXB,0.0,10.0,20.0,30.0,14.5,True
OY1h9srBAf4MQMvq,0.0,20.0,60.0,40.0,27.0,True
OZ9JEEEyvqaiot8E,10.0,20.0,40.0,30.0,23.5,True
OZIW7t7vNxIW98CB,0.0,20.0,60.0,40.0,27.0,True
ObmAo8tHCqvgiZVy,20.0,30.0,70.0,60.0,41.5,True
ObzTNx6ou067rS8f,0.0,20.0,30.0,40.0,22.5,True
Od5TSJCaiEjI9l5c,0.0,20.0,60.0,40.0,27.0,True
OddwPjSIYgiFouJY,0.0,10.0,20.0,30.0,14.5,True
Oe6rOAaBAVVLyhUb,0.0,20.0,60.0,30.0,24.5,True
OfLougfEQ57tw1wu,0.0,20.0,30.0,60.0,27.5,True
OfuQgiRM8vrxWZJM,20.0,30.0,70.0,50.0,39.0,True
OgAZKYjCwNkFtA7d,0.0,30.0,70.0,60.0,37.5,True
OgKEf6IPNVRaheld,0.0,20.0,80.0,60.0,35.0,True
OgnbsKNw2dtp7GKR,0.0,20.0,70.0,30.0,26.0,True
OhHtHgXOMEoQCt0h,0.0,10.0,20.0,10.0,9.5,True
OhXmAkpnVVPY9OtC,0.0,20.0,30.0,40.0,22.5,True
OhbVrpoiVgRV5IfL,0.0,20.0,30.0,40.0,22.5,True
OjZ3YibcJTPhbYbg,0.0,20.0,60.0,30.0,24.5,True
Ojj6uX95vgCZre1M,0.0,20.0,30.0,60.0,27.5,True
Okd2gABmprXdhqS4,0.0,60.0,70.0,50.0,47.0,True
OkjmIPbenQC9clb2,20.0,30.0,70.0,60.0,41.5,True
OkvzTDVGSFe2GXGH,0.0,20.0,30.0,40.0,22.5,True
OlZieTX8DcsmcYm4,0.0,20.0,10.0,60.0,24.5,True
Olicgej41Y1E0ZaU,0.0,10.0,30.0,20.0,13.5,True
OpEIfYoh4P1NexgG,0.0,60.0,80.0,70.0,53.5,True
Opq31fbBxXD05iNU,20.0,30.0,60.0,40.0,35.0,True
OqCVfww1OZVpr2C6,0.0,10.0,20.0,20.0,12.0,True
OqihiGiBwGw9MEXd,85.0,30.0,75.0,60.0,55.25,True
OrXXHFOprCeTsprv,0.0,20.0,30.0,40.0,22.5,True
Ot8ighVGEtTLPbbr,0.0,10.0,60.0,30.0,20.5,True
OuEGYmMT09IcmEbn,0.0,20.0,60.0,30.0,24.5,True
OukUe5SC1KVcOYb3,0.0,20.0,60.0,40.0,27.0,True
OupQzUicx5r0tMmX,0.0,20.0,30.0,60.0,27.5,True
OuptI0Bsc2gd8tQ9,0.0,20.0,30.0,40.0,22.5,True
OuwKbsQ35zh4cdDM,0.0,20.0,30.0,40.0,22.5,True
OvbXV946cT5L2fSx,10.0,20.0,60.0,40.0,29.0,True
OwAlLzxDwXsj0RW4,0.0,20.0,30.0,40.0,22.5,True
Ox1UmDPioFzAcres,70.0,30.0,80.0,60.0,53.0,True
Oy1Km9n4pWkLLJBw,0.0,10.0,30.0,20.0,13.5,True
Oz9tea1ybokBWZCw,0.0,10.0,20.0,30.0,14.5,True
P08eVRjbDTvcfedl,0.0,20.0,10.0,60.0,24.5,True
P0Q6Yx0ZDGyJRad4,0.0,20.0,10.0,30.0,17.0,True
P0tGZtBQIumAzqNG,0.0,20.0,10.0,30.0,17.0,True
P1bdShACyhJqESjn,0.0,20.0,30.0,60.0,27.5,True
P2QVXduX4SWC2b9m,0.0,10.0,10.0,30.0,13.0,True
P3BeMsw0GJEc732E,0.0,20.0,10.0,60.0,24.5,True
P4chgRiCnIo2fQ8H,0.0,20.0,60.0,30.0,24.5,True
P5QNCc66w9iD4UDr,0.0,20.0,30.0,40.0,22.5,True
P6MbinkagywgMHJ7,0.0,20.0,80.0,60.0,35.0,True
P7fTt1XLkAjEoOxa,10.0,30.0,60.0,40.0,33.0,True
P860HlkSqTCpfiAe,0.0,20.0,30.0,40.0,22.5,True
P8HwYMKT1VzWqH7A,0.0,20.0,10.0,60.0,24.5,True
P8LxYNfU5Z7NbvpW,0.0,10.0,30.0,30.0,16.0,True
P8ovS8revI48MWlN,0.0,20.0,30.0,40.0,22.5,True
P9tEpZZRztDeSdkC,0.0,20.0,30.0,40.0,22.5,True
PABzZFZd1Hd6GxbK,0.0,20.0,30.0,40.0,22.5,True
PAGFQarUDULAzQP2,0.0,10.0,20.0,30.0,14.5,True
PAXZNJnQ1Pqtp3UB,0.0,20.0,30.0,40.0,22.5,True
PBQMm03hngY2z53t,20.0,30.0,70.0,60.0,41.5,True
PC5P9rdb2TxNFxXH,0.0,20.0,70.0,40.0,28.5,True
PC5itSrXBdN8xZ9E,0.0,30.0,60.0,40.0,31.0,True
PDj1S5WmTa5YGZgF,0.0,20.0,30.0,40.0,22.5,True
PEDuA2X7UMMTNVaB,0.0,20.0,70.0,30.0,26.0,True
PFgjIXBnNPg6CTqg,0.0,20.0,30.0,40.0,22.5,True
PGrsVzaCJNX1b1E1,0.0,10.0,20.0,30.0,14.5,True
PGzR1Iv8bh4qlL9q,0.0,10.0,10.0,20.0,10.5,True
PHC1OR1kc81LyjIK,0.0,20.0,30.0,40.0,22.5,True
PI50DgflUg697zXB,0.0,20.0,30.0,40.0,22.5,True
PJbM7Q1SrblrSWt6,0.0,20.0,60.0,30.0,24.5,True
PLCIN5unDEde9krK,0.0,20.0,30.0,40.0,22.5,True
PLqjnK87s0mJRnUE,0.0,10.0,60.0,30.0,20.5,True
PM9Cego1hxZWSAZH,0.0,30.0,60.0,50.0,33.5,True
PMR5TI9MaDsLLpZu,0.0,20.0,30.0,60.0,27.5,True
PNOo6fDmqS2kdzNB,0.0,20.0,10.0,60.0,24.5,True
PO7QQLWIFOT65BTz,0.0,10.0,30.0,20.0,13.5,True
PP4XJU3nBC4oAv0D,0.0,20.0,10.0,30.0,17.0,True
PPMTvjiJTEPRufia,0.0,20.0,70.0,30.0,26.0,True
PPYJ92BZooqhsfhf,0.0,20.0,30.0,60.0,27.5,True
PPgdzUvZ3gpmmICi,0.0,20.0,30.0,40.0,22.5,True
PPlOCYPiazmOtuKf,0.0,20.0,30.0,40.0,22.5,True
PQdfn0i4L5WOZaWj,0.0,20.0,10.0,30.0,17.0,True
PQgZR1DD9yg46RO3,0.0,20.0,30.0,10.0,15.0,True
PT3AenHi7AYJEcNX,0.0,20.0,30.0,60.0,27.5,True
PU01tMPGFSrMTmSl,0.0,20.0,80.0,60.0,35.0,True
PUdqLhSHFl5Cs2kc,0.0,10.0,20.0,30.0,14.5,True
PWwZ5CUmbSywUiq5,0.0,20.0,30.0,60.0,27.5,True
PXvT71pCgiAV43HH,85.0,30.0,70.0,60.0,54.5,True
PY2Ka6Dsi19zc5I6,0.0,20.0,30.0,40.0,22.5,True
PYzSjJ0f0nCkhW63,0.0,20.0,10.0,30.0,17.0,True
PbN7AgFVWN7IgOCG,0.0,20.0,10.0,60.0,24.5,True
Pbsmeb3Zo18HPvAL,0.0,20.0,30.0,60.0,27.5,True
PbzKB8660JdeIyTC,0.0,20.0,60.0,40.0,27.0,True
PcMWlGkaz1BR84DJ,0.0,10.0,20.0,30.0,14.5,True
Pcxkzmwedc12Zqyl,0.0,20.0,30.0,40.0,22.5,True
PdY5Y9pFyhpFOMeH,0.0,20.0,30.0,60.0,27.5,True
Pf0K2YKuhDew13k9,0.0,20.0,30.0,60.0,27.5,True
PfRV9WDohymoisPo,0.0,20.0,60.0,40.0,27.0,True
Pg8vHX272R3vRh1g,0.0,20.0,80.0,60.0,35.0,True
PgDdVwXzrDO3RBVv,20.0,30.0,60.0,40.0,35.0,True
PiLIRZm3itST5H6i,0.0,20.0,30.0,60.0,27.5,True
PjXTk9GHUMPH7XvC,0.0,20.0,30.0,40.0,22.5,True
Pjhws4deTpf6vnvd,0.0,10.0,10.0,30.0,13.0,True
PjiSkDS14CiBgbvr,0.0,20.0,70.0,60.0,33.5,True
PjwPUKvDT2YirYWQ,0.0,10.0,10.0,30.0,13.0,True
PkrWMEQ7lyuvW4De,0.0,20.0,60.0,30.0,24.5,True
Pl11tq5T0vtV08Eu,0.0,60.0,70.0,50.0,47.0,True
Pn4INYNPCSw4ZYPz,0.0,20.0,30.0,40.0,22.5,True
PnSZuAxgjBPLqq2I,0.0,20.0,10.0,30.0,17.0,True
Po1wfI6VRSW3AAt7,0.0,10.0,10.0,30.0,13.0,True
PofHNMxLpe0fUBRL,0.0,20.0,30.0,40.0,22.5,True
Pom37V7sjiunLo8N,0.0,20.0,60.0,30.0,24.5,True
PozUoS1fWwKlV8jX,0.0,20.0,30.0,60.0,27.5,True
PpQEV1bgqRUb4NwT,0.0,20.0,70.0,40.0,28.5,True
PpgsNe5muFCvNQtS,0.0,20.0,30.0,40.0,22.5,True
PqQ3smZXin4z9lk0,0.0,20.0,30.0,40.0,22.5,True
Pr1jVL1Oky1SswWz,0.0,20.0,30.0,60.0,27.5,True
Ps2OD0Hv3x6aOhen,0.0,20.0,30.0,60.0,27.5,True
PsbTrCQPwccc31tv,0.0,10.0,70.0,30.0,22.0,True
PttjCGFp1VTuuqQ8,0.0,20.0,60.0,30.0,24.5,True
Pu2f8rpvIUc1r1Ef,0.0,20.0,60.0,40.0,27.0,True
PuDCCRnGEY59YVkQ,0.0,20.0,30.0,40.0,22.5,True
PuQrT7KQ0b429iKt,20.0,30.0,70.0,60.0,41.5,True
PuaT3RHXVKUKo9Q3,0.0,20.0,30.0,60.0,27.5,True
PukGWHlmh8njNNBF,0.0,10.0,60.0,30.0,20.5,True
PvBgyjl1vyTTRrSF,0.0,20.0,30.0,60.0,27.5,True
PvlYs1Sdbp1nSc4Y,0.0,10.0,20.0,30.0,14.5,True
Pxm5ccCmaKwbQ7xP,0.0,20.0,30.0,40.0,22.5,True
Pxv0ih2mCAXXap1Z,0.0,20.0,30.0,40.0,22.5,True
Py1yoqfBOpHWZ6NZ,0.0,10.0,10.0,30.0,13.0,True
Py5wM51mQnSGcsgT,10.0,20.0,60.0,30.0,26.5,True
PyFjlhbZ0qu37TXr,0.0,20.0,60.0,40.0,27.0,True
PyJG3m26kDxU3plE,0.0,10.0,20.0,10.0,9.5,True
Pz6xt3fTfT158osa,0.0,20.0,30.0,40.0,22.5,True
PzKYZmjAuDp3ViW7,0.0,20.0,30.0,60.0,27.5,True
PzcdUej0BA3s2yO0,20.0,30.0,60.0,40.0,35.0,True
Pzi0V4r3feeGUTWU,0.0,20.0,30.0,60.0,27.5,True
PzlsOc4M7ASOs1Ny,0.0,20.0,10.0,60.0,24.5,True
Q0AFcQt2rYCE9E60,10.0,30.0,70.0,60.0,39.5,True
Q3W4miBvCja9XFMH,20.0,30.0,70.0,60.0,41.5,True
Q3ak7HJZPfsfhi1I,0.0,20.0,30.0,40.0,22.5,True
Q5MDWH6FUhnFT50u,0.0,20.0,30.0,40.0,22.5,True
Q6GobLKKErSVgYLl,0.0,20.0,30.0,30.0,20.0,True
Q6qaOjwc8bArljDA,0.0,30.0,70.0,60.0,37.5,True
Q7pgXKzl396CvzSt,0.0,20.0,60.0,40.0,27.0,True
QBIdQtcIWw7b6MW5,0.0,10.0,20.0,30.0,14.5,True
QBptvWq3587sVotT,0.0,20.0,30.0,40.0,22.5,True
QDlaQ1nj5UrHMm1X,0.0,30.0,60.0,40.0,31.0,True
QEDO9rMQavcPN8Cu,10.0,20.0,30.0,40.0,24.5,True
QEbyZCRRweBNShpK,0.0,10.0,20.0,30.0,14.5,True
QFCtC8AXmLCQUe9b,0.0,20.0,60.0,40.0,27.0,True
QFUEX2KfDtne6iQt,0.0,10.0,20.0,30.0,14.5,True
QFruXUEofqXsTfwJ,0.0,10.0,20.0,30.0,14.5,True
QH8gKPh45OKsJ06R,0.0,20.0,80.0,60.0,35.0,True
QIHnpNiZm1IQWMHy,0.0,20.0,60.0,30.0,24.5,True
QILQnLlF2BWU9WTT,0.0,10.0,20.0,30.0,14.5,True
QKMcE1qzz4TAMWF1,0.0,20.0,60.0,40.0,27.0,True
QKjjvTPSroFSAmAz,0.0,20.0,70.0,60.0,33.5,True
QKn9CBlN1YCruqMn,0.0,20.0,30.0,40.0,22.5,True
QLFUZZ0SpshJwTuK,0.0,10.0,20.0,30.0,14.5,True
QMbwu96JFxnbSOjL,0.0,10.0,60.0,30.0,20.5,True
QMg4og8fgDXG8ygM,0.0,20.0,30.0,60.0,27.5,True
QOG2yyNniEW9ITqg,10.0,30.0,40.0,60.0,35.0,True
QOpmX7bZjB92Ow7V,0.0,20.0,60.0,40.0,27.0,True
QPaLbzTPwX096gN2,20.0,30.0,70.0,60.0,41.5,True
QQQbOZQOqg2757I8,0.0,20.0,30.0,60.0,27.5,True
QQbkSrpZ1WxaSMtC,0.0,20.0,30.0,40.0,22.5,True
QRfP8SEpVyMaDVGL,0.0,20.0,30.0,60.0,27.5,True
QTgEFV12KmioGiZ8,0.0,10.0,10.0,30.0,13.0,True
QToSMEeIeMcwPKCq,20.0,30.0,70.0,60.0,41.5,True
QUi3QTPXo3RN2M7o,0.0,10.0,10.0,30.0,13.0,True
QWC54fWKNanGbnvh,0.0,20.0,30.0,40.0,22.5,True
QXsgKYaACO5YQ3eb,0.0,20.0,70.0,30.0,26.0,True
QY0TKRiTyHVpguHL,0.0,20.0,30.0,60.0,27.5,True
QYGDQDZeRUB87KLg,0.0,10.0,60.0,30.0,20.5,True
QYjkphcuKiCqxlnJ,0.0,20.0,30.0,60.0,27.5,True
QYlFnDLwDjoHUOgB,20.0,30.0,60.0,40.0,35.0,True
QYpZdSjY3SR0VeDU,0.0,10.0,30.0,20.0,13.5,True
QYsSWuLlouRh0ATn,0.0,20.0,30.0,60.0,27.5,True
QZ4lZa4SjDxwHleq,0.0,20.0,30.0,60.0,27.5,True
QaYo1SNJahmoZODO,30.0,20.0,60.0,40.0,33.0,True
QbfPBi3DldqyunDu,0.0,20.0,30.0,60.0,27.5,True
QcbHemnW2Vt0VLbj,0.0,10.0,60.0,30.0,20.5,True
QckoVZX9xGNnDDXh,10.0,20.0,60.0,40.0,29.0,True
QczOg8vGerJ9I2VI,0.0,20.0,30.0,40.0,22.5,True
QeV7TK1FhLMDuJg0,0.0,20.0,30.0,30.0,20.0,True
Qf11l1myKftMzfWP,0.0,20.0,60.0,30.0,24.5,True
Qf7kG5FR0LrYkMQB,0.0,20.0,10.0,40.0,19.5,True
QfmOcnbCXy2yeEay,0.0,20.0,60.0,40.0,27.0,True
QhBXR0hfvOxOyBfo,0.0,20.0,70.0,40.0,28.5,True
Qi23YZHBmahei4Y0,0.0,20.0,30.0,40.0,22.5,True
QiKpnXS0gnizGKmE,10.0,20.0,60.0,40.0,29.0,True
QirrDMYOugoobTuo,0.0,10.0,10.0,20.0,10.5,True
QjCIsyNKCmnR4utK,0.0,20.0,30.0,60.0,27.5,True
QjQCogGz9JXVnTci,0.0,10.0,10.0,30.0,13.0,True
QkHbw72ZQQSHDD0F,0.0,20.0,30.0,60.0,27.5,True
Qkew66HYhHK6FUaR,0.0,20.0,30.0,60.0,27.5,True
Ql3OxzSnD10FQVng,0.0,20.0,60.0,40.0,27.0,True
QlEWkrsPNxlcCyKL,0.0,20.0,60.0,40.0,27.0,True
QmMjkMOxcfTRQ87t,10.0,20.0,60.0,40.0,29.0,True
QnEyR9t7ukOUcV7J,0.0,20.0,30.0,40.0,22.5,True
Qoavw1O9ZsJHxSgc,10.0,20.0,30.0,40.0,24.5,True
Qors7XZio5ZJg1Bl,0.0,20.0,70.0,40.0,28.5,True
QpKsaF13fWCpQsor,0.0,20.0,30.0,40.0,22.5,True
QpO9iM9FDTrsPXso,0.0,30.0,60.0,40.0,31.0,True
QrEjY256VfDhW7ks,10.0,30.0,70.0,60.0,39.5,True
QrldR5wwRPwUvWoR,0.0,20.0,60.0,60.0,32.0,True
QsoYWbDpit1yQBXH,0.0,10.0,10.0,20.0,10.5,True
QtaVFLNiZRVfy4rw,0.0,20.0,60.0,40.0,27.0,True
QuRVyODa5n6kCg8I,20.0,10.0,70.0,30.0,26.0,True
QwEzG6p674ihbkfK,0.0,20.0,10.0,60.0,24.5,True
QxeGPva2A0FgB9xO,0.0,20.0,30.0,60.0,27.5,True
QyExylDxWqvR0qao,20.0,30.0,70.0,60.0,41.5,True
Qym0HswizLA6Lsrp,0.0,10.0,20.0,30.0,14.5,True
QzaZgLhcMatJHBzU,0.0,10.0,10.0,20.0,10.5,True
R0NHAtbNqzzxZ0rK,0.0,30.0,70.0,60.0,37.5,True
R1R4jXmZHuKv7Whq,0.0,20.0,60.0,30.0,24.5,True
R1uViiAitMYfviRH,20.0,10.0,70.0,30.0,26.0,True
R2KvElU31GpMCHma,0.0,20.0,70.0,40.0,28.5,True
R2eJMJB0xOPL2XRH,85.0,20.0,75.0,60.0,51.25,True
R2pIu3TFBVlWy31t,0.0,20.0,30.0,40.0,22.5,True
R37EK4pEtfz52TcG,0.0,20.0,30.0,40.0,22.5,True
R3i1amI9QDkg6ihX,0.0,20.0,30.0,40.0,22.5,True
R41U5iE6Fh4ACceq,0.0,20.0,30.0,60.0,27.5,True
R4HYMre7U7aFUKhh,0.0,20.0,40.0,30.0,21.5,True
R65XbBlJVWGfuUSU,20.0,30.0,60.0,40.0,35.0,True
R6Fry5gVhVpU1KMW,0.0,20.0,10.0,60.0,24.5,True
R6HfPQBGxbxtl8nv,0.0,10.0,20.0,30.0,14.5,True
R6iYPb7MHFiHtXH6,0.0,30.0,70.0,60.0,37.5,True
R76mFVmpVp3qnom1,0.0,20.0,10.0,60.0,24.5,True
R7FWnEsXrMyzy8aC,0.0,20.0,60.0,30.0,24.5,True
R8XpdYjnNL7oqryb,0.0,10.0,0.0,20.0,9.0,True
R8rOSVbQCIIajzuk,0.0,20.0,30.0,40.0,22.5,True
R8xqGDtHEcvzyjob,0.0,20.0,60.0,40.0,27.0,True
R9gl1wyBnGoAhWuh,0.0,20.0,10.0,30.0,17.0,True
RAalP94Vy9npUxzr,20.0,30.0,60.0,40.0,35.0,True
RBJFdw8PQyYHuSAA,0.0,20.0,10.0,60.0,24.5,True
RBOsSN8752gfZ1gf,0.0,20.0,30.0,40.0,22.5,True
REsL1mjwfhqSYLDH,0.0,20.0,10.0,30.0,17.0,True
RFqJwRN2Kszre9Gm,0.0,20.0,30.0,60.0,27.5,True
RG5s0f4GlIO78Aur,0.0,20.0,60.0,30.0,24.5,True
RGhk1U3NC8ThYLiQ,80.0,30.0,70.0,60.0,53.5,True
RH0NzLgaGQ911xJP,0.0,20.0,10.0,30.0,17.0,True
RI0lmXgWontGtuXH,0.0,10.0,20.0,30.0,14.5,True
RK0I7kFhJjASu94X,0.0,20.0,30.0,40.0,22.5,True
RKApfojrRdQ3U7rL,0.0,20.0,60.0,30.0,24.5,True
RL33dClGaflmqj4I,0.0,10.0,30.0,20.0,13.5,True
RLhX5CDQL9Gi9FaH,0.0,20.0,30.0,40.0,22.5,True
RMdJncAONlxdSTLW,0.0,20.0,60.0,30.0,24.5,True
RMmejeBpD6PzgUHi,0.0,20.0,30.0,40.0,22.5,True
RNBSl5DBIAflFps0,0.0,10.0,10.0,20.0,10.5,True
RNbd8CGjttzBzyMt,0.0,30.0,70.0,60.0,37.5,True
RNcQi1G6pEFlDb2k,0.0,20.0,30.0,40.0,22.5,True
RObestZArY9gN9Ek,10.0,20.0,60.0,30.0,26.5,True
RPZSqNEm9prJto8t,0.0,20.0,30.0,40.0,22.5,True
RPc1kN6KdWZor7IP,0.0,20.0,10.0,60.0,24.5,True
RR6wd2umsF4FR2qf,0.0,20.0,60.0,30.0,24.5,True
RRNWVqQPkdsfzshw,0.0,20.0,30.0,60.0,27.5,True
RRxTIJunZDLHlhUU,0.0,20.0,30.0,40.0,22.5,True
RSvcsROd2spn6nnW,0.0,20.0,30.0,60.0,27.5,True
RUO8fBFZguBdwHCK,0.0,10.0,20.0,30.0,14.5,True
RUT8sy3VsPkdgGgW,0.0,20.0,60.0,40.0,27.0,True
RUZ2Cx1WPPduu9ES,0.0,10.0,20.0,30.0,14.5,True
RUhF8H0w6kj7hfxU,0.0,20.0,30.0,40.0,22.5,True
RUoYv1AfhJGSWja9,0.0,10.0,60.0,30.0,20.5,True
RVRqLy0O8xgRoEbN,0.0,10.0,10.0,30.0,13.0,True
RWUXQR1iOg5OPctY,0.0,20.0,30.0,60.0,27.5,True
RZzUk1D6iNIb6zLK,0.0,20.0,30.0,40.0,22.5,True
RacYylK7G67FCOHE,0.0,20.0,60.0,30.0,24.5,True
Rb4vL1OWJciQBakT,0.0,10.0,10.0,20.0,10.5,True
Rd3AXiWC4ATFlM8o,0.0,20.0,60.0,40.0,27.0,True
RdhJeV3xJKgmzIjL,0.0,20.0,30.0,40.0,22.5,True
Rfjicl9WevPgiPRG,0.0,20.0,70.0,30.0,26.0,True
RgB6rNIlHWRWpHXP,0.0,10.0,10.0,30.0,13.0,True
RgC1xAoKqLa8q0yu,20.0,30.0,60.0,40.0,35.0,True
RgWKQPGfBVlx8sMM,0.0,10.0,30.0,20.0,13.5,True
Rhv4PHL3WW56dgyP,0.0,20.0,30.0,40.0,22.5,True
RiqyocZf3UMIV9yT,0.0,20.0,10.0,30.0,17.0,True
Rjcz7IiK8PL5UqvX,0.0,20.0,60.0,40.0,27.0,True
RjevXoIyhg9vhhf6,0.0,20.0,60.0,40.0,27.0,True
RkBY1IMdbNG2B9Rd,0.0,20.0,80.0,60.0,35.0,True
RkqQpvdPL1FKgT7o,0.0,20.0,80.0,60.0,35.0,True
RlSZEwc1lFOeMjyt,0.0,20.0,70.0,30.0,26.0,True
Rla5fQilC5uYY5Kw,0.0,20.0,30.0,40.0,22.5,True
RnBNbzS6guTYSwcQ,20.0,40.0,80.0,60.0,47.0,True
RnfSxbpkgMGxWL0R,0.0,10.0,10.0,20.0,10.5,True
RoG6xCT4KjHkzZjV,0.0,30.0,70.0,60.0,37.5,True
RpF6LjoDOqDqQa5Z,0.0,20.0,30.0,60.0,27.5,True
RrIYgsc0KIZSqfUd,0.0,10.0,20.0,30.0,14.5,True
RrjCwlnTc5RInCSd,0.0,20.0,30.0,40.0,22.5,True
Rrl3pBVpCqUQnDpI,0.0,20.0,80.0,60.0,35.0,True
RsYERcai6whKScz5,0.0,20.0,70.0,30.0,26.0,True
RsYyA82b8YB8IUKO,20.0,30.0,60.0,40.0,35.0,True
Rscke5x07F8infT8,0.0,10.0,20.0,30.0,14.5,True
RtN0sw4gr6FQx7qZ,0.0,20.0,30.0,40.0,22.5,True
Ru61iksVggsYjbzA,0.0,20.0,30.0,60.0,27.5,True
RwbG7xTjBf8dAGNA,0.0,20.0,60.0,40.0,27.0,True
RweNX3umYRCFqNS5,0.0,20.0,30.0,40.0,22.5,True
Ry5cShMNVLhX06VB,0.0,20.0,30.0,40.0,22.5,True
RyHhUXOAoA1apIKR,0.0,20.0,10.0,60.0,24.5,True
Rz2FDwjEXaChj4CK,20.0,30.0,60.0,40.0,35.0,True
Rz92ZJxfYzaqIhDx,0.0,20.0,10.0,30.0,17.0,True
RzSn6EQy1DTpW6gy,0.0,20.0,30.0,60.0,27.5,True
RzSuwJYATGT7SeOK,0.0,20.0,30.0,40.0,22.5,True
S2YPlHHC25tUevTL,20.0,30.0,60.0,40.0,35.0,True
S3AJk4kwHIvQ8H87,0.0,20.0,60.0,30.0,24.5,True
S3NkJ5R1Zo3n66O0,0.0,20.0,30.0,30.0,20.0,True
S3UKNP7OPY10G2Z0,0.0,20.0,60.0,40.0,27.0,True
S40LubLi0Kf10HsG,75.0,30.0,80.0,60.0,54.0,True
S53fuvLquZQdhhNi,0.0,20.0,60.0,40.0,27.0,True
S6aKv717N68tGf0v,0.0,20.0,30.0,60.0,27.5,True
S6yTsKDfNACRbAR4,0.0,20.0,30.0,40.0,22.5,True
S7HFCNO6W96psFjs,0.0,20.0,80.0,60.0,35.0,True
S7OuVZxAFBMuM6DN,0.0,20.0,60.0,40.0,27.0,True
S7gyRUzJUr2AtYSI,30.0,20.0,60.0,30.0,30.5,True
S85S7ZRxRttXtJ2t,0.0,20.0,80.0,30.0,27.5,True
SDRwtOeITUjpYBIG,0.0,20.0,30.0,40.0,22.5,True
SE5lrkQlE2R5Ps4U,0.0,20.0,60.0,40.0,27.0,True
SEYEZ7fwp3MbYkkB,0.0,10.0,20.0,30.0,14.5,True
SEZ3udqaYKnEbf6V,20.0,30.0,70.0,40.0,36.5,True
SFZCsbViLZU3iIzs,0.0,20.0,30.0,60.0,27.5,True
SGCXZg4aa9O0AAIM,0.0,20.0,30.0,40.0,22.5,True
SGoNc4BiqzEjWHCM,0.0,20.0,30.0,60.0,27.5,True
SHu0IZg2GThcsud4,0.0,20.0,30.0,60.0,27.5,True
SJ7RMMQYKiEvfSFv,0.0,10.0,20.0,30.0,14.5,True
SJoB7R0aR9KOtnHA,20.0,60.0,85.0,50.0,53.25,True
SKkYSrPZ4uSb7ue3,30.0,20.0,70.0,60.0,39.5,True
SL9zBwTQiNt0Hm2c,0.0,20.0,80.0,60.0,35.0,True
SLtjPnq75cnVCarm,0.0,10.0,20.0,30.0,14.5,True
SM20g2b4LTyOgKWz,0.0,10.0,10.0,30.0,13.0,True
SMpib8fiB4SWwD29,10.0,30.0,40.0,60.0,35.0,True
SPJhiXny2jrTlsNP,10.0,20.0,70.0,60.0,35.5,True
SPUs4Tds25E8DiqO,0.0,30.0,70.0,60.0,37.5,True
SPgftpfVdDvo3MG3,0.0,20.0,60.0,30.0,24.5,True
SPmViU8ir3MyEnDf,10.0,30.0,70.0,60.0,39.5,True
SPpbhWrFeMVxLEKB,0.0,10.0,20.0,30.0,14.5,True
SQEtziWuNeybgflr,0.0,20.0,30.0,40.0,22.5,True
SQGRLf6d6wY0rI5X,30.0,40.0,60.0,50.0,43.5,True
SROatAQgQHrNMSiA,0.0,10.0,10.0,20.0,10.5,True
SRTdky9OaZf0jE7M,0.0,20.0,30.0,60.0,27.5,True
SRrsPVIZrAm2elis,0.0,20.0,10.0,60.0,24.5,True
SSRwj26r6fQ8BM0q,70.0,20.0,60.0,40.0,41.0,True
ST1nH2w8W5BhBlSD,0.0,20.0,70.0,40.0,28.5,True
STLPL4LdzH8kSdhW,0.0,20.0,30.0,40.0,22.5,True
STTTEll5jgZuwpju,20.0,30.0,70.0,60.0,41.5,True
STzzzgoU04SrFnkY,0.0,20.0,30.0,40.0,22.5,True
SUHOikQqiZVhzIjA,0.0,20.0,30.0,40.0,22.5,True
SUfGVwdgBo1evMXN,0.0,20.0,10.0,60.0,24.5,True
SVluJ44eOV1581q1,0.0,20.0,10.0,30.0,17.0,True
SW7TaOdDOjk649Cz,85.0,20.0,75.0,60.0,51.25,True
SXNZ5kUCcAxRUpCN,0.0,20.0,30.0,40.0,22.5,True
SXsuy7Issi0yomn0,0.0,20.0,60.0,40.0,27.0,True
SYFuvRIv8aLvKWgt,0.0,20.0,10.0,60.0,24.5,True
SZdxKEnW7BrVSXlr,0.0,10.0,30.0,20.0,13.5,True
SZu1PTAaTIMS28OF,0.0,10.0,60.0,30.0,20.5,True
Sb3ZUbfukWVZOLff,0.0,10.0,30.0,40.0,18.5,True
SbthGBN0yaNxyz31,0.0,10.0,60.0,30.0,20.5,True
ScMutGShr2TKEO1n,0.0,20.0,30.0,40.0,22.5,True
SdPy7BVppEc60xOT,0.0,10.0,20.0,30.0,14.5,True
SgPLOWVf8Dy3v194,20.0,30.0,70.0,60.0,41.5,True
ShUE5ciRJhtbzN1o,0.0,20.0,30.0,40.0,22.5,True
ShpU8GFf3WyjIopw,0.0,20.0,30.0,40.0,22.5,True
SiBSBJihCh5N5xwm,0.0,20.0,30.0,40.0,22.5,True
SiWiEJmFzPKmJNVH,0.0,20.0,30.0,40.0,22.5,True
Siu30SpYILig6YGT,0.0,10.0,20.0,30.0,14.5,True
SiwMin5HBUG1EMdA,0.0,10.0,20.0,30.0,14.5,True
Slh3EWcEut52Hwms,0.0,10.0,10.0,20.0,10.5,True
SmE8ZgCY5IPxdYOV,0.0,20.0,30.0,40.0,22.5,True
SmPrS72Ia4Wc4jjQ,0.0,10.0,20.0,30.0,14.5,True
Snya2vORqM6s5B46,0.0,20.0,30.0,40.0,22.5,True
Sq9NjdoeEOwNequa,70.0,60.0,80.0,50.0,62.5,True
SqEFJ5IqaCaZSSMr,0.0,20.0,30.0,40.0,22.5,True
SqmwXVUhg5diyNnK,0.0,10.0,60.0,30.0,20.5,True
Sr3AHbfZSXmh035r,10.0,30.0,70.0,60.0,39.5,True
SrgUdoOFiGWedj6W,0.0,20.0,70.0,60.0,33.5,True
SsUMZI4AqEJBY46G,0.0,20.0,10.0,60.0,24.5,True
StN9q7WeNT3EhvSF,0.0,20.0,30.0,40.0,22.5,True
SuH6wMIGnSgQ0cpc,0.0,20.0,10.0,30.0,17.0,True
SvAC1gLOvd0Z1YUp,20.0,60.0,80.0,50.0,52.5,True
SvXxXpqawYbRH81M,0.0,10.0,20.0,30.0,14.5,True
Sz7jfKGZzxxdtLsX,0.0,20.0,30.0,60.0,27.5,True
Szcz44vSpdVE6r5x,0.0,20.0,30.0,60.0,27.5,True
T14LCfZIMuzLcF37,0.0,10.0,30.0,20.0,13.5,True
T166DhJU0j1gO2Ik,0.0,20.0,70.0,40.0,28.5,True
T1q6KGtToB7krfHy,0.0,10.0,10.0,20.0,10.5,True
T3Hhat7cR2M3fvD4,0.0,20.0,30.0,60.0,27.5,True
T3gCkSt5bcuYdswx,0.0,20.0,10.0,60.0,24.5,True
T5PNDHJGtw2GOTUF,0.0,20.0,60.0,40.0,27.0,True
T5uJz9A7n8LXKQiI,0.0,10.0,10.0,30.0,13.0,True
T72grVtaadVUrcYC,0.0,20.0,70.0,30.0,26.0,True
T74IZPeQ36gvNsJ7,0.0,20.0,60.0,40.0,27.0,True
T7GOPCBYhgj2qW0L,0.0,20.0,10.0,30.0,17.0,True
T7RKTt7RYlSyNgw2,20.0,30.0,70.0,60.0,41.5,True
T85PtmjHWp5dZ2ZZ,0.0,20.0,10.0,60.0,24.5,True
T8SgyApXyBlWjHrx,0.0,20.0,70.0,40.0,28.5,True
T8ftJyPYv0iQS18V,0.0,20.0,30.0,40.0,22.5,True
T9JS47NYwoQL0lyt,20.0,30.0,40.0,60.0,37.0,True
TApu5dlcadQVunsE,0.0,20.0,30.0,60.0,27.5,True
TB94EpdVwJvIleNB,0.0,20.0,60.0,30.0,24.5,True
TBQu96WK3Sla3Yk9,0.0,20.0,30.0,40.0,22.5,True
TBVUAtdu7OM4KEOR,20.0,30.0,60.0,40.0,35.0,True
TBkSCwCcU36wNBrO,0.0,20.0,30.0,40.0,22.5,True
TBl3UE2gqnWxNmqh,30.0,20.0,70.0,40.0,34.5,True
TC9hPEleDRnmCYTU,0.0,20.0,30.0,60.0,27.5,True
TD9rf9ReTOsHyR47,0.0,20.0,30.0,40.0,22.5,True
TGpukDGd2OG546C6,20.0,10.0,60.0,30.0,24.5,True
THBj9wz9PD3Bggkx,0.0,20.0,10.0,60.0,24.5,True
THZWM5WJ8LJFTJ52,0.0,10.0,10.0,30.0,13.0,True
TIp0Jzc6m8LdnBFs,0.0,20.0,60.0,30.0,24.5,True
TJLr183kV4PB0zbp,0.0,10.0,30.0,20.0,13.5,True
TJPsDVZFBG8z7mql,0.0,10.0,10.0,30.0,13.0,True
TK1QseQdnBFuH8ay,0.0,10.0,60.0,30.0,20.5,True
TKYZwRg2spCQaVrm,0.0,60.0,70.0,50.0,47.0,True
TL99t1Mw8fyRUvNL,0.0,30.0,70.0,60.0,37.5,True
TLAeSfxO9PMTwRRO,0.0,20.0,60.0,30.0,24.5,True
TLbq3fOGULGvBz9S,0.0,20.0,30.0,40.0,22.5,True
TLcJtwqHYjyiCE5n,60.0,40.0,80.0,60.0,55.0,True
TM0lt6kgSM4xKDV1,0.0,20.0,30.0,40.0,22.5,True
TNj9e2WZsERqMUIr,0.0,10.0,20.0,30.0,14.5,True
TOrixRp7KSS0UZ2z,0.0,20.0,60.0,40.0,27.0,True
TPYcy4OqXINdMdQg,0.0,20.0,30.0,40.0,22.5,True
TPdI4dn8HUGKOWUV,0.0,20.0,30.0,40.0,22.5,True
TQGfLR45O0CZnxqY,0.0,20.0,60.0,30.0,24.5,True
TQTPEL8sAVCPCHQY,20.0,30.0,60.0,40.0,35.0,True
TQfADx2befxm2iO8,0.0,20.0,60.0,30.0,24.5,True
TSyFzpjPSa5W3X4g,0.0,10.0,20.0,30.0,14.5,True
TUr9y9pDkhAl4U9z,0.0,20.0,30.0,40.0,22.5,True
TVSDgCBnV9uaA3YW,20.0,30.0,60.0,40.0,35.0,True
TWFPaotiv0QhT9MC,0.0,20.0,60.0,40.0,27.0,True
TWcUdm9Ie0q3ymqi,0.0,20.0,10.0,30.0,17.0,True
TXLLrWYZP8zwEQM8,0.0,20.0,30.0,40.0,22.5,True
TXxdUAseaneIteOP,0.0,20.0,60.0,30.0,24.5,True
TXyLhv8XEnTqMq4m,0.0,20.0,70.0,40.0,28.5,True
TYxkNBqpOuiigEmi,0.0,30.0,80.0,60.0,39.0,True
TaMBRpw36g11RuNe,0.0,20.0,60.0,30.0,24.5,True
TaobNW5htpVBWpNf,0.0,20.0,10.0,30.0,17.0,True
Tbs70EM6qfiZ6Pp5,0.0,20.0,60.0,30.0,24.5,True
TcMpwgeGChGepnuK,0.0,20.0,30.0,40.0,22.5,True
TcQuwjxCIkIth6bz,0.0,20.0,30.0,40.0,22.5,True
Td1i9ewd7Pgn4q12,0.0,20.0,60.0,40.0,27.0,True
Tdug2Ir2mPNVbv1R,0.0,20.0,30.0,40.0,22.5,True
TgNODagxcUgKBFM2,0.0,10.0,20.0,30.0,14.5,True
TgXMCiOard173KR8,20.0,30.0,70.0,60.0,41.5,True
Tgfx62G09qIZHOyd,0.0,10.0,10.0,20.0,10.5,True
ThIZXP18o2OYgpFF,20.0,30.0,60.0,40.0,35.0,True
ThfnPfGddjfVrMHd,0.0,10.0,60.0,30.0,20.5,True
TimFlG8hCK0nlmdV,0.0,20.0,60.0,40.0,27.0,True
TjTVl32ifA12hdCO,0.0,20.0,30.0,60.0,27.5,True
TkXLDVTuKfT2r61t,0.0,20.0,60.0,40.0,27.0,True
TlAiuect11Kry8hF,10.0,20.0,70.0,40.0,30.5,True
TmR8M3EyTpvkNsAe,60.0,30.0,70.0,50.0,47.0,True
TnwF5fMlgsKzEKf0,0.0,20.0,30.0,40.0,22.5,True
Tnz6pJuXsyDIPwtq,0.0,10.0,20.0,30.0,14.5,True
ToCVujlK1zVrHqOi,10.0,20.0,60.0,40.0,29.0,True
ToKAwatPMykDmi2k,0.0,20.0,30.0,60.0,27.5,True
TokuOhC3LQattCcG,0.0,10.0,30.0,20.0,13.5,True
Tql4pZFUpnent0Oj,0.0,20.0,60.0,40.0,27.0,True
TtFzl8vV3RmMxcXg,0.0,20.0,40.0,30.0,21.5,True
TtNZPHaQ0Jt7Qg84,0.0,10.0,10.0,30.0,13.0,True
TtTnSy5eeAIyhgty,0.0,10.0,10.0,20.0,10.5,True
TviLw2mCVDYq403b,0.0,10.0,20.0,30.0,14.5,True
Tx3bgo4Kh6KmHDdC,85.0,30.0,75.0,60.0,55.25,True
TyBLQ7BMlXkKwooI,0.0,20.0,30.0,40.0,22.5,True
TyhaJf0smxyYfsd6,0.0,20.0,30.0,40.0,22.5,True
TzmZGQwO2YZ8z49Y,0.0,20.0,30.0,60.0,27.5,True
U0Atr2bqDPJmXRWk,0.0,20.0,30.0,60.0,27.5,True
U1KWodXFqAtVv1jc,0.0,20.0,60.0,40.0,27.0,True
U6l8avRSbQ01uEI9,20.0,10.0,60.0,30.0,24.5,True
U7LSnA46aSv9MBlS,0.0,10.0,10.0,20.0,10.5,True
U7aZFNSmheajM4hH,0.0,10.0,10.0,20.0,10.5,True
U8LVwQbftmErP3VG,0.0,20.0,30.0,40.0,22.5,True
U9msClRel9lVGhyc,0.0,20.0,30.0,40.0,22.5,True
UAS7vx8koKgEXRb0,0.0,20.0,30.0,40.0,22.5,True
UBCsB4Nv6GYG3hLO,20.0,30.0,60.0,40.0,35.0,True
UC6BfBqworx6qEkk,0.0,20.0,30.0,40.0,22.5,True
UCmTes0kh1EQvyir,20.0,30.0,60.0,40.0,35.0,True
UCrRfeeERnz97Dan,0.0,20.0,10.0,60.0,24.5,True
UDOQSw2eYIzn9B0n,0.0,10.0,20.0,30.0,14.5,True
UDTjHvuSOrhCLnS1,0.0,10.0,70.0,30.0,22.0,True
UJ6Fyqg6lAg5nQ3K,0.0,20.0,30.0,40.0,22.5,True
UJWwVHbmobHAOq0g,0.0,10.0,60.0,30.0,20.5,True
UL4uKVDSEkTSgyJH,0.0,20.0,10.0,30.0,17.0,True
UL8ikhp4e6Ec55fN,0.0,20.0,30.0,40.0,22.5,True
ULr8XgotFvdKH5HL,0.0,20.0,30.0,60.0,27.5,True
UMRld2RXExpS7y4S,0.0,20.0,30.0,40.0,22.5,True
UOOvQ0nyj1KihWSp,20.0,30.0,60.0,50.0,37.5,True
UOWwkVNgrJpVx9Py,0.0,20.0,70.0,40.0,28.5,True
UOgcxLnMrURIguaX,10.0,20.0,70.0,60.0,35.5,True
UP0tYruDR5PQq3Zt,0.0,10.0,20.0,30.0,14.5,True
UPDVV4FokZzsp8bK,0.0,20.0,60.0,40.0,27.0,True
UQdAdYYp7KH2edCK,0.0,10.0,20.0,30.0,14.5,True
UQtvTDQLHHK4rW5i,0.0,20.0,30.0,40.0,22.5,True
URoWXipJITCRADy2,10.0,20.0,60.0,40.0,29.0,True
URtapn2aqxr6qe8b,0.0,20.0,30.0,40.0,22.5,True
URuJIbnKRvZ64Ywe,0.0,10.0,20.0,30.0,14.5,True
URzF35gxkcEDPgU8,0.0,20.0,30.0,40.0,22.5,True
USCuetcZThb2vPgR,0.0,20.0,10.0,60.0,24.5,True
USsilUa8S8Kz2X9K,0.0,20.0,10.0,60.0,24.5,True
UTTiFe7eijgHk8Tp,0.0,20.0,60.0,30.0,24.5,True
UU7WPdZZtEcX37xS,85.0,20.0,75.0,60.0,51.25,True
UUMGGElAnTqRKlfO,0.0,20.0,30.0,40.0,22.5,True
UUOrjjW6mfNyrzoc,0.0,20.0,30.0,40.0,22.5,True
UUwKH3mzXkdD0ZrN,10.0,30.0,70.0,60.0,39.5,True
UUwipoTjKC1a1rKP,0.0,10.0,20.0,30.0,14.5,True
UVGvkqDt3t0iamuM,0.0,10.0,10.0,30.0,13.0,True
UVu6wa0r5HN6jSzC,0.0,20.0,30.0,40.0,22.5,True
UW3knVk6bn3B8yHB,0.0,20.0,30.0,60.0,27.5,True
UW4zAGqT0M94a6Rv,0.0,20.0,60.0,40.0,27.0,True
UWZaMgyybh0aW1P7,0.0,20.0,10.0,60.0,24.5,True
UYExopv1vlBSkdiM,0.0,10.0,20.0,30.0,14.5,True
UYN9Yx3NPymueZXJ,0.0,20.0,60.0,40.0,27.0,True
UYYE0ehKB9Urjfui,0.0,10.0,20.0,30.0,14.5,True
UZcwP3NEABicHt0a,20.0,30.0,60.0,40.0,35.0,True
Ua8V8v0Du2jPKzzV,30.0,20.0,70.0,40.0,34.5,True
UaG2IBt0aAVFxWA2,0.0,20.0,30.0,60.0,27.5,True
UaH2buGIZLM3av2P,0.0,10.0,60.0,30.0,20.5,True
UbVCn2VjAtt7WCXX,0.0,10.0,20.0,30.0,14.5,True
UcMlIrzDkU0adDmr,0.0,20.0,30.0,40.0,22.5,True
UdE5CPd1tOOxv9nb,20.0,30.0,70.0,60.0,41.5,True
UdLEkHOUNX1yj0Rp,0.0,20.0,60.0,30.0,24.5,True
UeTpyZLZbbr5CMdt,20.0,30.0,70.0,40.0,36.5,True
UeukGvrDOVGRXeTS,0.0,20.0,10.0,30.0,17.0,True
UfYEYQNekGyW4PWG,10.0,20.0,30.0,40.0,24.5,True
UfdjyjoCbxcyYDRs,0.0,20.0,60.0,30.0,24.5,True
Ufx0vlhzz9Dr1yS2,0.0,10.0,10.0,20.0,10.5,True
Uhhw3YQkiojJjllJ,0.0,10.0,20.0,30.0,14.5,True
UiZgW7cVcDXiRQa7,0.0,20.0,30.0,40.0,22.5,True
Uj98PNlgc0gFiF5r,20.0,30.0,60.0,40.0,35.0,True
UjSSQbyL5QHcqkds,0.0,20.0,30.0,40.0,22.5,True
UjaMqlcCMp5EqhxP,0.0,20.0,70.0,40.0,28.5,True
UkcAGg0uuJOmNn7I,0.0,20.0,60.0,40.0,27.0,True
UlKTlFB6s2bur1ER,0.0,10.0,20.0,30.0,14.5,True
Um15UG3VeAFtTUiS,0.0,20.0,60.0,40.0,27.0,True
UmfAca6qWdl6EkJ7,20.0,30.0,70.0,60.0,41.5,True
UoyBxnNCPHHwHCZt,0.0,20.0,70.0,60.0,33.5,True
Up5Js7uPpP8fLGWd,0.0,10.0,20.0,30.0,14.5,True
Up8ac2bW8HgGzYFc,0.0,20.0,30.0,40.0,22.5,True
UpD34LSJrrbSKEeU,0.0,10.0,10.0,20.0,10.5,True
UpNwJuTRuJuklLQt,0.0,10.0,20.0,30.0,14.5,True
UpkDyr7OSJoRu1XX,0.0,10.0,20.0,30.0,14.5,True
Upl3lRzFMeWhe0FG,20.0,30.0,70.0,60.0,41.5,True
UpwQWMO0k03nTAgo,0.0,20.0,40.0,30.0,21.5,True
UqjctOv1FHWhpgsx,20.0,30.0,70.0,60.0,41.5,True
UqvpH9ZvPQBxpv9l,0.0,10.0,20.0,30.0,14.5,True
UreeKX6RvvBrbK7Q,0.0,20.0,60.0,30.0,24.5,True
Uv98CHMc6JGvY4cB,0.0,10.0,60.0,30.0,20.5,True
UvBCw8Q6znxxXGs4,0.0,10.0,20.0,30.0,14.5,True
UxaESJBF8KzKKMKn,10.0,30.0,70.0,60.0,39.5,True
Uy3WIdDJw0Okxq8G,0.0,20.0,10.0,30.0,17.0,True
UzE1pqUxMvERztc7,0.0,20.0,30.0,40.0,22.5,True
UzW3AQiMiwbJZfV3,0.0,20.0,30.0,60.0,27.5,True
V0FccxjiMfHrwD51,0.0,10.0,20.0,30.0,14.5,True
V1BsWESiUlUXL607,0.0,20.0,10.0,60.0,24.5,True
V216R7BJFcBLauD9,0.0,20.0,30.0,40.0,22.5,True
V2I3IbflQXkvWzZi,0.0,20.0,60.0,30.0,24.5,True
V4HcQv4XNiMyjkl1,0.0,20.0,10.0,60.0,24.5,True
V4fBfllhZvcWpUK0,0.0,20.0,30.0,40.0,22.5,True
V4i3erXY2Av7YGr0,0.0,20.0,10.0,30.0,17.0,True
V4lGCqOjZxAuz956,20.0,30.0,60.0,40.0,35.0,True
V55tN4InAFHqNapi,0.0,20.0,40.0,60.0,29.0,True
V777NhBeCava8k5k,0.0,20.0,60.0,40.0,27.0,True
V7pi6arZR8rfpXIs,0.0,20.0,60.0,40.0,27.0,True
V9IA3iXoue794aS1,0.0,20.0,30.0,40.0,22.5,True
VA3my5oeELFd4Bjn,0.0,20.0,10.0,60.0,24.5,True
VAD5q7U25gBBimRK,0.0,20.0,30.0,60.0,27.5,True
VAYhFhKkJZ9eE1aD,0.0,20.0,10.0,60.0,24.5,True
VBMl2YnpKvZp77U1,0.0,20.0,60.0,30.0,24.5,True
VC4fyNsDO9j3kOZ7,0.0,20.0,30.0,40.0,22.5,True
VE514TqfK57aRAzM,0.0,10.0,60.0,30.0,20.5,True
VFwAvCFLKZ2dyhG5,0.0,20.0,60.0,40.0,27.0,True
VFyiB2nMn0sURmAl,0.0,20.0,30.0,60.0,27.5,True
VGgGZXjbLYyEL32c,0.0,20.0,30.0,40.0,22.5,True
VHiy1LCzKr9hpRyy,10.0,20.0,60.0,30.0,26.5,True
VLB5LzxoiGFfWd3h,0.0,10.0,10.0,20.0,10.5,True
VLSw3TNOBkNiYn0n,0.0,20.0,30.0,60.0,27.5,True
VMKc8djCE7SkK1ha,0.0,20.0,60.0,30.0,24.5,True
VO21eVMkK6yYPNjh,0.0,20.0,60.0,40.0,27.0,True
VO4KBHOOIt6wEIoZ,0.0,20.0,30.0,40.0,22.5,True
VO8WpcESrIkQWSUa,0.0,20.0,30.0,40.0,22.5,True
VOBXTUIBGh34hetY,0.0,10.0,10.0,20.0,10.5,True
VPBr1xiRUv4EDCwX,0.0,20.0,30.0,60.0,27.5,True
VR9YIJM42zELiqaR,0.0,20.0,30.0,60.0,27.5,True
VSC9FEb3CLpmsK11,0.0,10.0,20.0,30.0,14.5,True
VSHrAVFZysd5XIW9,70.0,30.0,80.0,60.0,53.0,True
VSeVo1Q76XFJXDyu,0.0,20.0,40.0,30.0,21.5,True
VSh0HB1QVB9D2KOd,0.0,20.0,60.0,40.0,27.0,True
VTISw0JTAOeUHHGf,0.0,20.0,30.0,40.0,22.5,True
VTpogIeR9jmoxCRA,0.0,10.0,10.0,20.0,10.5,True
VU5NsNdRsYsqDrlD,0.0,30.0,70.0,60.0,37.5,True
VUtgnHpAF9djTrfc,0.0,10.0,20.0,30.0,14.5,True
VV5UwnA5P2GjkloN,0.0,20.0,10.0,60.0,24.5,True
VVIZM5oForBFbyvQ,0.0,20.0,30.0,60.0,27.5,True
VYFQGk6lea1kOf4F,0.0,20.0,30.0,40.0,22.5,True
VYrfGXnqnDqc7hHQ,0.0,20.0,30.0,40.0,22.5,True
VYwKACuCFMM2fgRm,0.0,10.0,20.0,30.0,14.5,True
VatdLIm2yBuXxZR7,0.0,20.0,30.0,40.0,22.5,True
VbZcY4RkcIKyFzVc,25.0,10.0,75.0,30.0,27.75,True
VcHSghViBX2b8c8m,0.0,20.0,60.0,30.0,24.5,True
VcJyHWO9dmsCz4tX,0.0,20.0,30.0,40.0,22.5,True
VcLTK0mvUToRIOYE,0.0,20.0,30.0,40.0,22.5,True
VcwPYC2DK3Hc8z0Z,0.0,20.0,30.0,40.0,22.5,True
Vd7IlkYbFGhe5pUC,0.0,20.0,30.0,60.0,27.5,True
VeEty3Mc38kLV9Hn,0.0,20.0,30.0,40.0,22.5,True
Vf0sgib9T70aFqO7,10.0,20.0,60.0,40.0,29.0,True
VfA8Rllc17Tz2PUR,20.0,30.0,70.0,60.0,41.5,True
Vfm69yOg9r4ORI56,0.0,10.0,20.0,30.0,14.5,True
VgJNIQg859aBeFnO,0.0,20.0,30.0,40.0,22.5,True
VhMl6LVjQCxZlqYS,0.0,20.0,30.0,60.0,27.5,True
VhbM48YoB1aLPeLr,0.0,20.0,30.0,40.0,22.5,True
Vi5E9Eb8QiBdVtKD,0.0,20.0,60.0,40.0,27.0,True
Vi6GSbdZStQeDE5T,0.0,10.0,60.0,30.0,20.5,True
ViUcPo6dyL1x8eBu,0.0,20.0,30.0,40.0,22.5,True
VitdyTslriKuAo1m,0.0,20.0,30.0,40.0,22.5,True
VjpvcFZ0OM1TONpE,0.0,20.0,60.0,30.0,24.5,True
Vm7Q6GOmR4tJ01PK,0.0,20.0,60.0,40.0,27.0,True
VmfbvwCFeQc7nRdQ,0.0,20.0,60.0,30.0,24.5,True
VmrEALeZiP1Y6nF9,20.0,10.0,60.0,30.0,24.5,True
VnKwZVEYK4Bu8BkJ,0.0,20.0,70.0,30.0,26.0,True
VoCYS8kgnGzYvZJN,0.0,20.0,30.0,60.0,27.5,True
VobrWstyKDIOLsjY,0.0,20.0,60.0,40.0,27.0,True
VpWVquLTlmlZxSHd,0.0,20.0,60.0,40.0,27.0,True
VqlG0AQAMdzlufuF,0.0,20.0,70.0,40.0,28.5,True
VrPf3kTbKOYXTtJP,0.0,10.0,20.0,30.0,14.5,True
VrjkaBeRSJxScA4M,0.0,10.0,20.0,30.0,14.5,True
VruDceE3Z999Cpo1,0.0,20.0,60.0,30.0,24.5,True
Vs0ckUinRP7TW9sQ,0.0,20.0,30.0,40.0,22.5,True
VtAbbsulTf3i7HMM,0.0,20.0,10.0,60.0,24.5,True
VuCtBKzWAaW8zd9A,0.0,20.0,30.0,60.0,27.5,True
VuKEPOjl7rjiHrWI,0.0,20.0,10.0,30.0,17.0,True
VuSbNCLXnqR4r3ie,0.0,20.0,30.0,60.0,27.5,True
VudjpcG3KPL1Ryrz,0.0,10.0,20.0,30.0,14.5,True
VukuiT4GWGIQZzty,0.0,20.0,80.0,60.0,35.0,True
VvrB5JPIFV9pTQdW,0.0,20.0,60.0,40.0,27.0,True
VwIqQFqxDa0wtTv5,0.0,20.0,30.0,60.0,27.5,True
Vwtp8ezOoKeuGtAr,0.0,30.0,70.0,60.0,37.5,True
VxfYLzkJkll3waWg,0.0,10.0,20.0,30.0,14.5,True
VxpU98eVlkxkV3Xz,0.0,10.0,70.0,30.0,22.0,True
Vyq37KAnllxfF1tY,0.0,10.0,10.0,20.0,10.5,True
Vzg5jk3j6IPpPTOb,0.0,20.0,30.0,40.0,22.5,True
W0fOJITtl2OXtypG,0.0,20.0,70.0,40.0,28.5,True
W2KNy3XndBz3Dbaw,0.0,10.0,20.0,30.0,14.5,True
W4WIYQeAgw3oR8Gf,0.0,20.0,30.0,40.0,22.5,True
W7WkmmiHjNYoaibi,0.0,20.0,30.0,60.0,27.5,True
W7hYYAfRyLnR9AZl,0.0,20.0,80.0,60.0,35.0,True
W84Lw7FYVOL8tFrx,0.0,20.0,70.0,30.0,26.0,True
W8r9lhWCvhGX1XID,0.0,20.0,30.0,40.0,22.5,True
W8tTDPj2Gg6io6xy,0.0,20.0,10.0,60.0,24.5,True
W8wdFrxaW9VMnV3p,0.0,20.0,70.0,40.0,28.5,True
W98g7gKXgYs3I4w4,0.0,10.0,20.0,30.0,14.5,True
WB2IhXfKpNF1Ifr8,0.0,20.0,30.0,40.0,22.5,True
WBgZGXZznkmNOEXL,0.0,20.0,30.0,40.0,22.5,True
WC9VbFYSLIUOBzR7,0.0,10.0,20.0,30.0,14.5,True
WCiBqTYnMnm2a6tU,0.0,10.0,20.0,30.0,14.5,True
WD8hbF1crrLyt09f,0.0,20.0,30.0,40.0,22.5,True
WDbUz3HEvBWEdEfO,0.0,10.0,30.0,20.0,13.5,True
WEXnPXndNLdYcPTc,0.0,10.0,10.0,30.0,13.0,True
WFM0BApCMYPuHfRS,0.0,20.0,30.0,30.0,20.0,True
WFsBqumW7og8BW3r,20.0,30.0,60.0,40.0,35.0,True
WH1seRr5kdj4sHtm,60.0,30.0,80.0,50.0,48.5,True
WHjio81dPB54siVe,20.0,30.0,70.0,60.0,41.5,True
WHyB8LgfZiRi9mYZ,0.0,20.0,30.0,60.0,27.5,True
WIPmsuiCWms8OBzB,0.0,10.0,20.0,30.0,14.5,True
WIRPtCHUrGmZaoqH,0.0,20.0,30.0,40.0,22.5,True
WIcw0CgN3RVJ3oVP,0.0,20.0,30.0,40.0,22.5,True
WIrVADRlBqtRde3M,10.0,30.0,60.0,40.0,33.0,True
WJDW1zDD3QB2dayr,0.0,20.0,30.0,40.0,22.5,True
WJmMffgx1nlckzsd,0.0,20.0,30.0,40.0,22.5,True
WKFGgvxqjy28OcWQ,0.0,10.0,20.0,30.0,14.5,True
WKQjvXvHXpdamZ1w,0.0,60.0,80.0,70.0,53.5,True
WKyEa8wtWy2591AI,0.0,20.0,30.0,40.0,22.5,True
WL4295AOCQhHHpKE,0.0,20.0,30.0,40.0,22.5,True
WL4KziGK98paXPlJ,0.0,20.0,60.0,30.0,24.5,True
WLhHuqJIdyttWi11,0.0,20.0,30.0,60.0,27.5,True
WP6UP9Xs22atpY8t,0.0,20.0,10.0,30.0,17.0,True
WQDQfvJci37NaVKb,0.0,20.0,10.0,60.0,24.5,True
WRoSDSc7WAiElI2g,0.0,20.0,30.0,60.0,27.5,True
WRzgL43XMwPnb698,0.0,20.0,30.0,60.0,27.5,True
WSMdtuELSi1Egr1C,0.0,10.0,10.0,20.0,10.5,True
WSedRwUx50LfXyMX,0.0,20.0,30.0,40.0,22.5,True
WSlmnVErULWHMsg1,0.0,20.0,30.0,40.0,22.5,True
WVTqEoaOJblHk8gn,0.0,20.0,60.0,40.0,27.0,True
WVnhzb1mQF9PGUef,0.0,20.0,30.0,40.0,22.5,True
WWAUg2dUnMjF1GHG,0.0,20.0,30.0,40.0,22.5,True
WWHAYoiZBA6A5D82,0.0,20.0,30.0,60.0,27.5,True
WWPel8XOFDWKWLCR,0.0,20.0,30.0,40.0,22.5,True
WYOvdBMQEI5kdKLV,20.0,30.0,60.0,40.0,35.0,True
WYYOoWYNXmpGmUmH,0.0,20.0,60.0,40.0,27.0,True
WYhUkxAQvj6pYEnq,0.0,20.0,30.0,60.0,27.5,True
WYqtPcC9BzmRtMXm,0.0,20.0,30.0,60.0,27.5,True
Wa3GYoo8H4i1VywB,0.0,20.0,70.0,30.0,26.0,True
WaK6yyeR7xNkN4mk,75.0,20.0,80.0,60.0,50.0,True
WaRyvzKsjCPAOmJa,0.0,20.0,60.0,30.0,24.5,True
WbD9vSK9HINEPIAw,0.0,10.0,20.0,30.0,14.5,True
WbWUD9VaX1QumiRz,0.0,20.0,30.0,60.0,27.5,True
WbtlTp3iF2uHIJf3,0.0,20.0,60.0,30.0,24.5,True
WcfzyyJEdOaSkfF2,0.0,20.0,30.0,60.0,27.5,True
Wd1XX89oQ8UkE8n9,0.0,20.0,30.0,40.0,22.5,True
WdcgOY1Dbh72kCDa,0.0,10.0,20.0,30.0,14.5,True
WdinJ0Uv7WQ64dpF,0.0,10.0,20.0,30.0,14.5,True
WfgqNjfP74ytopVs,0.0,20.0,10.0,30.0,17.0,True
WgOCLhfd6cyu42Se,0.0,20.0,30.0,40.0,22.5,True
WgVRi0DQ8lzCaGz2,0.0,20.0,30.0,60.0,27.5,True
Wh4XLWfNqZPtxq7x,0.0,10.0,10.0,30.0,13.0,True
WhALleExeDgpxSQj,0.0,20.0,80.0,60.0,35.0,True
Whswh4mCrQ4aXiIP,0.0,20.0,60.0,40.0,27.0,True
WiGfAv4dAqzmaR0d,0.0,20.0,30.0,60.0,27.5,True
WivHrN13bDm2tjco,0.0,20.0,30.0,60.0,27.5,True
WlJbvcpqvxoJVHlG,0.0,20.0,60.0,40.0,27.0,True
WmWzF6lNRPeVzNZO,0.0,20.0,60.0,30.0,24.5,True
Wnh8FVMwVuAmnfZG,0.0,20.0,30.0,40.0,22.5,True
WoMRbyY6qYZKc9KU,0.0,20.0,10.0,40.0,19.5,True
WoNq6jFJK4f3TOeN,0.0,20.0,70.0,30.0,26.0,True
WoR1KxfyO5ycoUkQ,10.0,20.0,60.0,40.0,29.0,True
WoXZ6UYpg54lU5yW,0.0,20.0,30.0,40.0,22.5,True
WpIvFoB9JbSegK5i,0.0,20.0,30.0,60.0,27.5,True
WpauETXxStmDS3da,0.0,20.0,30.0,60.0,27.5,True
Wt1rQEyS4dTLq0Jn,0.0,20.0,30.0,40.0,22.5,True
WtbRElZ6GfYN1wNG,0.0,20.0,60.0,40.0,27.0,True
Wu4T3ZEd8XWWUKtn,20.0,30.0,60.0,40.0,35.0,True
WuDkRr2vbcWaXbXQ,0.0,10.0,0.0,20.0,9.0,True
Wuo90X5U6WqtyUc4,0.0,20.0,10.0,30.0,17.0,True
WvRMZ0cyEWnKAntR,0.0,10.0,30.0,20.0,13.5,True
WvicwIv0Pl1XRDSE,0.0,20.0,30.0,60.0,27.5,True
WvmfZUU5ghjpQwKb,0.0,20.0,30.0,60.0,27.5,True
WwlTCykxjP3c4kfo,10.0,20.0,60.0,40.0,29.0,True
Wx97WLWmyZa7hLXs,0.0,10.0,60.0,30.0,20.5,True
WxGJgupDhrCpjgds,0.0,20.0,30.0,40.0,22.5,True
WyB2fW66tMIjJUlq,0.0,20.0,30.0,40.0,22.5,True
WyjGNFSmwgHMZykj,0.0,10.0,20.0,30.0,14.5,True
WyrZsvhkOu7yj8kj,0.0,30.0,60.0,40.0,31.0,True
WzfnjLtbzp8xElqD,20.0,30.0,70.0,60.0,41.5,True
WzsPgzrwcHyj4UT7,0.0,20.0,70.0,30.0,26.0,True
X0qJrVwrVkk5xLvv,0.0,20.0,60.0,30.0,24.5,True
X3NAdmnvJ4kQy7HB,0.0,20.0,60.0,40.0,27.0,True
X3OwvQCMDOZbUDMY,10.0,20.0,60.0,30.0,26.5,True
X3YabLNZL6GBB5R7,0.0,10.0,60.0,30.0,20.5,True
X3bkLvY2EmYHag44,0.0,10.0,20.0,30.0,14.5,True
X45z2YGR6He46kFL,0.0,10.0,70.0,30.0,22.0,True
X6rKyqYLpctBsZdd,0.0,20.0,30.0,40.0,22.5,True
X8eYlgiffdhHD9Gc,0.0,10.0,20.0,30.0,14.5,True
X9iBG63d1hHjtkku,0.0,20.0,10.0,60.0,24.5,True
XA7nBLSQ2Gv5YeyD,0.0,20.0,80.0,60.0,35.0,True
XAzkI6PbGYZfiiRO,0.0,20.0,60.0,30.0,24.5,True
XB8v1iKQMbvT5oyZ,0.0,10.0,60.0,30.0,20.5,True
XBS5QXXuqkXerXdy,0.0,10.0,10.0,30.0,13.0,True
XBolZ9SHDdJp62hD,0.0,20.0,30.0,40.0,22.5,True
XBosP1YYbKqflZTf,0.0,20.0,30.0,40.0,22.5,True
XDODdFdx2bCbNx8P,0.0,20.0,70.0,60.0,33.5,True
XDoVOQ0ikJw07ZC7,0.0,20.0,30.0,40.0,22.5,True
XEDB0ULru2p17fr4,0.0,20.0,30.0,40.0,22.5,True
XEhKI7wvRtzdO9Pf,0.0,10.0,10.0,30.0,13.0,True
XEhx6eusUFtBNhhD,10.0,20.0,60.0,30.0,26.5,True
XF8jrspPCTA8suye,0.0,20.0,80.0,60.0,35.0,True
XGeUUg5qPoDsqDdg,0.0,20.0,30.0,40.0,22.5,True
XHjtzIvq24L5kUFQ,0.0,10.0,10.0,30.0,13.0,True
XHtvcSDP11Jybspx,0.0,20.0,30.0,60.0,27.5,True
XIFI1G3tlZYbWVYQ,10.0,20.0,70.0,40.0,30.5,True
XIMZRt7YnoPiFA2m,0.0,20.0,30.0,40.0,22.5,True
XIxVoy1WiAJKcrSD,0.0,20.0,10.0,30.0,17.0,True
XJDQgQ2vWHqeYxBP,0.0,10.0,20.0,30.0,14.5,True
XJOANO9yBTa2NAnw,20.0,30.0,70.0,60.0,41.5,True
XJgJexw5nQLlxSGI,0.0,20.0,60.0,30.0,24.5,True
XKA2mP9zjbTLeAa8,0.0,20.0,60.0,30.0,24.5,True
XKlA6epXFRg4vbsR,0.0,20.0,30.0,60.0,27.5,True
XKqPnXKANObF4OIs,0.0,20.0,30.0,40.0,22.5,True
XKw400HQ6W34DdXa,0.0,10.0,70.0,30.0,22.0,True
XLMb1ZcLXoEIeqRB,0.0,20.0,30.0,60.0,27.5,True
XLgjgkCDuAhIw9Xn,0.0,20.0,30.0,40.0,22.5,True
XMFgTIY72Kkq9gMu,0.0,20.0,30.0,40.0,22.5,True
XN6E32VUdTiHnJuQ,0.0,20.0,30.0,40.0,22.5,True
XNt6oft5KThqk6ew,20.0,10.0,60.0,30.0,24.5,True
XPY28ckUybV2lHPt,0.0,20.0,60.0,40.0,27.0,True
XRRpqOq44BAzgcwg,10.0,30.0,60.0,50.0,35.5,True
XRSdH1cm8ft5LV5K,0.0,20.0,30.0,60.0,27.5,True
XRaE6iPlMZaoqMZ8,0.0,20.0,60.0,40.0,27.0,True
XRiZ1QYwCM4upYwB,0.0,20.0,60.0,40.0,27.0,True
XRqbvEn65zI52ULg,0.0,20.0,70.0,30.0,26.0,True
XSLlriCKpqyIRi2P,0.0,20.0,60.0,40.0,27.0,True
XStGH8IjmVWF0Oju,0.0,20.0,30.0,40.0,22.5,True
XTMKfAR66xcIhemA,0.0,20.0,30.0,40.0,22.5,True
XTv6wXXJePdHnxIm,0.0,20.0,30.0,40.0,22.5,True
XUA0j3jLtKmJfCpu,0.0,20.0,10.0,30.0,17.0,True
XUnCsc8YYR2xf55m,0.0,10.0,20.0,30.0,14.5,True
XV6n8iWFQH9zzH2B,20.0,30.0,60.0,40.0,35.0,True
XVYxdHAl2IA6Iuys,20.0,30.0,70.0,60.0,41.5,True
XVZP5lXyctlov3RL,0.0,20.0,30.0,60.0,27.5,True
XXOVuB5tyIAyDzXO,0.0,30.0,60.0,40.0,31.0,True
XXVo8pxx2HGwD29j,20.0,30.0,70.0,60.0,41.5,True
XXx4gUdJHwWGKTSL,0.0,20.0,60.0,40.0,27.0,True
XYRMCyIhVR5yX6a1,0.0,10.0,30.0,20.0,13.5,True
XYfcXwlDyNH8hSLH,0.0,10.0,20.0,30.0,14.5,True
XYpz5ZAUieKxmA9I,20.0,30.0,40.0,60.0,37.0,True
XZC2JW76PJyswv1x,0.0,10.0,30.0,20.0,13.5,True
XaDB8eucsjduMJQy,0.0,20.0,30.0,60.0,27.5,True
Xb7GCeGlDrSKyZ7I,0.0,20.0,30.0,60.0,27.5,True
XbEoDnd9Z4rfwaU4,0.0,10.0,20.0,30.0,14.5,True
XcdqvnvHwTLEnd8i,0.0,20.0,30.0,40.0,22.5,True
XcwLLZrZsSDO4XzL,0.0,20.0,70.0,40.0,28.5,True
XdEpoOauw0NEJjYr,0.0,20.0,30.0,40.0,22.5,True
Xejl0WsGNYcuyEcG,0.0,20.0,30.0,40.0,22.5,True
Xeym5MC4Oxbx4C0V,0.0,30.0,70.0,60.0,37.5,True
Xf2WjCJKyMvf9ZNP,0.0,20.0,30.0,60.0,27.5,True
Xf53GrwovECETF4H,75.0,20.0,85.0,60.0,50.75,True
XhZYGhcnbZ6VYAJo,0.0,20.0,10.0,60.0,24.5,True
Xhf29bJraRpNbVKl,20.0,30.0,60.0,40.0,35.0,True
XiXPUP9Ax5yC366y,0.0,10.0,10.0,30.0,13.0,True
XjDvKAcJ6OILWvJy,0.0,20.0,60.0,30.0,24.5,True
XjEmKAVf95uM2CB8,0.0,20.0,10.0,30.0,17.0,True
XjFjREzxmZe8s0x8,0.0,20.0,30.0,40.0,22.5,True
XjXPcxrzrDPZ6vt1,0.0,20.0,30.0,40.0,22.5,True
XjbjE7dBhxNkEoJF,0.0,20.0,30.0,40.0,22.5,True
XjuCV0kFpO8tT04A,0.0,20.0,60.0,30.0,24.5,True
XlZDXyB9uqWUIOsi,0.0,20.0,60.0,40.0,27.0,True
Xll82lhMavpn7OPQ,0.0,20.0,30.0,60.0,27.5,True
XlvBkU6EnNBYrmRX,0.0,20.0,60.0,30.0,24.5,True
Xm4tfcIvyUUV4iHI,0.0,20.0,30.0,60.0,27.5,True
XmIJfHjDpa2QBoto,0.0,10.0,20.0,30.0,14.5,True
Xmv7RLL129SILBPl,0.0,10.0,60.0,30.0,20.5,True
XnivpIhPEV8WL39S,0.0,20.0,60.0,30.0,24.5,True
XnmyTHMXyda6GmrD,0.0,10.0,20.0,30.0,14.5,True
Xo1u0E3cUeCb9pAm,0.0,20.0,30.0,40.0,22.5,True
XoxyBGQZpYVdnjwW,0.0,20.0,80.0,60.0,35.0,True
XpRMATDlCwZDGsr8,0.0,10.0,10.0,20.0,10.5,True
XqBPSd9fZO3GcraY,0.0,20.0,30.0,40.0,22.5,True
XqTCnNsS6Fmhi2eC,0.0,10.0,20.0,30.0,14.5,True
XqV5OM8HpKeb9nla,20.0,30.0,60.0,40.0,35.0,True
Xqbz7HRIqemmmDof,0.0,20.0,30.0,60.0,27.5,True
XqfD3c0ys8Oykw8W,0.0,20.0,30.0,60.0,27.5,True
XrinnJgazc6VZGNe,0.0,10.0,30.0,20.0,13.5,True
XtLO9GWKpMCxNwvp,0.0,20.0,70.0,40.0,28.5,True
XtShO68sxNoo9iEj,0.0,20.0,10.0,30.0,17.0,True
XtSzA1aS8OyoGTY0,0.0,20.0,60.0,40.0,27.0,True
Xtv1ilExMqiyFoZi,0.0,20.0,70.0,60.0,33.5,True
XujX3g08HRinUcDy,0.0,20.0,10.0,30.0,17.0,True
XuuDAV1TBpVZtu4t,0.0,10.0,10.0,20.0,10.5,True
XvlEjHDVybUpjaG6,0.0,20.0,30.0,10.0,15.0,True
XwfESp9Qk3ILwfrw,0.0,20.0,30.0,40.0,22.5,True
XwgzmvieqOWVfVla,0.0,20.0,30.0,60.0,27.5,True
XwlpP5otmI1pUXZY,0.0,10.0,10.0,20.0,10.5,True
XxPL1BKkQWc5zzQ9,0.0,10.0,0.0,30.0,11.5,True
XysIsriRDpLJouUW,30.0,20.0,60.0,40.0,33.0,True
XzaMRNbKDwFTHIZY,0.0,20.0,70.0,30.0,26.0,True
Y0s6iwlrTSEFFEqs,0.0,10.0,20.0,30.0,14.5,True
Y1oYwoioBBfGwcEz,0.0,20.0,30.0,40.0,22.5,True
Y1yJ4jTNbVxTixzv,0.0,10.0,30.0,10.0,11.0,True
Y3d8Lu1ROCbYLmqb,0.0,20.0,30.0,40.0,22.5,True
Y3oobQmzvr3e9Xrw,0.0,10.0,0.0,30.0,11.5,True
Y4HzzVFg7wuqrA4b,0.0,20.0,10.0,30.0,17.0,True
Y5Ij44OZzZD6gly4,0.0,20.0,30.0,40.0,22.5,True
Y5uiZta8r58h7uOD,20.0,10.0,60.0,30.0,24.5,True
Y6Rt687BT6wfLaNG,0.0,20.0,30.0,40.0,22.5,True
Y8deQOzxGZVRk8bj,0.0,20.0,10.0,60.0,24.5,True
Y8q5eGRNcW8Qiss8,20.0,30.0,70.0,60.0,41.5,True
Y9GsTDYv2epVWqXc,0.0,10.0,30.0,20.0,13.5,True
Y9vUpnwyAGZkiXWH,20.0,30.0,60.0,40.0,35.0,True
YAVMsUxqfQR1KZ4h,0.0,30.0,70.0,60.0,37.5,True
YB3a4Ms8eDvak9YU,0.0,20.0,40.0,30.0,21.5,True
YBaHhzYrXg8S4JXa,0.0,10.0,10.0,20.0,10.5,True
YCLZJobTtWvDAjC3,0.0,10.0,10.0,10.0,8.0,True
YCP9HgrBKwpLup0X,0.0,10.0,60.0,30.0,20.5,True
YErAYWX2JPimutA3,0.0,20.0,30.0,40.0,22.5,True
YF9X2xNrRsPp8s1G,0.0,10.0,20.0,30.0,14.5,True
YIR8LOsatnLpXxhz,0.0,20.0,80.0,60.0,35.0,True
YLsuD6VqcvWhMQOK,10.0,20.0,70.0,40.0,30.5,True
YLyQ5b2Rzf6QBLrh,20.0,10.0,60.0,30.0,24.5,True
YOB1qMVWwkwqKYlb,0.0,20.0,30.0,30.0,20.0,True
YP6Oku21gFEsOIwB,10.0,20.0,70.0,60.0,35.5,True
YRAEPchzxyk1FVF0,0.0,20.0,30.0,60.0,27.5,True
YRXwkzhuHD86HNT6,20.0,30.0,80.0,60.0,43.0,True
YRdcTS1AprPDtOXR,0.0,30.0,70.0,60.0,37.5,True
YSgy3c2Eom06Dwt0,0.0,10.0,20.0,30.0,14.5,True
YSwlGEJSovDmp0Z0,0.0,20.0,30.0,60.0,27.5,True
YT9l79SoiGWSa38W,0.0,20.0,70.0,40.0,28.5,True
YTd0NrHcUe1te8n9,0.0,20.0,30.0,40.0,22.5,True
YVntXQMkEyAJdKOH,0.0,20.0,30.0,60.0,27.5,True
YVsAxBXQPxmeEdGF,0.0,10.0,20.0,30.0,14.5,True
YWBu0r3ZTIOOCdQ4,0.0,20.0,30.0,60.0,27.5,True
YWyEgdzAuVBbksLk,70.0,20.0,80.0,60.0,49.0,True
YXihu6wNMB3Eiu7B,0.0,20.0,30.0,60.0,27.5,True
YYARFiOtpqQjTBYy,0.0,20.0,30.0,40.0,22.5,True
YYLWa2J8KZyrX9Ly,0.0,10.0,20.0,30.0,14.5,True
YYf3GK1Vh1g0LZZN,0.0,20.0,10.0,40.0,19.5,True
Yb9n6tH3kXWpBFIJ,0.0,20.0,30.0,40.0,22.5,True
YbLF36erPdJAmpln,0.0,10.0,20.0,30.0,14.5,True
YcEaOlP7sFsG0u5P,10.0,20.0,60.0,40.0,29.0,True
YdT9WKs00ed4fblO,0.0,20.0,10.0,30.0,17.0,True
YgTh7pwQb028Xumu,0.0,10.0,10.0,20.0,10.5,True
YiHQMLogzaI2Duj0,0.0,20.0,30.0,40.0,22.5,True
Yid6ZCdtNOBegRdJ,0.0,20.0,30.0,60.0,27.5,True
YjpQXPO4PiryJFil,0.0,10.0,20.0,10.0,9.5,True
YkA0wZ0PXB9vlKo6,60.0,20.0,70.0,40.0,40.5,True
YlBIWy3Rfjav87TL,0.0,20.0,30.0,40.0,22.5,True
Ym4TxN8Eu760LQIb,20.0,30.0,60.0,40.0,35.0,True
Ym52Rv7MP6B1iCHp,20.0,30.0,70.0,60.0,41.5,True
YmeS19PzytE3K1xO,0.0,20.0,60.0,40.0,27.0,True
YmlajOc1YpkzuaKE,0.0,10.0,20.0,20.0,12.0,True
YnPXRYqletsVGn0Y,0.0,10.0,60.0,20.0,18.0,True
YnsU9IZCwkxAbs5J,0.0,20.0,60.0,40.0,27.0,True
YoSOfHjNCeBUOIfV,0.0,10.0,10.0,30.0,13.0,True
YpMnRwcHjsmUiyiu,0.0,20.0,70.0,30.0,26.0,True
YpjAEkCppj4AiCC6,20.0,30.0,70.0,60.0,41.5,True
YpoQ37N3votJffau,0.0,20.0,10.0,30.0,17.0,True
Ypp3CcdYrULfU3QF,0.0,10.0,20.0,30.0,14.5,True
Yq1dCVQMbtOtIRf8,0.0,20.0,70.0,30.0,26.0,True
Yq54XCcVRGgagrHS,30.0,40.0,60.0,50.0,43.5,True
YqJeK0o6qAyCOzBu,0.0,20.0,30.0,60.0,27.5,True
YsJV2oQ87wPJ8BOk,0.0,20.0,30.0,60.0,27.5,True
YtNexCLRXwxsB1l8,0.0,20.0,30.0,40.0,22.5,True
YtiOsfU0cOEYTtUd,0.0,20.0,10.0,60.0,24.5,True
YtjD7nVrqLTFK0VM,0.0,20.0,60.0,40.0,27.0,True
Yvzd34vuEnHTOW91,20.0,30.0,70.0,60.0,41.5,True
Yw2t4EqC9ZzSM9vc,0.0,20.0,30.0,40.0,22.5,True
YwshaF7RjDRjH9sN,0.0,10.0,20.0,10.0,9.5,True
YxLyO8KpjvKgsbXG,0.0,20.0,30.0,40.0,22.5,True
YxzUYU3dJmlc4cqW,0.0,10.0,10.0,20.0,10.5,True
Yy1NKXy9jbHmOrFK,0.0,20.0,30.0,30.0,20.0,True
YyXllz6GRNEumfeV,0.0,20.0,60.0,40.0,27.0,True
Yz0T4b1288yKqToR,0.0,10.0,10.0,20.0,10.5,True
Z2YeH6FM9SOcyvaB,0.0,20.0,70.0,60.0,33.5,True
Z2eMYy9p0cqvTOmc,0.0,20.0,10.0,30.0,17.0,True
Z2mR1OD41ELWIjS3,0.0,20.0,30.0,40.0,22.5,True
Z3HJAl4nmxDcsrrx,10.0,20.0,70.0,40.0,30.5,True
Z3ZqVvHCPVyyNq0L,0.0,10.0,10.0,20.0,10.5,True
Z4CqRvTH9cFAAtID,10.0,30.0,70.0,60.0,39.5,True
Z4R7IsiBH3x1hF9L,0.0,20.0,30.0,40.0,22.5,True
Z4ZaIsRlpVj5qlnt,0.0,20.0,10.0,60.0,24.5,True
Z51vTfGPlcpTCCHH,0.0,20.0,30.0,40.0,22.5,True
Z5MPAtF8kAHQt2VF,0.0,30.0,70.0,60.0,37.5,True
Z5tVCCfLH7WIGpCr,0.0,20.0,30.0,40.0,22.5,True
Z6EiolVSRmaaEaJA,0.0,10.0,60.0,30.0,20.5,True
Z6pSLzSNJCt7GyKt,0.0,10.0,20.0,30.0,14.5,True
Z7TfVaawKoiQZOO7,0.0,20.0,30.0,40.0,22.5,True
Z8LokcFZ1YWTcK94,0.0,10.0,20.0,30.0,14.5,True
Z8vLvdiAnTvBaFFF,0.0,20.0,30.0,40.0,22.5,True
ZANKTAgUUXmhv1kT,0.0,10.0,10.0,30.0,13.0,True
ZAySEi2vlgtwlTB4,0.0,10.0,10.0,20.0,10.5,True
ZBVJjAhegVsDy75k,0.0,30.0,70.0,60.0,37.5,True
ZCIugzN076LrXNEc,0.0,20.0,30.0,40.0,22.5,True
ZEKHXEk64HFm0ZSe,0.0,20.0,10.0,60.0,24.5,True
ZIgj7KPYIHPy2PYW,0.0,20.0,30.0,60.0,27.5,True
ZK9abZDnNDfmWXcP,10.0,30.0,60.0,40.0,33.0,True
ZKDmqs25MncvoFGI,0.0,10.0,10.0,30.0,13.0,True
ZM8Okq7otX3owqHz,0.0,20.0,30.0,40.0,22.5,True
ZMDkoUybjsYsBWV1,0.0,20.0,30.0,60.0,27.5,True
ZMTVZcaqGNytzQxi,0.0,10.0,30.0,20.0,13.5,True
ZMZG2thADps1DH8O,0.0,20.0,30.0,40.0,22.5,True
ZMbGQqENZ81IUcUg,85.0,30.0,75.0,60.0,55.25,True
ZNIAY93G9oOih7ld,0.0,20.0,80.0,60.0,35.0,True
ZNQNAyo5zvIc9Q4C,0.0,20.0,60.0,40.0,27.0,True
ZOGCwHC0vdYLJ3cQ,0.0,20.0,60.0,40.0,27.0,True
ZOatEE55qiuQIx9N,10.0,30.0,40.0,60.0,35.0,True
ZOu2b2QOtKii1hSD,0.0,20.0,30.0,40.0,22.5,True
ZQqFCBamJjZR9GdE,0.0,20.0,80.0,60.0,35.0,True
ZR293TuA3pgAm1gk,0.0,20.0,30.0,40.0,22.5,True
ZR3eQvmfCyzbZSks,0.0,20.0,60.0,30.0,24.5,True
ZRSUoM3yHulCOae3,0.0,20.0,30.0,60.0,27.5,True
ZSPjdaElcis1xRR6,0.0,20.0,30.0,40.0,22.5,True
ZSUU75O17YylVFGP,70.0,30.0,85.0,60.0,53.75,True
ZSYq25WX8bpr0HOq,0.0,20.0,30.0,40.0,22.5,True
ZUQupPMhjID9GGQq,0.0,10.0,10.0,20.0,10.5,True
ZUQxCgjLb3UgvTdD,0.0,20.0,10.0,60.0,24.5,True
ZVLKT58OQI2Mowts,0.0,20.0,10.0,60.0,24.5,True
ZVVPaZ7nTQKMwiXS,0.0,20.0,10.0,60.0,24.5,True
ZVVp7BnjglnrCAq3,0.0,20.0,10.0,30.0,17.0,True
ZVpObjxibMqvkSmX,0.0,20.0,10.0,30.0,17.0,True
ZVy4yTSrn8cJybZs,0.0,10.0,70.0,30.0,22.0,True
ZWQvkNtxBmFO2Ye1,0.0,10.0,20.0,30.0,14.5,True
ZXobaKLkQV4I5ru3,0.0,20.0,30.0,40.0,22.5,True
ZZQlx47hYkbFntzO,0.0,20.0,30.0,60.0,27.5,True
ZZdAR6plUpBut5ag,0.0,20.0,30.0,40.0,22.5,True
ZaZibqkBkQaeN3PF,0.0,10.0,10.0,20.0,10.5,True
Zaf6ddUcLdH0MLpe,0.0,20.0,30.0,40.0,22.5,True
ZbeyngGWxlbaOjpL,10.0,20.0,60.0,30.0,26.5,True
Zc8MSUoQ1IBUMTSq,0.0,10.0,20.0,30.0,14.5,True
Zd27TtDPkKiCSEs5,0.0,20.0,30.0,60.0,27.5,True
Zd5zAeuS4twN3GvG,0.0,10.0,20.0,30.0,14.5,True
ZdKwIrMIkuTssKr8,10.0,20.0,30.0,40.0,24.5,True
ZdMEQHHCurm1Ks6p,0.0,20.0,10.0,60.0,24.5,True
ZdWqtrewB211XyRp,0.0,20.0,80.0,40.0,30.0,True
Ze7TDLIMTNrHH66w,0.0,20.0,30.0,40.0,22.5,True
Zer3bZ5I7YFGoqS6,0.0,10.0,10.0,20.0,10.5,True
Zf2tTj1d1jJzgi0j,0.0,20.0,60.0,30.0,24.5,True
ZfIICfPh1tHBcd3P,0.0,20.0,30.0,40.0,22.5,True
ZfpxRSWNKGMG4XLC,0.0,20.0,30.0,60.0,27.5,True
Zfz7mC4Xc4vRa8cs,0.0,20.0,30.0,40.0,22.5,True
Zg0QfulBfV4cVxo8,0.0,20.0,30.0,60.0,27.5,True
ZgfgTMDHDU4YhIdM,0.0,20.0,10.0,30.0,17.0,True
ZhAsYXrTBA0GrZEg,0.0,20.0,60.0,40.0,27.0,True
ZiITMkcEXPsROvLw,0.0,10.0,20.0,10.0,9.5,True
ZiZWgpelxejKZpXf,0.0,20.0,60.0,30.0,24.5,True
Zisd4xdC04UA61qQ,0.0,20.0,30.0,60.0,27.5,True
ZjCUgHoi2j7Rr5bk,0.0,20.0,30.0,40.0,22.5,True
Zk12mycgaFhjzgwP,0.0,10.0,20.0,30.0,14.5,True
Zk7VpHlJkvJB9DoZ,0.0,20.0,30.0,40.0,22.5,True
Zl9hBJ9QnnxY7QES,0.0,20.0,30.0,40.0,22.5,True
ZlB14AiurFXG5dRc,0.0,10.0,70.0,30.0,22.0,True
ZlaiXPyVZHpJFJNc,0.0,10.0,20.0,30.0,14.5,True
Zm0oK05VdxM8yBRB,0.0,20.0,60.0,30.0,24.5,True
ZmJD8hjNwfsvl5TZ,0.0,20.0,30.0,60.0,27.5,True
ZmicBfRBm0Oj1Mqu,0.0,10.0,20.0,30.0,14.5,True
ZnAFa9tOkvOtRNBN,0.0,10.0,20.0,30.0,14.5,True
ZncYZQiEOyWN4qDm,0.0,20.0,30.0,30.0,20.0,True
Zqqe0TRAec5gNSD9,0.0,20.0,30.0,40.0,22.5,True
ZrwZjN15lBC381BN,0.0,10.0,20.0,30.0,14.5,True
Zt4a1Tcn2VkEnbnW,0.0,20.0,70.0,30.0,26.0,True
ZtjbmOqZ2QaexnuW,0.0,20.0,30.0,40.0,22.5,True
ZuBYlwpenQxxjXuh,0.0,20.0,10.0,30.0,17.0,True
Zw0jrVn7VzStak0F,10.0,20.0,30.0,40.0,24.5,True
Zwez3VcBbD6e3uKB,0.0,20.0,30.0,60.0,27.5,True
Zy4Eb89rUP5ucj2p,0.0,20.0,30.0,40.0,22.5,True
ZyAi3AlpuSWKy7ax,0.0,20.0,30.0,60.0,27.5,True
Zyb8D6ntsYy2ETqy,0.0,20.0,30.0,40.0,22.5,True
ZyrsKODZ6sEaTdai,0.0,10.0,10.0,30.0,13.0,True
ZzumkDpuSQTvZhsN,0.0,20.0,30.0,40.0,22.5,True
a2LAc8hxmvmZOYbw,0.0,30.0,60.0,40.0,31.0,True
a2bNd2a8r7atCyUK,0.0,10.0,30.0,20.0,13.5,True
a2vobEfkl6Ac3d5J,0.0,10.0,20.0,30.0,14.5,True
a5GFgyOnH4JhLnTR,60.0,20.0,70.0,40.0,40.5,True
a8xYoGsr4Qqt15Y6,0.0,20.0,30.0,60.0,27.5,True
a9ALiKAuyI7v2hj0,0.0,10.0,20.0,30.0,14.5,True
aBHuNbYWZUjppdNY,10.0,30.0,70.0,60.0,39.5,True
aC6fjed0jT2rjmsR,0.0,20.0,60.0,40.0,27.0,True
aD3SzU147ibMh3Hr,0.0,20.0,10.0,30.0,17.0,True
aEiaeNC2bJsiIEq1,0.0,20.0,30.0,60.0,27.5,True
aEtfO1mvKORAAvpp,0.0,20.0,60.0,40.0,27.0,True
aFm4oxbaATq2SuXu,0.0,10.0,70.0,30.0,22.0,True
aHHKXXKfhqhzZabL,0.0,20.0,30.0,40.0,22.5,True
aHIcnv3tANsyBa5t,0.0,20.0,30.0,40.0,22.5,True
aI94QnYrXA1qRrZi,0.0,10.0,60.0,30.0,20.5,True
aIaPtN8jM2nTkW18,0.0,20.0,30.0,60.0,27.5,True
aJcHi1bpNhDdOWZl,0.0,10.0,10.0,10.0,8.0,True
aKGQO4YP15A1mzDH,10.0,20.0,60.0,40.0,29.0,True
aM59jb6dv2YVQzlz,20.0,30.0,60.0,40.0,35.0,True
aM8opMgTozVNsfl0,0.0,10.0,20.0,30.0,14.5,True
aMaN6h88wmG0O3Ab,0.0,20.0,10.0,60.0,24.5,True
aNZKsgtFwmNINTe5,0.0,20.0,30.0,40.0,22.5,True
aO980ubOx3cZVuRC,0.0,10.0,20.0,30.0,14.5,True
aP49RqsWkedeFw5U,0.0,10.0,0.0,20.0,9.0,True
aQHPYQFW9ktqEGp1,0.0,20.0,60.0,40.0,27.0,True
aSv0h3BSiEeoyfUZ,0.0,20.0,30.0,40.0,22.5,True
aVTe6fJsU1J6Lww9,0.0,20.0,30.0,60.0,27.5,True
aW5IagELHzETFJim,0.0,20.0,30.0,40.0,22.5,True
aXmtMHirZ8z4JM6O,0.0,10.0,20.0,10.0,9.5,True
aa5C6EJqlGsxxDBg,20.0,10.0,60.0,30.0,24.5,True
acVQO5iPwVw8mMv3,20.0,30.0,60.0,40.0,35.0,True
aeekTnoSbhADL0yv,0.0,20.0,60.0,30.0,24.5,True
afkiOepoPW7S9HFw,0.0,10.0,60.0,30.0,20.5,True
agEX0GmnjvRQ2VVG,0.0,20.0,30.0,60.0,27.5,True
ageXSAHAPsUBklxl,0.0,20.0,30.0,60.0,27.5,True
agqoGVHJLSKoCxzD,0.0,20.0,30.0,60.0,27.5,True
ahHQrLHat4Ziu6p3,0.0,20.0,60.0,40.0,27.0,True
aicOndr7TSjo2iiT,0.0,20.0,30.0,40.0,22.5,True
ajJvgyjk7wLWp0OA,0.0,20.0,30.0,40.0,22.5,True
akF8wHHY0UqkxiVX,0.0,20.0,10.0,60.0,24.5,True
akPEDSz3Q9VMUFtN,0.0,20.0,30.0,40.0,22.5,True
aks7LkPFI7Yvk2ms,0.0,20.0,60.0,30.0,24.5,True
amRVEa1WVL1bCcZp,0.0,10.0,10.0,20.0,10.5,True
amRikgUPCDvNNdiw,0.0,20.0,60.0,40.0,27.0,True
anS5Lharwi8c4nBc,0.0,20.0,30.0,60.0,27.5,True
aoscld96F3oBeFtu,20.0,30.0,60.0,40.0,35.0,True
aptc88H5YsQICiKF,0.0,10.0,10.0,20.0,10.5,True
aqTw9otCG3kCDQiu,0.0,10.0,60.0,30.0,20.5,True
aqypCWr9vtLUKaqP,0.0,20.0,30.0,60.0,27.5,True
asALbOgCqNQvmG1O,10.0,30.0,60.0,40.0,33.0,True
asUt1LLQF3jCIEwv,0.0,20.0,30.0,40.0,22.5,True
asYXwUZniVof9yPO,0.0,20.0,30.0,60.0,27.5,True
asclvS0ZVIPNVGJe,0.0,10.0,60.0,30.0,20.5,True
atIr5I2cLtS3CUZn,0.0,20.0,30.0,40.0,22.5,True
atbDgqzZLCOTgqUF,0.0,10.0,30.0,20.0,13.5,True
au6o6wuP8GHi2n6q,70.0,20.0,80.0,60.0,49.0,True
auSaTvnDKYu5oJey,0.0,10.0,30.0,20.0,13.5,True
auytbZ5KKx2e9lmO,0.0,20.0,60.0,40.0,27.0,True
av0mRQeo94gZ11Qk,0.0,10.0,10.0,20.0,10.5,True
av6SGXaFLeWcOZWz,0.0,20.0,60.0,30.0,24.5,True
avXiOqkVCJTBJahe,10.0,20.0,30.0,30.0,22.0,True
axaewbJhjsCmOL6W,0.0,20.0,30.0,40.0,22.5,True
axdjwQsKEkRW7OoT,0.0,20.0,10.0,60.0,24.5,True
ayQaqwTUhRNNdGf1,0.0,20.0,70.0,40.0,28.5,True
azPlROYpxdSr4bQ5,0.0,20.0,10.0,30.0,17.0,True
b0LWNTNL1OnV08EH,20.0,30.0,70.0,60.0,41.5,True
b0h4Wr6FAqXjFG0Z,0.0,10.0,20.0,30.0,14.5,True
b1G2xPxSDBvFI5Kn,20.0,30.0,70.0,60.0,41.5,True
b2nLtjLaqxUGV3Hz,0.0,20.0,30.0,40.0,22.5,True
b3x2DXQwUBnNJ468,0.0,20.0,30.0,60.0,27.5,True
b4Yi2rwLsdGwYMOo,0.0,20.0,60.0,30.0,24.5,True
b50NpKGzQBmTMZHt,0.0,20.0,60.0,40.0,27.0,True
b5jNeP7DlyuXgPPp,0.0,20.0,60.0,40.0,27.0,True
b5vRxXTxTw87Uy0j,0.0,20.0,70.0,30.0,26.0,True
b6oqCngDugcQlL7x,0.0,20.0,70.0,40.0,28.5,True
b7A7jpiDUjoPEhCN,0.0,10.0,10.0,30.0,13.0,True
b7HjDFQcuzrzh7RV,0.0,20.0,10.0,40.0,19.5,True
b7NCryXe9NeUOQDF,0.0,10.0,10.0,20.0,10.5,True
b9IigoD1hhJTsi3w,0.0,20.0,30.0,40.0,22.5,True
bAYgzUIjsKELOpNM,0.0,10.0,20.0,30.0,14.5,True
bAznl1dWezWkK79R,0.0,20.0,30.0,60.0,27.5,True
bBErv8GtFUzd8LtZ,0.0,20.0,30.0,60.0,27.5,True
bBULwtEmuB66qiZC,0.0,20.0,60.0,40.0,27.0,True
bCE0UdsZz10UXcxz,0.0,20.0,30.0,60.0,27.5,True
bCasC3OjWA56zbim,0.0,20.0,30.0,60.0,27.5,True
bCnqDIE4YWoUwthr,0.0,30.0,60.0,40.0,31.0,True
bCxApn8uSo635uO6,0.0,20.0,30.0,40.0,22.5,True
bDk3xqZwUmMBcfWB,0.0,20.0,30.0,40.0,22.5,True
bE4V6crlP4ow56DX,0.0,10.0,30.0,20.0,13.5,True
bFdTs3v5xMsJ1tKS,0.0,20.0,30.0,60.0,27.5,True
bGQWFIHtTEC2KIG6,20.0,40.0,70.0,60.0,45.5,True
bGUXJjt8dm0UxR2p,0.0,20.0,10.0,30.0,17.0,True
bGWsFbQTSAJecmLc,0.0,10.0,30.0,20.0,13.5,True
bGXbA2Pne8UpLvNP,0.0,30.0,70.0,60.0,37.5,True
bGnOHxbCzvZNDwNu,0.0,20.0,10.0,60.0,24.5,True
bHUrIsbG0SRBZ86l,0.0,10.0,20.0,30.0,14.5,True
bJEjzOhDWA5bPClV,0.0,20.0,30.0,40.0,22.5,True
bJHypYsVTzDpLhNa,0.0,20.0,30.0,60.0,27.5,True
bKBlwI3HRwCBTBMq,0.0,20.0,30.0,60.0,27.5,True
bKIWV7uLhMJfCWtF,0.0,10.0,60.0,30.0,20.5,True
bKUPLyT0lhJ5mAyC,0.0,20.0,10.0,60.0,24.5,True
bKk2xIClHMYPOszD,0.0,20.0,60.0,40.0,27.0,True
bN5LAkx2qmGrH56b,0.0,20.0,60.0,40.0,27.0,True
bNAsFtiMOmizHpUt,0.0,20.0,80.0,60.0,35.0,True
bNjpiEQhK8nDSqXx,0.0,10.0,10.0,20.0,10.5,True
bNx65z9FK6XOCxB5,0.0,20.0,30.0,60.0,27.5,True
bO9QgncZi5axXAKI,0.0,10.0,10.0,20.0,10.5,True
bOI6uZuHCjnvFGsW,10.0,20.0,70.0,60.0,35.5,True
bP7FUhvfg8zKS8Ry,0.0,20.0,30.0,40.0,22.5,True
bPsisEL3A9dObUdK,0.0,20.0,10.0,60.0,24.5,True
bQAC5dDF1NTRUUP0,0.0,20.0,60.0,40.0,27.0,True
bQr93mpSCZaPc3K1,0.0,10.0,20.0,30.0,14.5,True
bRgyFQsqK4URlnsS,0.0,20.0,30.0,40.0,22.5,True
bRwiy8MOzm07A7tk,20.0,30.0,60.0,50.0,37.5,True
bSfxx9sqNscO1YNS,0.0,20.0,60.0,40.0,27.0,True
bTAWmN4PRvOeTpAJ,0.0,20.0,70.0,40.0,28.5,True
bTSw8KKjK8m1Z4FI,0.0,20.0,30.0,40.0,22.5,True
bULwSPh7raudVeJg,0.0,20.0,70.0,30.0,26.0,True
bVVhhKpYLfap92Ii,0.0,20.0,10.0,60.0,24.5,True
bVoSB9e6pmkvteOO,0.0,20.0,30.0,60.0,27.5,True
bVsOqm5fH2TmPtpB,0.0,10.0,10.0,30.0,13.0,True
bWa40fopd11ROkUh,0.0,20.0,60.0,30.0,24.5,True
bXNXO8827HliedrZ,0.0,20.0,10.0,60.0,24.5,True
bYRLk0bwp2yubsOw,60.0,30.0,80.0,50.0,48.5,True
bYlkwgDyBB1INNlh,0.0,10.0,60.0,30.0,20.5,True
bZwxYanfxUHGDJuc,0.0,10.0,70.0,30.0,22.0,True
baTY3OlGskirWgFc,0.0,10.0,70.0,20.0,19.5,True
bc9PQD62rJvNFViq,0.0,20.0,10.0,30.0,17.0,True
bcqSpAqCxHtAA5Zr,0.0,10.0,20.0,30.0,14.5,True
beAivJwhwcRiSSOa,0.0,20.0,30.0,40.0,22.5,True
beFmgX7qgjEl9wLl,0.0,10.0,70.0,30.0,22.0,True
bel2sZw2Dg9If6xJ,0.0,10.0,20.0,10.0,9.5,True
bfI2CRQ9fGzmFuMM,0.0,10.0,20.0,30.0,14.5,True
bfU4V6lm5iKV7OBe,0.0,20.0,30.0,60.0,27.5,True
bgVd1eFRblyMRujt,0.0,20.0,30.0,60.0,27.5,True
bguXqgoHkCT77oJA,0.0,30.0,60.0,40.0,31.0,True
bhGDDXaopkuDXdSs,0.0,20.0,10.0,30.0,17.0,True
bhgU4jvOaePGz1Oc,0.0,20.0,30.0,60.0,27.5,True
bhpUnYkbW4pr8ZqL,0.0,10.0,20.0,30.0,14.5,True
bizMXTvECxiS6BAJ,0.0,20.0,70.0,60.0,33.5,True
bjz8XDwvqCwmZTXN,20.0,30.0,70.0,60.0,41.5,True
bkGk7t4M9S8Hm8KW,0.0,20.0,30.0,40.0,22.5,True
blV7vY7AZQ3VZprk,0.0,10.0,10.0,20.0,10.5,True
bnoPNHifsCJR1888,0.0,20.0,10.0,30.0,17.0,True
bo08s71qyTwe33k9,0.0,20.0,30.0,60.0,27.5,True
boIwO1S4a8vaWQy2,0.0,20.0,30.0,60.0,27.5,True
bomhHnAf3YeSmp0P,0.0,10.0,0.0,30.0,11.5,True
bpTAtJ8xTfRc6cie,0.0,20.0,30.0,40.0,22.5,True
bpciKLkiOGc5Kjdk,0.0,20.0,30.0,40.0,22.5,True
br16vIpIFxca3VFV,0.0,10.0,40.0,30.0,17.5,True
btXc5htjqD774Z6n,0.0,10.0,20.0,30.0,14.5,True
buiofUS8irrEm9fw,0.0,20.0,30.0,60.0,27.5,True
bv0Yttr1F2SRg3oi,0.0,20.0,30.0,40.0,22.5,True
bvBlAb3HuyqfhgIk,0.0,20.0,30.0,60.0,27.5,True
bvNtQfVwBFheDCun,20.0,30.0,70.0,60.0,41.5,True
bwKVVIPohi19YrWr,0.0,10.0,20.0,30.0,14.5,True
bx2sjjhylyRuRZqL,0.0,20.0,30.0,60.0,27.5,True
bx3M3TnlqSeIoiRV,0.0,10.0,60.0,30.0,20.5,True
bxiK3it8VaFZQ1wv,0.0,20.0,30.0,40.0,22.5,True
bxutUNqPYTnO1toX,0.0,20.0,30.0,60.0,27.5,True
byHetRR2JOtZKNOh,10.0,20.0,70.0,60.0,35.5,True
byJmrXlAbxmp3HIk,0.0,20.0,60.0,30.0,24.5,True
byRhIaPUNeWVLcS2,0.0,20.0,30.0,60.0,27.5,True
bz85EFygPcBWOUx0,0.0,20.0,10.0,30.0,17.0,True
bzKsaN1ybaouBjq2,0.0,20.0,10.0,30.0,17.0,True
bzXoCxEKgPtvjZOf,0.0,20.0,30.0,40.0,22.5,True
c00t1LtFJVDobYaj,0.0,10.0,20.0,30.0,14.5,True
c0r4BZeEu2vgGJCb,0.0,20.0,30.0,40.0,22.5,True
c1OFprS2BcRpgAgo,0.0,20.0,60.0,40.0,27.0,True
c1xObXYvpF7zBB9Y,0.0,20.0,30.0,40.0,22.5,True
c2Lj59DkdNrGcUYm,0.0,10.0,10.0,20.0,10.5,True
c3uXzbmQU7xzCM13,0.0,10.0,30.0,20.0,13.5,True
c4NtZ7rj6nGPAdlc,0.0,10.0,20.0,30.0,14.5,True
c4scbsTAq2wqNDyH,0.0,30.0,60.0,40.0,31.0,True
c6UBKLZPmMMqvec8,0.0,10.0,70.0,30.0,22.0,True
c7ij8vKOZM6MK3zy,10.0,30.0,40.0,60.0,35.0,True
c86nnhkklo3MuqJc,0.0,20.0,30.0,60.0,27.5,True
c86xUC5kFxBjZ453,0.0,20.0,70.0,40.0,28.5,True
c8ant67E0hpgWSFV,0.0,20.0,30.0,60.0,27.5,True
c9yaXO2Fyo1srnnr,0.0,30.0,60.0,40.0,31.0,True
cAiIWPKQlkmHqnx2,10.0,20.0,60.0,30.0,26.5,True
cBwSeId75e7EcsAl,0.0,20.0,10.0,60.0,24.5,True
cC6ZKPmuMEGj9dCg,0.0,20.0,30.0,60.0,27.5,True
cD7bYtU7yrqvapbQ,20.0,30.0,80.0,60.0,43.0,True
cEUXGcBHzEZZS0gC,0.0,20.0,10.0,60.0,24.5,True
cFTCJsISFmKlIwuU,0.0,20.0,10.0,30.0,17.0,True
cGi8g0iraD1XQyBs,20.0,30.0,60.0,40.0,35.0,True
cJTod8TqqbR222wI,0.0,20.0,30.0,40.0,22.5,True
cJdOKPGNYChD5oPo,0.0,20.0,70.0,30.0,26.0,True
cK8ShmbCuAjASnAG,0.0,20.0,30.0,60.0,27.5,True
cLOVrvJExKwdGSlw,10.0,20.0,60.0,30.0,26.5,True
cLZBesMYcK62fadM,0.0,20.0,60.0,40.0,27.0,True
cLc5dQBnOivGU3BP,10.0,20.0,60.0,40.0,29.0,True
cLlvehrjWAkSxJkC,0.0,20.0,30.0,40.0,22.5,True
cMC9kR74WH5olex1,0.0,20.0,30.0,60.0,27.5,True
cMKCJsslNGkLKpey,0.0,20.0,70.0,30.0,26.0,True
cMV0yUuzN8VKMIHP,0.0,20.0,30.0,40.0,22.5,True
cMjRC8xxCWeKiHxz,0.0,20.0,30.0,40.0,22.5,True
cNTmRRUpTn8KBpFL,0.0,20.0,40.0,30.0,21.5,True
cNVpvVWGlEVRh64F,85.0,30.0,75.0,60.0,55.25,True
cOEdAnpAM2NJDNwY,0.0,10.0,20.0,30.0,14.5,True
cQBkqiyhdTppjrJS,0.0,30.0,60.0,40.0,31.0,True
cQKL6J1nK2FzODpH,0.0,20.0,30.0,60.0,27.5,True
cQyrjSv5zKaGT8XF,0.0,20.0,30.0,60.0,27.5,True
cSEMvVffGhkQ5gY0,0.0,20.0,60.0,30.0,24.5,True
cSHBo8ZEYXywLZV6,0.0,20.0,10.0,30.0,17.0,True
cSKdrih2DDAkWvo4,0.0,20.0,30.0,40.0,22.5,True
cSTqrOdK0b3T7EMO,0.0,20.0,30.0,60.0,27.5,True
cTdWXv6pEIWZSM2n,0.0,20.0,30.0,40.0,22.5,True
cUWIqCRu02vxCRFp,10.0,30.0,60.0,40.0,33.0,True
cUeUcgis1sHXaxzM,0.0,20.0,70.0,40.0,28.5,True
cV7NRWoBFjWP8v5c,30.0,20.0,70.0,40.0,34.5,True
cWz5e9hoNbarxPH6,10.0,20.0,60.0,40.0,29.0,True
cXLEK9Fv9XyGTYql,0.0,20.0,70.0,30.0,26.0,True
cXQyS96TFprMLydg,0.0,20.0,30.0,40.0,22.5,True
cXcUcqwnL68TJbrS,20.0,30.0,70.0,60.0,41.5,True
cYe2z3PkTdVPzTpD,0.0,20.0,60.0,40.0,27.0,True
carfcUWJrCMZhox4,0.0,20.0,30.0,40.0,22.5,True
cb50eDMQ1lWueoz3,0.0,10.0,30.0,20.0,13.5,True
ccPugT9HO1r1VqLI,0.0,20.0,30.0,40.0,22.5,True
ccb6jE2RlUietluD,0.0,20.0,30.0,60.0,27.5,True
cdPxsnBqvNZ4WDcg,0.0,20.0,10.0,30.0,17.0,True
cdnL2nqtNcDBME5k,0.0,20.0,30.0,40.0,22.5,True
ceeKUqXCb5FjPOa7,0.0,20.0,30.0,40.0,22.5,True
cf143agQ48sKkAke,20.0,30.0,60.0,40.0,35.0,True
cfbIMzPvsAYgkuoz,0.0,10.0,10.0,20.0,10.5,True
cfzujCAf7oAQJetL,0.0,20.0,60.0,30.0,24.5,True
cgHXQVtbKWtO5num,0.0,20.0,10.0,60.0,24.5,True
cgMBwUYuBMGhy5Km,0.0,10.0,30.0,20.0,13.5,True
ci0TV5q5lYJBeE1S,0.0,20.0,30.0,60.0,27.5,True
cipXfrj8OMaY9a9Y,0.0,20.0,30.0,60.0,27.5,True
cj4DY6Qgz5MHSJPT,0.0,20.0,10.0,60.0,24.5,True
ckVIKetfzSh1iUJr,0.0,20.0,30.0,40.0,22.5,True
cklXe5xX08t40pNc,0.0,20.0,30.0,40.0,22.5,True
clMu6Z9NoOKg7Fjv,0.0,20.0,30.0,60.0,27.5,True
clfk04xtmQVrfZUl,0.0,20.0,30.0,40.0,22.5,True
cntBfvyPlBjstyR0,0.0,10.0,10.0,30.0,13.0,True
cp7HtvFzVkbwRwwO,0.0,20.0,30.0,40.0,22.5,True
cqrUsf5t5rViN7qX,10.0,20.0,60.0,40.0,29.0,True
crAhhCkMuLypKbsb,0.0,20.0,10.0,60.0,24.5,True
crGEocrxhLquvVGA,0.0,10.0,20.0,20.0,12.0,True
crVxevBLM61nnZXj,0.0,10.0,60.0,30.0,20.5,True
ctEQyedj9N2BQWPP,70.0,30.0,80.0,60.0,53.0,True
cta9imAKmAZ04jBJ,0.0,20.0,10.0,60.0,24.5,True
ctrKB2ty7ejUNoKd,0.0,20.0,30.0,60.0,27.5,True
cu7tGz0IEqcWPmsw,0.0,20.0,30.0,60.0,27.5,True
cuwMP4psiMzEQhQe,0.0,20.0,30.0,60.0,27.5,True
cvRG47ZPbT7j6O8H,0.0,20.0,30.0,40.0,22.5,True
cwheEfBRUdo1MIWX,0.0,10.0,10.0,20.0,10.5,True
cy7sbdrCs8HzDMt4,0.0,10.0,10.0,30.0,13.0,True
czgP2A9uaOq9S3Fl,0.0,20.0,60.0,40.0,27.0,True
d00R3BVGH2lGxRSc,0.0,20.0,30.0,60.0,27.5,True
d0GDhxyZqWPEIPWo,0.0,10.0,20.0,30.0,14.5,True
d0KvUoiQUzFaZJq3,0.0,20.0,60.0,40.0,27.0,True
d0ZninoI7QZwZqpC,0.0,20.0,60.0,40.0,27.0,True
d1J5GmKIjku2HChR,0.0,10.0,20.0,30.0,14.5,True
d3IR5RXi6O5mfCWe,0.0,20.0,30.0,40.0,22.5,True
d4ns4lm1Ak7QVic2,0.0,10.0,20.0,30.0,14.5,True
d4qfiedDcQ2rR9ne,0.0,10.0,60.0,30.0,20.5,True
d6XfPKoIVU27c66l,0.0,20.0,30.0,60.0,27.5,True
d6ZWfj6IpmfKvxG8,0.0,20.0,30.0,40.0,22.5,True
d75t4snl0VFahJwe,0.0,20.0,30.0,40.0,22.5,True
d7h3zq1Hh4J6HVaq,0.0,20.0,30.0,40.0,22.5,True
d8RInvCiQIMb8Ng2,75.0,30.0,80.0,60.0,54.0,True
d8woPeX9PcWb8pm1,0.0,20.0,30.0,60.0,27.5,True
d97kwy9Ydcshm5gA,20.0,30.0,70.0,60.0,41.5,True
d9EJFpa42vRmLb2c,10.0,20.0,60.0,40.0,29.0,True
d9LxBmleE1sPcbTo,0.0,20.0,30.0,40.0,22.5,True
dAzOx3yB1d21xbwN,0.0,20.0,80.0,60.0,35.0,True
dB64zH7GewwVDhSu,10.0,20.0,70.0,60.0,35.5,True
dBKofM1BpbY2p7NM,0.0,10.0,20.0,30.0,14.5,True
dCixtrvUjEJAedMv,0.0,30.0,60.0,40.0,31.0,True
dFwgBDVr4ZUHAOEm,0.0,10.0,20.0,30.0,14.5,True
dG5rP4H7lSaCkEej,10.0,20.0,70.0,40.0,30.5,True
dGNYoOwfTS34omVW,20.0,30.0,60.0,40.0,35.0,True
dHlov1obK7FBBM8Z,0.0,20.0,30.0,40.0,22.5,True
dInAgVa3JIcjwF0Q,0.0,20.0,60.0,40.0,27.0,True
dJDRZtUbzq0aVnLe,0.0,20.0,30.0,40.0,22.5,True
dK1N20oj1OVqDbCK,0.0,10.0,20.0,20.0,12.0,True
dKrQOkQZYnQgx6KA,0.0,60.0,80.0,40.0,46.0,True
dNDMkewOJ4owOa7m,0.0,20.0,30.0,40.0,22.5,True
dNOQ7N6EQFbaIJAa,0.0,10.0,30.0,20.0,13.5,True
dNW0BfRW5TCaVRfu,0.0,10.0,10.0,30.0,13.0,True
dOTZQ4HsAz4RSJ3t,0.0,20.0,10.0,30.0,17.0,True
dOvrIxC7shEi4Veu,0.0,20.0,30.0,60.0,27.5,True
dPbGExFXvDvg8Snh,0.0,20.0,60.0,40.0,27.0,True
dPesfr1riqzaPEo1,0.0,10.0,30.0,20.0,13.5,True
dPod4u6iqggrWkcU,0.0,20.0,70.0,60.0,33.5,True
dPqW0hdkDzEtEV8W,0.0,10.0,20.0,30.0,14.5,True
dRrZWgFiIjaEAkmG,0.0,10.0,10.0,30.0,13.0,True
dSgQLeE1M3kbjxjf,0.0,20.0,30.0,60.0,27.5,True
dTlQQMrb1oFxnwOS,0.0,20.0,60.0,40.0,27.0,True
dUX2tnyHkZEuzGqL,0.0,20.0,70.0,40.0,28.5,True
dUZL8wpBWDOQEO53,0.0,20.0,30.0,60.0,27.5,True
dUkR6ecLp7AFUU7A,20.0,30.0,60.0,40.0,35.0,True
dVBC8xZ3r8KoNmt9,0.0,10.0,20.0,30.0,14.5,True
dWaAi1OoeTjanGDx,0.0,20.0,30.0,40.0,22.5,True
dXgzN3LmX3lK76Cq,0.0,30.0,60.0,40.0,31.0,True
dZ17WY0Xcmbrtp7y,0.0,10.0,10.0,30.0,13.0,True
daVpziQl8f73e7TX,0.0,20.0,30.0,40.0,22.5,True
ddLEG62Hkd9Gf2le,0.0,20.0,30.0,40.0,22.5,True
dftQVyYbufLbJXvr,0.0,20.0,10.0,30.0,17.0,True
dgUSIE9pftnLfuf8,0.0,20.0,30.0,40.0,22.5,True
dgzOvMMwo7daS7RB,0.0,20.0,30.0,40.0,22.5,True
dhReAHIbNUkU7uxc,0.0,20.0,10.0,30.0,17.0,True
dhyxDNcxxlPJTeJT,0.0,20.0,30.0,40.0,22.5,True
dixFsmjynPcp7UM8,0.0,20.0,30.0,40.0,22.5,True
dj73p6IJp4zKRE6a,0.0,20.0,60.0,40.0,27.0,True
djN5Xq04IWatSBGH,20.0,10.0,70.0,30.0,26.0,True
djbsbqeT5aDZgKei,10.0,20.0,60.0,40.0,29.0,True
djhZbZbYckFHBtQN,0.0,20.0,70.0,30.0,26.0,True
dkyayq7YYDsBS9UY,0.0,20.0,10.0,30.0,17.0,True
dlZjFxaNmSAQ0brE,0.0,20.0,60.0,40.0,27.0,True
dolcEqkTDBh57FcC,0.0,20.0,30.0,40.0,22.5,True
dp8N7j310savSZht,0.0,20.0,30.0,40.0,22.5,True
dp8j5O7gsxdwD6y4,0.0,20.0,60.0,40.0,27.0,True
dpCnRq1gzEIg7j5D,0.0,20.0,30.0,40.0,22.5,True
dqP2JBWSWeI3zRUC,0.0,20.0,30.0,60.0,27.5,True
dqUeRw4uk9Y9HVY1,20.0,30.0,60.0,40.0,35.0,True
dqVFcEGNYV2PpCM7,0.0,20.0,60.0,40.0,27.0,True
dqZ9oGgZDCNM4VG7,0.0,10.0,10.0,20.0,10.5,True
dr2pGIv5Uj33HCe2,0.0,10.0,60.0,30.0,20.5,True
drXzeIElm51q0y1a,0.0,20.0,30.0,60.0,27.5,True
drcLwoThq5YfYLBh,0.0,20.0,30.0,60.0,27.5,True
droYLsVQT54zTeB9,0.0,20.0,60.0,40.0,27.0,True
ds2yzgNWAo3MYQNa,0.0,10.0,20.0,30.0,14.5,True
dsgpzFDE9yFMxZLQ,0.0,30.0,70.0,60.0,37.5,True
dtF2POAVgsoDG96H,0.0,20.0,30.0,40.0,22.5,True
dtU3kxkIRryuG7bB,10.0,20.0,70.0,40.0,30.5,True
dvKdrhhDQ1KO2REC,20.0,30.0,60.0,40.0,35.0,True
dw9ge8uTEMsjpH8F,0.0,20.0,30.0,40.0,22.5,True
dxzGDJdDYeiS2Xzv,20.0,40.0,70.0,60.0,45.5,True
dyV6PZfMsMKXLhm6,0.0,10.0,10.0,30.0,13.0,True
dzNbQOPBggN8YUwX,20.0,30.0,60.0,40.0,35.0,True
dzgSkdn0qE1OgCVv,0.0,20.0,30.0,60.0,27.5,True
e00ghFMZNoeZmBvZ,0.0,20.0,10.0,30.0,17.0,True
e13Lg8XT1rXdbZMN,80.0,30.0,70.0,60.0,53.5,True
e1hq4Eu4sQz8Bjr6,0.0,20.0,60.0,40.0,27.0,True
e2XrCfwLagg5kuai,0.0,20.0,80.0,60.0,35.0,True
e4upqQSFsmM7iFaH,0.0,20.0,30.0,40.0,22.5,True
e5uqF0vLwbhZm2WZ,0.0,20.0,70.0,30.0,26.0,True
e6T87shXCg58XyvE,0.0,20.0,30.0,40.0,22.5,True
e6UEWHDzajGFtMaE,10.0,20.0,60.0,40.0,29.0,True
e75E38DWZci4jQnJ,0.0,10.0,60.0,30.0,20.5,True
e9D87KLAlm5wyNL6,0.0,20.0,10.0,40.0,19.5,True
eA99xKMTmSaRiVOV,0.0,20.0,30.0,60.0,27.5,True
eBdSEKQgF187Lgn6,0.0,10.0,20.0,30.0,14.5,True
eDVxDAVagGc9HBTC,0.0,20.0,60.0,30.0,24.5,True
eECXxGLgCGo8NcUY,0.0,20.0,30.0,40.0,22.5,True
eEMNnCTYJgaPRPW6,0.0,10.0,20.0,30.0,14.5,True
eEvPnphCdiQ2w5np,0.0,20.0,60.0,30.0,24.5,True
eFnyuqi5zlsgDIql,0.0,20.0,30.0,40.0,22.5,True
eGQgzKJeP18s5goY,0.0,20.0,10.0,30.0,17.0,True
eGVxwMtaUCLNZ5jo,0.0,20.0,40.0,30.0,21.5,True
eHKaNPkCwUnOVj6A,0.0,20.0,30.0,40.0,22.5,True
eHWKHYBnTAV6f3o3,0.0,20.0,60.0,30.0,24.5,True
eHXjJq4nNKXCtHYy,20.0,30.0,60.0,40.0,35.0,True
eHgLzPhmIPC23xPN,20.0,30.0,60.0,40.0,35.0,True
eHrCUjyzGdz8nV4M,20.0,30.0,70.0,60.0,41.5,True
eJDgcNQzOHuBtivW,0.0,20.0,30.0,60.0,27.5,True
eJyM8jG6LE5lZGrv,0.0,20.0,30.0,60.0,27.5,True
eKfJXhIkZG22fK7D,0.0,20.0,30.0,40.0,22.5,True
eL3PhVbva2F4gLDc,0.0,20.0,60.0,30.0,24.5,True
eLf2p0U4w5bwTVoU,0.0,20.0,10.0,30.0,17.0,True
eNeHAUkUmpMXWl1l,0.0,20.0,30.0,40.0,22.5,True
eNsUTM0DLAOMvIyE,0.0,20.0,30.0,40.0,22.5,True
eP32fNMGyDLJ9YV5,0.0,20.0,10.0,30.0,17.0,True
eQQ3IQx58TBpuia3,0.0,20.0,30.0,40.0,22.5,True
eQYfd8CWpwhiJMAl,0.0,20.0,30.0,40.0,22.5,True
eQfb4hUuGtxzC1o9,0.0,20.0,60.0,30.0,24.5,True
eRo7qYYOLQZ7mBhI,0.0,10.0,10.0,20.0,10.5,True
eS9OCLAp5mbOvaDW,20.0,30.0,70.0,60.0,41.5,True
eSC9eMR9O9e5yo7Z,0.0,20.0,60.0,30.0,24.5,True
eTLeR7GdZtoG5tSp,0.0,20.0,70.0,30.0,26.0,True
eTzOlLZJQ8FcZkvj,0.0,20.0,60.0,30.0,24.5,True
eVTSLru10zQstBqX,0.0,30.0,70.0,60.0,37.5,True
eWB1JesEihS3rvHA,0.0,20.0,30.0,60.0,27.5,True
eWCKNzFbJaJYMDtR,0.0,20.0,30.0,60.0,27.5,True
eXelfSHf2yD3SMmZ,0.0,10.0,10.0,20.0,10.5,True
eYtIDzLApNpJkEye,0.0,20.0,30.0,40.0,22.5,True
eZ8K5NS1WZcwe8AM,0.0,10.0,10.0,30.0,13.0,True
eZG1CxzYLlB5S5Li,0.0,20.0,30.0,10.0,15.0,True
ebtj2FXVLEqNmwr1,0.0,20.0,30.0,60.0,27.5,True
ec6qdyV7RjLgfICk,0.0,20.0,30.0,40.0,22.5,True
ecQoXsf2o3gyrDO1,0.0,10.0,10.0,20.0,10.5,True
efq7cSV2UsiHIA8V,0.0,20.0,30.0,60.0,27.5,True
ehwrX4Q5pKEI6gxF,20.0,30.0,70.0,60.0,41.5,True
eiYnMIfIKoNDPOZk,0.0,20.0,10.0,30.0,17.0,True
ejAgBoS0krTHTJ4R,0.0,20.0,10.0,60.0,24.5,True
ejDLHm5h4lWWqiJR,0.0,20.0,30.0,60.0,27.5,True
ekBrAtEYexq8pUOF,0.0,20.0,10.0,60.0,24.5,True
ekNUUuwvfRTbb9x4,0.0,20.0,60.0,30.0,24.5,True
ektv7klLjqZxyCRb,0.0,60.0,70.0,50.0,47.0,True
eljuMcZ9LYSvyzWI,0.0,20.0,10.0,60.0,24.5,True
enrQLaLXBOe0MEMF,0.0,20.0,30.0,40.0,22.5,True
epPndgbEvmx8WRcl,0.0,20.0,60.0,30.0,24.5,True
epWJEJncuPzHiGZV,0.0,10.0,10.0,20.0,10.5,True
eq8InFTV0w562oCT,0.0,10.0,10.0,20.0,10.5,True
eqF93vAKYa4aOeHr,0.0,20.0,30.0,40.0,22.5,True
eqQHpmpurd5ghlCk,0.0,10.0,20.0,30.0,14.5,True
eqxocQnH6YxyE6D4,0.0,20.0,30.0,40.0,22.5,True
esXaLJlfkFclphJM,20.0,30.0,70.0,60.0,41.5,True
euYlcqNMGcZLtP1M,0.0,20.0,30.0,40.0,22.5,True
euxcjMUOZ4gyGUfv,0.0,10.0,20.0,30.0,14.5,True
eventWQyxdITQAuS,0.0,20.0,80.0,60.0,35.0,True
ew7GgsYRtMfsW7Cy,0.0,20.0,30.0,40.0,22.5,True
ewYlEIEmas0JBluR,0.0,10.0,20.0,20.0,12.0,True
ewvmt7GkagjVTJrd,0.0,20.0,30.0,40.0,22.5,True
exmvmM2zho1BUFrW,0.0,20.0,10.0,60.0,24.5,True
f0A4hGIcHgKaq7JQ,0.0,10.0,10.0,30.0,13.0,True
f0hic7FbgHSQbSvO,0.0,10.0,30.0,20.0,13.5,True
f12FNNKmltSlc4ks,0.0,20.0,30.0,60.0,27.5,True
f1ffBgVVxZiJdL9J,0.0,20.0,30.0,60.0,27.5,True
f5cMjlBHvMlRBj5Q,0.0,20.0,30.0,40.0,22.5,True
f5dCzCDVCZXI2A9C,30.0,20.0,60.0,40.0,33.0,True
f6dJDcGlyMFY9hWG,0.0,10.0,20.0,30.0,14.5,True
f7JWK1HEvxFL3QI2,0.0,20.0,70.0,40.0,28.5,True
f87j9oDxpalJ6rKC,0.0,20.0,10.0,30.0,17.0,True
f8QIolG5Xe3f2ZYp,0.0,20.0,60.0,40.0,27.0,True
f8wxH47w7Ko3L5Qk,0.0,20.0,70.0,30.0,26.0,True
f95LPcmWwMt3VaKs,10.0,20.0,60.0,30.0,26.5,True
fBM0lIsugfuQstCM,0.0,20.0,30.0,40.0,22.5,True
fBZpq2PTo2Rco8gd,20.0,30.0,70.0,60.0,41.5,True
fCtxAqjtaaH0W2iw,0.0,10.0,20.0,30.0,14.5,True
fET1V5dC4o1h4Ctr,0.0,20.0,10.0,60.0,24.5,True
fGa0q4XicRjkmauX,0.0,20.0,70.0,30.0,26.0,True
fGd6OPCnL7jbUciw,0.0,10.0,20.0,30.0,14.5,True
fGsiykQiyt1Ps6gH,20.0,30.0,70.0,60.0,41.5,True
fH6m4Bk1BqStG9IQ,0.0,10.0,20.0,30.0,14.5,True
fH7IpSeltPK89Y6E,0.0,20.0,30.0,60.0,27.5,True
fHfmC6iWjLVmHVat,0.0,20.0,60.0,40.0,27.0,True
fIqp2aZPgKlkbMxB,0.0,20.0,30.0,40.0,22.5,True
fIuNZkbAnb2qhywi,10.0,20.0,70.0,40.0,30.5,True
fKKE01yCwLVTHmQm,0.0,10.0,10.0,30.0,13.0,True
fKUyLnLuCJFwZldE,0.0,20.0,30.0,40.0,22.5,True
fLLq60ebem5PCZif,0.0,10.0,20.0,30.0,14.5,True
fLTAHKXSZVoSfpxa,0.0,20.0,30.0,60.0,27.5,True
fNdKPYY3938VlsJE,0.0,10.0,20.0,20.0,12.0,True
fNmdSy5qBOKhjyZF,0.0,20.0,10.0,60.0,24.5,True
fPQsGsRu9rt73mba,0.0,60.0,80.0,50.0,48.5,True
fQt5V9uSMYrx8AJW,0.0,30.0,70.0,60.0,37.5,True
fT6kfNSJdqfH7qCj,0.0,20.0,30.0,40.0,22.5,True
fUVZgu51CqrTZNzQ,10.0,30.0,40.0,60.0,35.0,True
fUpjRJ2XxaEkwgEJ,0.0,10.0,20.0,30.0,14.5,True
fWKWQl9cjSv1NV1L,0.0,20.0,30.0,60.0,27.5,True
fWvXFg7Bc5rly880,0.0,10.0,70.0,30.0,22.0,True
fWxwvfAvWeFzIdHA,0.0,20.0,30.0,40.0,22.5,True
fZm2cAMACleXiIgu,10.0,20.0,60.0,40.0,29.0,True
fZyQb4BQmKk9oeH7,0.0,20.0,60.0,30.0,24.5,True
fa3UH8zgZ7yX060q,0.0,10.0,20.0,30.0,14.5,True
faEi3uSzRnTyTBVM,0.0,20.0,30.0,60.0,27.5,True
faKkl4iufUqvwE6L,10.0,20.0,60.0,40.0,29.0,True
fb2nkyXzsPW9Pjht,0.0,20.0,30.0,40.0,22.5,True
fbEQtkTD2KVLbDDX,0.0,20.0,30.0,40.0,22.5,True
fbWcVnYOtostMMFx,0.0,20.0,30.0,40.0,22.5,True
fc6OFtNhQyhYKskp,0.0,20.0,30.0,60.0,27.5,True
fcGhNtSIXqTiiB4l,0.0,20.0,30.0,40.0,22.5,True
fcbzOM6P0CEsdaMS,0.0,20.0,60.0,40.0,27.0,True
fcyUXAVcVQYdl3y5,30.0,20.0,70.0,40.0,34.5,True
fdbPL2qsoaciDFoi,20.0,30.0,70.0,40.0,36.5,True
fdoxzxFrPJdJ6tmF,0.0,20.0,60.0,40.0,27.0,True
fegDvq4KqsKvEPsk,0.0,10.0,40.0,30.0,17.5,True
ffYZ8XBo1lJjVjxh,20.0,10.0,60.0,30.0,24.5,True
ffuyWOTIut9bkyV1,0.0,30.0,60.0,40.0,31.0,True
fgkXxGbttS4odzuR,0.0,10.0,60.0,30.0,20.5,True
fh6vXk0uuGRB1lDC,0.0,10.0,20.0,30.0,14.5,True
fiPZA3D5YSM7BNlD,0.0,20.0,30.0,40.0,22.5,True
fjODbAygJXuQoAcT,0.0,20.0,60.0,40.0,27.0,True
fk4LdCXvWMzu63NM,0.0,20.0,10.0,60.0,24.5,True
fkLVLXBtkzco91pA,0.0,20.0,30.0,60.0,27.5,True
fkgRJlc0SMFblme6,0.0,20.0,10.0,60.0,24.5,True
fmGcACgpdDTovfd0,0.0,20.0,30.0,60.0,27.5,True
fmUhGrx6AbvN91No,0.0,10.0,10.0,30.0,13.0,True
fn5XUXecqvcjwXJQ,0.0,20.0,30.0,40.0,22.5,True
fnVHxtsWuCRDbjNL,0.0,10.0,30.0,20.0,13.5,True
fnkzgge74EJdbXzH,0.0,10.0,20.0,30.0,14.5,True
fodrt1WJWI62fZTJ,0.0,10.0,20.0,30.0,14.5,True
fotfkvVpPZH1S75X,20.0,30.0,60.0,40.0,35.0,True
fpCCURZhSWRGGAWj,0.0,20.0,30.0,40.0,22.5,True
fq16XqCf5Avc2qqX,20.0,30.0,70.0,60.0,41.5,True
fqDKWuwqVZekK6Z3,20.0,30.0,70.0,60.0,41.5,True
fqSf79prKmYh5WE6,0.0,10.0,10.0,30.0,13.0,True
fqpdmfISmK05pp0b,0.0,20.0,30.0,40.0,22.5,True
fqqvJi0lcBF21niZ,0.0,20.0,10.0,30.0,17.0,True
frwEdBu7SI5SBXGB,20.0,30.0,60.0,40.0,35.0,True
fsGQONvf08WpRtoZ,0.0,10.0,20.0,30.0,14.5,True
fsfyhrevbLpEFRWg,0.0,10.0,10.0,20.0,10.5,True
fswCOIGD9ZW6cSPC,0.0,10.0,10.0,20.0,10.5,True
ftCq5R12ClNKdTwx,70.0,30.0,80.0,60.0,53.0,True
fufQMJPxSqvGjWK9,0.0,10.0,10.0,30.0,13.0,True
fvHJi4UUe1H39D9c,0.0,10.0,10.0,30.0,13.0,True
fvj7AEm0PCheaCWa,0.0,20.0,60.0,30.0,24.5,True
fw7lp5IzCyEmIXQl,0.0,10.0,10.0,30.0,13.0,True
fxvhF26uHWz5n576,0.0,20.0,80.0,40.0,30.0,True
fzsFAqLlUEmJSAJZ,0.0,20.0,60.0,30.0,24.5,True
g0xyNgrB8RgyR8te,0.0,30.0,70.0,60.0,37.5,True
g1CakP8AQ3EhMKye,10.0,20.0,70.0,40.0,30.5,True
g3MD4XDApGxG7zTZ,0.0,10.0,60.0,30.0,20.5,True
g3nKhimFDqxMPLH9,0.0,10.0,10.0,30.0,13.0,True
g3stqtASZxFtHeZs,0.0,20.0,70.0,40.0,28.5,True
g4zPkQjRO6GO8smU,0.0,20.0,60.0,40.0,27.0,True
g5KRUhoVGac23apc,0.0,20.0,30.0,60.0,27.5,True
g6gHjpmNHq0wrYzf,0.0,20.0,30.0,40.0,22.5,True
g6x6qG6aMrcPrPEz,0.0,20.0,30.0,60.0,27.5,True
g9NIE4MigAvag2H9,0.0,20.0,80.0,60.0,35.0,True
g9R55WWmaPaeVyfO,0.0,20.0,70.0,40.0,28.5,True
gAIy40YDaZHIuubz,0.0,20.0,10.0,30.0,17.0,True
gASAKtAb4i9Oek69,75.0,30.0,60.0,50.0,48.5,True
gBzw1QL3utv8t7Up,0.0,30.0,60.0,40.0,31.0,True
gCVc8yDKYPrKcFIB,0.0,10.0,20.0,30.0,14.5,True
gCijUesXvSuLpTEB,0.0,20.0,30.0,40.0,22.5,True
gCzrW8fFkBHcIaHg,0.0,20.0,10.0,60.0,24.5,True
gEiPmQy7GxcqUVYQ,0.0,20.0,70.0,40.0,28.5,True
gEkVz95jGXap8nS4,0.0,10.0,30.0,20.0,13.5,True
gF6UADzi73k24Ccj,0.0,20.0,70.0,30.0,26.0,True
gFjcsIH2HzJdQtgG,0.0,20.0,30.0,40.0,22.5,True
gGBAgDQUK0qwqLfX,0.0,20.0,60.0,40.0,27.0,True
gGXi0ZbP0Fa6zyTW,0.0,10.0,20.0,30.0,14.5,True
gHqA1DLdJDEZSoEn,20.0,10.0,70.0,30.0,26.0,True
gICNJLE4AXopRWci,0.0,10.0,30.0,20.0,13.5,True
gIV0v2TfmiEWK5C0,0.0,20.0,30.0,40.0,22.5,True
gIX5r3F8fqyQikb8,0.0,10.0,10.0,30.0,13.0,True
gIsgG41Aja6oboBy,0.0,20.0,30.0,40.0,22.5,True
gJPJgkjtYXyyh7q4,0.0,20.0,60.0,40.0,27.0,True
gJkn38FLpfjzN1EH,0.0,20.0,60.0,40.0,27.0,True
gK3m6hYNjlUK8rfX,0.0,20.0,60.0,40.0,27.0,True
gKHu8KyFeHojgm9a,10.0,20.0,60.0,40.0,29.0,True
gKVCQDEsIBDxNx98,0.0,10.0,10.0,20.0,10.5,True
gKgjPAdqSUIwVHKA,20.0,30.0,60.0,40.0,35.0,True
gL0DWPJAcXVg4OWy,0.0,10.0,20.0,30.0,14.5,True
gLJpzK5eYuCnRDBX,0.0,20.0,10.0,30.0,17.0,True
gLNNqSwlMuV45WhF,0.0,20.0,30.0,60.0,27.5,True
gLu3GbSabYJtgzjR,75.0,30.0,60.0,50.0,48.5,True
gMPtcUZKyfXd6Xvw,0.0,20.0,30.0,60.0,27.5,True
gN8qJ5Nzi68K80XI,0.0,10.0,20.0,30.0,14.5,True
gNSav5n4F15yMnkU,0.0,20.0,70.0,40.0,28.5,True
gO6QA6eQGbLZG0Wb,0.0,20.0,60.0,40.0,27.0,True
gOSvNjpr6SBzuje2,0.0,30.0,60.0,40.0,31.0,True
gOYJSj395B9Pg8YX,0.0,10.0,60.0,30.0,20.5,True
gOlKOJwyCSiqdxxv,0.0,20.0,70.0,40.0,28.5,True
gOw35akAEvvP5gl6,0.0,20.0,60.0,40.0,27.0,True
gP7kGWfDFYMbZ8nO,30.0,20.0,70.0,40.0,34.5,True
gQBGXxj18x1peQZ1,10.0,30.0,70.0,60.0,39.5,True
gQKyaXjubNUTQjFb,10.0,20.0,60.0,40.0,29.0,True
gSRiLOj8cDjjmcYn,10.0,20.0,80.0,30.0,29.5,True
gSRuO29rOsFt1Fpp,0.0,30.0,60.0,40.0,31.0,True
gSXt2RMZhYKYcwIB,0.0,20.0,10.0,60.0,24.5,True
gT7S2CnDnp1MEZOQ,85.0,30.0,70.0,60.0,54.5,True
gWRa8FIM2RcOEIBK,0.0,30.0,60.0,40.0,31.0,True
gWy110rXUX1cmt8n,0.0,20.0,30.0,40.0,22.5,True
gXd9E6aDhBprJx3Y,0.0,10.0,10.0,20.0,10.5,True
gXzGIuLlzzoEOUba,0.0,30.0,80.0,60.0,39.0,True
gYA8FtpnJdbw4qwR,0.0,10.0,20.0,30.0,14.5,True
gYNNY28g0JcGgkOh,0.0,20.0,10.0,60.0,24.5,True
gZGtGKEtjipu3rZn,0.0,20.0,30.0,60.0,27.5,True
gZTYL1EmGfQU3ZRK,0.0,20.0,70.0,60.0,33.5,True
gZau8VWOQ4CE5Qiw,0.0,10.0,30.0,20.0,13.5,True
ga3ULsRukuu4pSKy,10.0,20.0,60.0,30.0,26.5,True
gbEBZbLZO7v1qpgE,0.0,10.0,20.0,30.0,14.5,True
gbIcQ6ecZn0bkl4g,20.0,30.0,70.0,40.0,36.5,True
gcYQGLdEh6qcetQa,0.0,20.0,30.0,60.0,27.5,True
gce4p1JQiCled3Wu,0.0,20.0,30.0,60.0,27.5,True
gcoZoTE0XUST4daI,0.0,10.0,20.0,30.0,14.5,True
gfJDEHzpqOersJ5E,0.0,20.0,60.0,30.0,24.5,True
gfSAUvLw7xV0JZOT,0.0,10.0,20.0,30.0,14.5,True
gg5hfS9d6SHxZS3e,0.0,10.0,20.0,10.0,9.5,True
ggKvBPPXVM6ztBb9,0.0,20.0,30.0,30.0,20.0,True
ggux4tiyX0W3iPRj,0.0,20.0,10.0,60.0,24.5,True
gi3c1BbSkeiG3H6y,0.0,20.0,30.0,60.0,27.5,True
giUQfjte8mKpWTB5,0.0,10.0,10.0,30.0,13.0,True
gkLUCeNJIrcX1JM4,20.0,30.0,70.0,50.0,39.0,True
gkYlJzGvQkIMC7w5,0.0,10.0,20.0,30.0,14.5,True
gkdDIcW0TbnFIf2a,0.0,20.0,60.0,40.0,27.0,True
glE5NMc4YIGWhfEQ,0.0,10.0,10.0,20.0,10.5,True
glh7OYQMbO2vVfJ4,0.0,10.0,20.0,30.0,14.5,True
gllj5F8yVqpoJDlk,0.0,20.0,60.0,40.0,27.0,True
gm020mTcVuNewsgL,0.0,10.0,30.0,20.0,13.5,True
gn4o7UEPi4SkOFZS,0.0,10.0,30.0,20.0,13.5,True
go0QNU5TCq765p0U,0.0,10.0,20.0,30.0,14.5,True
gpprydgItkjagpIQ,0.0,10.0,10.0,30.0,13.0,True
gqcZXJ1prBKuqrK4,0.0,10.0,20.0,30.0,14.5,True
gr2NL02Qt9clZmim,0.0,10.0,30.0,20.0,13.5,True
gt9vOLbWeYhdCLFQ,0.0,20.0,30.0,40.0,22.5,True
guOhV0tt0GEBkg77,0.0,20.0,60.0,40.0,27.0,True
gvPSeD5TFWpWqvsS,0.0,20.0,30.0,60.0,27.5,True
gvtuikU8BYO9FPul,0.0,20.0,30.0,60.0,27.5,True
gwDKldJlQpYByf1T,0.0,20.0,60.0,30.0,24.5,True
gxLPauNi31vAGDat,0.0,20.0,80.0,30.0,27.5,True
gxUU4frRO9Uo8w23,0.0,20.0,60.0,40.0,27.0,True
gxa2gi146XRXUo6v,0.0,20.0,70.0,60.0,33.5,True
gxjne7mp00zOWRnR,30.0,20.0,60.0,40.0,33.0,True
gxlBqs9wRQGVOjM5,0.0,20.0,70.0,60.0,33.5,True
gxsJERja2gjqQdi9,0.0,20.0,30.0,40.0,22.5,True
gydfBzlTM5LO1SSC,0.0,20.0,30.0,40.0,22.5,True
gzUVxuOtiDLpmQLK,20.0,30.0,60.0,40.0,35.0,True
gzmjFOb9mPrKhqg3,0.0,20.0,60.0,30.0,24.5,True
gzpmWl4xo2Y84pTB,0.0,20.0,60.0,40.0,27.0,True
h0Hx8gW7g0huVBE5,0.0,20.0,60.0,40.0,27.0,True
h0bSm2bnEPjPpB1O,0.0,10.0,10.0,30.0,13.0,True
h14ckzi9DczzsJM5,0.0,20.0,30.0,40.0,22.5,True
h1mqRdoFFNeDaX8n,10.0,20.0,70.0,40.0,30.5,True
h1oa0yGP99A3lqcY,0.0,10.0,10.0,30.0,13.0,True
h27paD3ripxXTLhr,0.0,20.0,30.0,40.0,22.5,True
h2R9mjajbzfSnNZO,75.0,30.0,80.0,60.0,54.0,True
h2p7yJUvlIPmaRBf,0.0,10.0,20.0,30.0,14.5,True
h3MoGH1SV6NP3x9m,0.0,20.0,70.0,40.0,28.5,True
h3qSpQ0BmETYZgSU,0.0,10.0,20.0,30.0,14.5,True
h3s3bpBSLzOuTyzy,0.0,20.0,10.0,30.0,17.0,True
h4sjsrlBXaEYWHeL,0.0,20.0,10.0,30.0,17.0,True
h4tpGDZBEnJPtphX,0.0,10.0,30.0,20.0,13.5,True
h5xekNhh6ArWFPNl,10.0,20.0,70.0,40.0,30.5,True
h62ysfYeMN2fSmBx,20.0,30.0,70.0,60.0,41.5,True
h6K4p3CNd3kkPV5M,0.0,20.0,70.0,40.0,28.5,True
h6OV8RYb477Elahf,0.0,10.0,10.0,20.0,10.5,True
h7fwVXHgOy1jnewp,20.0,30.0,70.0,40.0,36.5,True
h89NNviMIb8UbZyf,0.0,20.0,30.0,40.0,22.5,True
h8AgBbJSGhXNE1ji,0.0,20.0,30.0,60.0,27.5,True
h945WWsACupQBhlD,0.0,10.0,20.0,30.0,14.5,True
h9U6A6a4NRnzxNYw,0.0,20.0,60.0,40.0,27.0,True
hBYdzQXYqQ2VqZLc,0.0,20.0,60.0,30.0,24.5,True
hDESdz38Fp5zHXZj,0.0,20.0,10.0,60.0,24.5,True
hDNMdtQVQVlhaTiS,0.0,20.0,30.0,60.0,27.5,True
hDfca31A6xA1j6zz,0.0,20.0,80.0,60.0,35.0,True
hFN8PwCSBbksUmEw,0.0,20.0,10.0,40.0,19.5,True
hFmP9k3P70RbSHAY,0.0,20.0,30.0,40.0,22.5,True
hGPvLBjOUzpchpzF,0.0,20.0,30.0,60.0,27.5,True
hHuNzJKSCrPbVNwk,20.0,30.0,70.0,60.0,41.5,True
hJcomjtiVSzaxdGY,0.0,10.0,20.0,30.0,14.5,True
hJhJW9ceZH2VErDk,20.0,10.0,70.0,30.0,26.0,True
hJpm4uTMFqOQJDzJ,0.0,20.0,30.0,60.0,27.5,True
hKEIOZXLyI4eiyzA,0.0,30.0,60.0,40.0,31.0,True
hKfKA9LKmnxpRcnO,0.0,10.0,10.0,20.0,10.5,True
hLiEFJJUWvhNZcY1,0.0,20.0,10.0,30.0,17.0,True
hMZZ6CGxXETv2Ixh,0.0,20.0,30.0,40.0,22.5,True
hMdKnDx1CWDa12C1,0.0,10.0,30.0,40.0,18.5,True
hMiHsvUxZS3ixKEe,0.0,10.0,20.0,30.0,14.5,True
hNzCHMBp7Ua6ZdK9,0.0,20.0,30.0,40.0,22.5,True
hODNCrSNFmubjdIb,0.0,10.0,0.0,20.0,9.0,True
hP4s5A01V0Yw3gGn,10.0,30.0,70.0,60.0,39.5,True
hPJfm9NIKWd9KHmW,0.0,20.0,30.0,40.0,22.5,True
hPRgPskKL6MrGhsh,0.0,20.0,30.0,60.0,27.5,True
hPSlK2tA5qcpegIj,10.0,20.0,70.0,30.0,28.0,True
hQHVQyXkT7SG6OyL,0.0,20.0,60.0,40.0,27.0,True
hQteG5BVr6RHUkma,0.0,20.0,60.0,30.0,24.5,True
hRbpxFMCl93ELJww,0.0,20.0,10.0,60.0,24.5,True
hSFPDAAww1IBHWvh,0.0,20.0,10.0,30.0,17.0,True
hSIzoKMqwqg0nUXJ,0.0,20.0,30.0,40.0,22.5,True
hSOmrgF67O0ddvs9,0.0,20.0,10.0,30.0,17.0,True
hTfSt1GltO42f1Vt,0.0,30.0,70.0,60.0,37.5,True
hTxIj3BIAIFzt5ag,0.0,10.0,20.0,30.0,14.5,True
hVXWhHlTd5anQ66r,20.0,30.0,60.0,40.0,35.0,True
hVrPXG7vv5lqvZ3F,0.0,20.0,60.0,30.0,24.5,True
hWddOaByuIsGs999,10.0,20.0,30.0,40.0,24.5,True
hXTpyXCpVcmDVXgH,0.0,20.0,30.0,60.0,27.5,True
hYJVlMLgjA8N25Mr,0.0,20.0,30.0,40.0,22.5,True
hYRAqHUaC812iOCO,0.0,20.0,30.0,40.0,22.5,True
hYoADSs2yfBgB0au,10.0,20.0,70.0,40.0,30.5,True
hapOjZ3aGj2pq6g0,20.0,30.0,70.0,60.0,41.5,True
hfyzCoYiN7as5Rv9,0.0,20.0,30.0,40.0,22.5,True
hgBDKwUskH95Vnk4,20.0,10.0,60.0,30.0,24.5,True
hhyzgi6lchNUcCiU,0.0,20.0,30.0,60.0,27.5,True
hiIXe5C6FvZgioLx,0.0,10.0,10.0,30.0,13.0,True
hihszYmLXtYXCzlu,0.0,20.0,30.0,40.0,22.5,True
hkpHTX1PWi2MRAY8,0.0,20.0,30.0,60.0,27.5,True
hmMbIbHGWjn3xh5n,0.0,20.0,30.0,40.0,22.5,True
hocBeaMWj54igzJL,0.0,10.0,20.0,30.0,14.5,True
hohd5cKrpeIgro4N,0.0,10.0,30.0,20.0,13.5,True
hrcwZC22D87dix8V,0.0,20.0,60.0,40.0,27.0,True
hsUdV4mHZGspYyBS,0.0,20.0,30.0,40.0,22.5,True
htKQu1q2lCDbCaDc,0.0,10.0,30.0,30.0,16.0,True
hu97IL71fkZBI4zW,0.0,20.0,30.0,40.0,22.5,True
huKYbaDS0hn3iQSa,0.0,20.0,30.0,40.0,22.5,True
hv7ntDpxZxQk8HZN,0.0,20.0,30.0,40.0,22.5,True
hvNUrsBpooNMKWr7,0.0,20.0,10.0,60.0,24.5,True
hw0y0Mwyl1XZSahD,0.0,10.0,10.0,30.0,13.0,True
hwnxLDDhdQdhh8vP,0.0,20.0,30.0,40.0,22.5,True
hx3bcgefoNgvtH9a,0.0,10.0,20.0,10.0,9.5,True
hxcWILug6sySoYP7,20.0,10.0,60.0,30.0,24.5,True
hyCu2yCDcclJQ3Xt,0.0,20.0,30.0,40.0,22.5,True
hz044m8fJ2FmiHcE,0.0,20.0,10.0,30.0,17.0,True
hzLcYyMQWyJw2Dqz,0.0,20.0,30.0,40.0,22.5,True
i0AOuJC9iHa7kpJ4,20.0,30.0,70.0,60.0,41.5,True
i1ibtfADI7Xl5hwR,0.0,20.0,30.0,60.0,27.5,True
i2VyQ85qwk87x8Co,0.0,10.0,20.0,30.0,14.5,True
i3TzlY3xODTOa3Oe,0.0,10.0,20.0,30.0,14.5,True
i4detMeZh3HOXKsg,0.0,20.0,30.0,60.0,27.5,True
i5MI0a58XRPBHAx3,0.0,20.0,30.0,40.0,22.5,True
i5o3HO09xOK1vS30,20.0,30.0,70.0,60.0,41.5,True
i6NZonvNHVrCZtkk,0.0,20.0,30.0,40.0,22.5,True
i6m0LHT6t8Ftl047,0.0,20.0,30.0,40.0,22.5,True
i7bEwtSxi0C4MHWv,0.0,20.0,30.0,40.0,22.5,True
iAVVihsqum6EgvPc,85.0,30.0,75.0,60.0,55.25,True
iAhuhbCaVwQxFax9,0.0,20.0,70.0,40.0,28.5,True
iAmP4ZHpOZIYbyYT,0.0,20.0,30.0,60.0,27.5,True
iClGB9vgI6hsXSic,0.0,20.0,30.0,40.0,22.5,True
iCxG2N8uxfRAGCq4,0.0,10.0,20.0,30.0,14.5,True
iDXxVd22E1AZ3NEW,60.0,20.0,80.0,40.0,42.0,True
iEnCexRHzLJHXz3q,0.0,20.0,30.0,60.0,27.5,True
iFPHKbk2DBqxhmaR,20.0,30.0,70.0,40.0,36.5,True
iFSqEaAMW62x9pZe,0.0,20.0,70.0,30.0,26.0,True
iG2METPxl2yFEikm,0.0,10.0,10.0,30.0,13.0,True
iG8KbQvyBw6fJmCI,0.0,20.0,30.0,40.0,22.5,True
iGkrEhHmbfIhCSLX,0.0,20.0,30.0,40.0,22.5,True
iGw8dBFykxhv6Rp1,10.0,30.0,60.0,40.0,33.0,True
iKSyoundSxLDUalx,0.0,20.0,10.0,30.0,17.0,True
iKhtB3YQx5aljYms,0.0,20.0,30.0,40.0,22.5,True
iL3MbCrOEjWNABLt,0.0,20.0,30.0,40.0,22.5,True
iL8J86HpijbZRWgi,0.0,10.0,30.0,20.0,13.5,True
iMTzYvolRJT5o3ew,20.0,10.0,70.0,30.0,26.0,True
iNQk10SMt207jQJA,0.0,10.0,30.0,20.0,13.5,True
iNpUUWp8zUK39Gnj,0.0,20.0,60.0,40.0,27.0,True
iOGqwAEUNClpiZcd,0.0,10.0,20.0,30.0,14.5,True
iOenISaFI2lJ5FIW,0.0,10.0,10.0,30.0,13.0,True
iPWaWN5GgJcRrdPK,0.0,20.0,60.0,30.0,24.5,True
iPWmH2tQy1KNdWRR,0.0,20.0,30.0,40.0,22.5,True
iQqdWwQ7uXrATwei,10.0,20.0,60.0,40.0,29.0,True
iR5t1pHBsKdJe6cG,0.0,20.0,30.0,40.0,22.5,True
iS3ipjTu1pW1RzFj,0.0,10.0,20.0,30.0,14.5,True
iS4Dj0rmbVBFEFNH,0.0,20.0,60.0,40.0,27.0,True
iSq0yjrv2AeHxeFt,0.0,20.0,30.0,60.0,27.5,True
iU8taeqTJQtn7UNM,0.0,10.0,20.0,30.0,14.5,True
iUo1aWbtDRUIBIy0,0.0,20.0,10.0,60.0,24.5,True
iUu28y9QRMj4tUFA,0.0,20.0,10.0,60.0,24.5,True
iVqUZJW6l8R5vPfo,0.0,20.0,10.0,60.0,24.5,True
iXSdabgmiCH8MkIQ,20.0,30.0,70.0,60.0,41.5,True
iXpnSDdbFgVRuH0a,0.0,20.0,30.0,40.0,22.5,True
iZ6dtH3hYScKp69d,0.0,10.0,20.0,30.0,14.5,True
iZDQHJMu8W5CN0U5,0.0,20.0,10.0,60.0,24.5,True
iapgXHACB1UY0Drt,0.0,10.0,60.0,30.0,20.5,True
ib10LmS2x9wUy1Ye,0.0,20.0,30.0,40.0,22.5,True
ibAnWfHUz0shEyeO,0.0,20.0,10.0,30.0,17.0,True
icFv4Q6icqzY5L6d,0.0,10.0,60.0,30.0,20.5,True
ifxzSmq4Svl3Anzk,20.0,30.0,70.0,60.0,41.5,True
igHczTSQYaTpWApk,0.0,20.0,60.0,30.0,24.5,True
igyGLtke0ct8sDUH,0.0,20.0,30.0,60.0,27.5,True
ihXhjbXkNf4STnGf,0.0,10.0,10.0,20.0,10.5,True
ihad1Xoim0zxRO8P,0.0,10.0,10.0,20.0,10.5,True
ihy0YATKtHf6S2Od,0.0,20.0,70.0,30.0,26.0,True
iiQvY9dftYXjZwDz,10.0,20.0,30.0,40.0,24.5,True
iiqix4WFECXlDDqx,20.0,10.0,60.0,30.0,24.5,True
ij4U4V6qzl8zE1fO,0.0,10.0,20.0,30.0,14.5,True
ijmRFhIwLje3iy0O,0.0,20.0,60.0,30.0,24.5,True
ijwP4qBPGVAlKA5B,0.0,20.0,80.0,60.0,35.0,True
ik2J2jh39lYRPIih,0.0,20.0,30.0,40.0,22.5,True
ikA6SEyeFtPCLarZ,0.0,60.0,70.0,40.0,44.5,True
ikdEj2ip3M1xKYrD,0.0,20.0,10.0,60.0,24.5,True
imjJw6qgqi7kA0oO,60.0,40.0,70.0,50.0,51.0,True
iozyUdXs24YEqgja,20.0,30.0,60.0,40.0,35.0,True
ipLd6mFhuPx77Hza,0.0,10.0,60.0,30.0,20.5,True
iq3B7MtOEAT8kLmz,0.0,10.0,30.0,20.0,13.5,True
iqh4gVJjrsMnTvnR,0.0,10.0,20.0,30.0,14.5,True
irdmkTgewSo3vwau,0.0,20.0,60.0,40.0,27.0,True
isacZcS4VRQjbIzQ,0.0,20.0,30.0,60.0,27.5,True
isjAKVuE4uo1SIve,0.0,60.0,80.0,70.0,53.5,True
itLBG9PWwtL4IXjj,0.0,10.0,10.0,30.0,13.0,True
itXHlTCt3SynVYui,0.0,20.0,60.0,40.0,27.0,True
itnTDnze5v7SYYHF,0.0,10.0,20.0,30.0,14.5,True
iu5vQ2tjqvJYBzDl,0.0,20.0,60.0,40.0,27.0,True
iu7NukzNV1tLvG1G,0.0,10.0,10.0,30.0,13.0,True
iuW7izXu5s0RU3BM,0.0,20.0,10.0,30.0,17.0,True
iv0hfiMQH7cV3n9W,0.0,20.0,60.0,30.0,24.5,True
iyP13zd4RJ63A8LB,0.0,20.0,60.0,40.0,27.0,True
j1RoXbmUVwHMXjK3,0.0,20.0,30.0,40.0,22.5,True
j2LurOY7wQORapJ7,0.0,20.0,30.0,60.0,27.5,True
j2lCOUfDjyziWPxz,0.0,10.0,20.0,30.0,14.5,True
j3NPdohPclRG3CLu,0.0,20.0,30.0,40.0,22.5,True
j3m24ehi8mj7TCsX,0.0,20.0,30.0,40.0,22.5,True
j53xhZ2P6MESmZAA,20.0,30.0,60.0,40.0,35.0,True
j5P0RRt8vztefLNk,0.0,20.0,30.0,40.0,22.5,True
j5pSJnzITPaBdYf3,0.0,10.0,30.0,20.0,13.5,True
j69inCHPIPEdvQI2,0.0,20.0,60.0,40.0,27.0,True
j6AcIyWMUHkkgaw5,0.0,10.0,20.0,30.0,14.5,True
j6eS8tpWzt0nIOg8,0.0,10.0,20.0,30.0,14.5,True
j79CYx6adancRwUy,0.0,20.0,30.0,60.0,27.5,True
j7BtndlN2EcIeoYF,10.0,30.0,70.0,60.0,39.5,True
j7uMdX7ON1QtFYKJ,0.0,20.0,10.0,60.0,24.5,True
j8DBSkipAIpfZlEv,0.0,60.0,70.0,50.0,47.0,True
j9U67QUbLrtV0CZ1,0.0,20.0,30.0,60.0,27.5,True
j9o9HyZLE6rRiSgP,0.0,20.0,30.0,60.0,27.5,True
jA2oQjwFbpKVSBxn,0.0,20.0,30.0,40.0,22.5,True
jC3LYWViPYtzpjb5,0.0,20.0,30.0,40.0,22.5,True
jCc70omRxjWU2fhV,0.0,10.0,10.0,30.0,13.0,True
jFMqnDB6oGiF5sL3,0.0,20.0,30.0,40.0,22.5,True
jHZaupCAWtixvZbE,0.0,20.0,30.0,40.0,22.5,True
jIz3HVEOkYUP2Ojd,10.0,30.0,60.0,40.0,33.0,True
jIzCSPkd77jXccMv,0.0,10.0,10.0,30.0,13.0,True
jJ2QpgzFini2ty1V,0.0,20.0,70.0,60.0,33.5,True
jL5kxXQ8QIQl34kH,0.0,10.0,10.0,30.0,13.0,True
jLqgFZBhhg42tGok,0.0,20.0,60.0,40.0,27.0,True
jNsuAPuhgHQec18i,0.0,10.0,20.0,30.0,14.5,True
jOblj0VQpkGVSImE,0.0,10.0,20.0,30.0,14.5,True
jOkYRBMeyyMDHqJ3,0.0,20.0,30.0,40.0,22.5,True
jP8UlChLQ0kAbWi7,0.0,20.0,30.0,40.0,22.5,True
jQHoAtrdJ8L4V6lO,0.0,20.0,30.0,60.0,27.5,True
jQR1TLHRrZMX5po0,0.0,10.0,10.0,20.0,10.5,True
jR7pBfY2FL6qKAUq,0.0,10.0,20.0,20.0,12.0,True
jRDeu8Vng8lXnq5v,0.0,20.0,30.0,60.0,27.5,True
jRkUTPWafU4Fxtx8,0.0,10.0,20.0,30.0,14.5,True
jUcte2XP5euTtIGc,0.0,20.0,30.0,40.0,22.5,True
jVMxaEAPES1eOAl9,0.0,10.0,30.0,20.0,13.5,True
jVzFYObHIdSw2cev,20.0,30.0,60.0,40.0,35.0,True
jXENNwW0up5VdlrP,0.0,20.0,40.0,60.0,29.0,True
jXIRLu3aNdTWwLhX,0.0,20.0,30.0,40.0,22.5,True
jXQqoEzxtxB5lIZr,0.0,20.0,30.0,60.0,27.5,True
jYXRd00TByCBzusP,0.0,20.0,60.0,30.0,24.5,True
jb081d54URHsG6ri,0.0,20.0,30.0,40.0,22.5,True
jb4nf88FSi0QABxj,0.0,10.0,10.0,20.0,10.5,True
jbNTI6fKybVUiDOO,0.0,20.0,30.0,30.0,20.0,True
jdRUzCWMKGfoBsYz,0.0,20.0,10.0,60.0,24.5,True
jep8MgoXBSMN8Fvq,0.0,20.0,70.0,40.0,28.5,True
jgYDa19VrCdh0lvT,0.0,20.0,30.0,40.0,22.5,True
jge53Fb3Yj0uq2tY,0.0,10.0,60.0,30.0,20.5,True
jhEZHlNvY9LJI6e6,20.0,30.0,80.0,60.0,43.0,True
jiqx4LpoqZtfKzK6,0.0,20.0,30.0,60.0,27.5,True
jivfEKVdJzqfzGBX,0.0,20.0,30.0,40.0,22.5,True
jlLJjhbNXmxOWjt5,20.0,30.0,70.0,60.0,41.5,True
jlsaq14SPRnlAggI,0.0,10.0,30.0,20.0,13.5,True
jmVKhLTfIqzv7x3d,0.0,30.0,70.0,60.0,37.5,True
jmvoyK1pFJP8RvqW,0.0,10.0,20.0,30.0,14.5,True
jnFs8dFEKrpo1lWu,0.0,20.0,30.0,40.0,22.5,True
jnnZVmVPaxU2KgRY,0.0,20.0,10.0,30.0,17.0,True
joGrGDCxy50eY26N,75.0,30.0,85.0,60.0,54.75,True
joPD57E6xAFEN7r7,0.0,20.0,60.0,30.0,24.5,True
jq6tz2NHrwKINUbM,0.0,20.0,60.0,40.0,27.0,True
jqDuvvjAD8i5dRpz,0.0,10.0,20.0,20.0,12.0,True
jr1bvyOI1kKMylMh,0.0,20.0,30.0,60.0,27.5,True
js22NsYIMeGwkZUM,0.0,20.0,60.0,40.0,27.0,True
jsaIrEu3jHmwMLMt,0.0,20.0,30.0,40.0,22.5,True
jseNQND294DUffHa,0.0,20.0,60.0,30.0,24.5,True
jtylWIEp2ot2TjZD,0.0,20.0,30.0,40.0,22.5,True
ju1xBfrrg7jQ9TWS,0.0,20.0,60.0,30.0,24.5,True
ju2U8QRISooEBXX5,20.0,30.0,60.0,40.0,35.0,True
ju3TlXfFvOluOdaC,0.0,20.0,10.0,60.0,24.5,True
jujrl9mvjv0Vy1ca,0.0,10.0,20.0,30.0,14.5,True
jupdOYr3i2G9L4Fn,0.0,20.0,30.0,40.0,22.5,True
jutAafJ5Mf99YhnZ,0.0,20.0,30.0,60.0,27.5,True
jvfLQj6wt9PSQziM,0.0,20.0,30.0,40.0,22.5,True
jwGaXRpdR1vBMVaB,0.0,20.0,30.0,60.0,27.5,True
jwGxmr58AXuI0fwn,0.0,20.0,30.0,60.0,27.5,True
jwPso64RyR4T05hF,0.0,20.0,30.0,60.0,27.5,True
jyJM5oor5TGQ72BQ,0.0,20.0,30.0,40.0,22.5,True
jyTYOjVyuxgfa8tC,0.0,20.0,10.0,60.0,24.5,True
jz8ixQ85YgTEsmhR,0.0,20.0,10.0,30.0,17.0,True
k04ROPaoST3scpdh,0.0,20.0,30.0,40.0,22.5,True
k0DWB7p2ol2J4n43,0.0,20.0,60.0,30.0,24.5,True
k15qV1Sfsbydk2KX,0.0,20.0,30.0,60.0,27.5,True
k1Iz3TosZk6xvAnJ,0.0,20.0,30.0,40.0,22.5,True
k1SCciAzaq615v01,0.0,20.0,30.0,40.0,22.5,True
k1X72nCGxSWCDgR4,0.0,20.0,60.0,40.0,27.0,True
k1bMglshIVzkeQWa,0.0,20.0,60.0,30.0,24.5,True
k2H9BCkGFEqFYIy6,70.0,30.0,80.0,60.0,53.0,True
k2kNQku9HEPMYAXU,0.0,20.0,30.0,40.0,22.5,True
k2lhljsl9WZCB94E,0.0,10.0,20.0,30.0,14.5,True
k3Ludj3zsGc0gBrs,0.0,10.0,20.0,30.0,14.5,True
k56cjHJ14A2A7hz6,0.0,20.0,30.0,40.0,22.5,True
k5gFmMjN6v8D7QJ1,0.0,20.0,30.0,60.0,27.5,True
k8Jx68hM2AhhxKsc,0.0,20.0,30.0,40.0,22.5,True
k9icK383XZqcQd80,0.0,10.0,10.0,30.0,13.0,True
kA6SRqHGeavSbpLf,0.0,10.0,30.0,20.0,13.5,True
kAP744EEPmW9susP,0.0,20.0,30.0,60.0,27.5,True
kBCuWh1VPhYNNFBq,0.0,20.0,30.0,40.0,22.5,True
kBF5EofZMXliCPyR,0.0,20.0,30.0,40.0,22.5,True
kBogTZiGhOKYz1WO,0.0,10.0,20.0,30.0,14.5,True
kDa9U4UqGWlG6g3O,0.0,10.0,20.0,10.0,9.5,True
kDaQjm4lttflp2nB,0.0,20.0,30.0,40.0,22.5,True
kFsilu1CNd3w8aFi,0.0,20.0,10.0,30.0,17.0,True
kG2FiZcneMx1thM5,0.0,20.0,30.0,40.0,22.5,True
kGAO73ocDQVbDHfV,0.0,10.0,60.0,30.0,20.5,True
kH0SImE7WOwbv2yY,0.0,20.0,30.0,40.0,22.5,True
kHaLisghwau0bPN9,0.0,20.0,30.0,40.0,22.5,True
kHylxVwHCVlKm3UV,0.0,10.0,60.0,30.0,20.5,True
kIvmIzm3gauOcuZl,0.0,20.0,30.0,60.0,27.5,True
kJPtwnLFqNVOLxbC,0.0,20.0,30.0,40.0,22.5,True
kJyoGf9h9bwa8iT3,0.0,20.0,30.0,40.0,22.5,True
kKdTvlVZtLlkf0L3,0.0,10.0,20.0,20.0,12.0,True
kKpK12yR5IvyWViY,0.0,20.0,10.0,60.0,24.5,True
kKylVAokTEnk9q8o,0.0,20.0,60.0,30.0,24.5,True
kM0IDYRoPHBYRrcd,0.0,20.0,30.0,40.0,22.5,True
kN4Ixhsr1JzKJocx,0.0,10.0,20.0,30.0,14.5,True
kNHxbkpQQbwO7Vb1,0.0,20.0,70.0,40.0,28.5,True
kNwKBAWbWsJVFpy6,0.0,20.0,10.0,30.0,17.0,True
kON2zsrtDX1F36lu,10.0,20.0,30.0,40.0,24.5,True
kPAzLmp1weo98ri5,0.0,10.0,20.0,30.0,14.5,True
kPNcKPRPz9Wv9YBg,0.0,20.0,30.0,10.0,15.0,True
kPUj3nUprvchvrhE,20.0,30.0,60.0,40.0,35.0,True
kPkV28rgSNH4Y1Uo,0.0,20.0,30.0,40.0,22.5,True
kQKse0luKCNNV0Lc,0.0,10.0,70.0,30.0,22.0,True
kQq367x1H50H34pB,20.0,30.0,60.0,40.0,35.0,True
kR1wiT2ugzhGuFxN,0.0,20.0,30.0,60.0,27.5,True
kTow0eQib7NW3qxL,0.0,10.0,60.0,30.0,20.5,True
kWhC844wHGV7oKCG,0.0,20.0,60.0,40.0,27.0,True
kWkdfO4v2jN97SFN,20.0,30.0,60.0,40.0,35.0,True
kXCBCqNUYbythYj6,0.0,10.0,20.0,30.0,14.5,True
kXEHE7Ndk7wKgSjb,0.0,20.0,30.0,40.0,22.5,True
kXXIcMZFakaMW1DL,0.0,20.0,60.0,40.0,27.0,True
kXXVzJAwWnA5MruX,0.0,10.0,10.0,30.0,13.0,True
kXuSBTYEizYlbVGr,0.0,20.0,30.0,40.0,22.5,True
kY87HT8iCX75AFEY,0.0,20.0,30.0,60.0,27.5,True
kYjEpv3o1p2t5a8y,0.0,10.0,30.0,20.0,13.5,True
kZ0lJWotL3hqna8O,30.0,20.0,70.0,40.0,34.5,True
kZLBPQwB8giZdY18,0.0,20.0,80.0,40.0,30.0,True
kZU5BU5Ai1LMfjnt,0.0,10.0,20.0,30.0,14.5,True
kaACSMEscosTsS3D,0.0,10.0,10.0,30.0,13.0,True
kcOVsxdSTK9JaBV1,10.0,20.0,40.0,30.0,23.5,True
kcSwAD4Du7Y28zD3,0.0,20.0,30.0,40.0,22.5,True
kdmH1TvLprYcf1xn,0.0,20.0,30.0,40.0,22.5,True
kdnHqoVW4EvoBwSL,0.0,20.0,10.0,30.0,17.0,True
kepw0KAhGQnd0QDU,0.0,20.0,30.0,60.0,27.5,True
keqOQku3kZyf7gLF,0.0,20.0,30.0,40.0,22.5,True
kfKbYWoscroIskXD,0.0,20.0,30.0,40.0,22.5,True
kgD4Y6cFo6aOoSoD,0.0,20.0,30.0,40.0,22.5,True
kgTfIMAQHs5skPsy,0.0,20.0,30.0,30.0,20.0,True
khog99sweNvhx776,0.0,20.0,30.0,60.0,27.5,True
kinToK3L1ZH5106k,0.0,20.0,30.0,40.0,22.5,True
kjcw3052hnxzp27U,0.0,20.0,30.0,40.0,22.5,True
kjguwKWzp6RCsnKR,0.0,10.0,20.0,30.0,14.5,True
kjsHRnZN8TxHMqED,0.0,20.0,30.0,40.0,22.5,True
kk0JN8rBzvlCWvU3,0.0,20.0,30.0,60.0,27.5,True
kl035GcZevBhNohJ,0.0,10.0,20.0,30.0,14.5,True
klGWOini4uRn1tGQ,0.0,20.0,60.0,40.0,27.0,True
km5oTMjgRI2GUow5,0.0,20.0,30.0,40.0,22.5,True
koeGPrnjlkxMT0hQ,0.0,10.0,10.0,20.0,10.5,True
kpDU9eaVcRRA3HE3,0.0,20.0,10.0,30.0,17.0,True
kpM67MJQOJ5F8Dno,0.0,20.0,30.0,40.0,22.5,True
kpbnrT68YiciIsDe,0.0,20.0,30.0,40.0,22.5,True
kqDffZCJGERWXwaU,70.0,20.0,80.0,60.0,49.0,True
kqudPHhqTBQtCcj1,85.0,30.0,75.0,60.0,55.25,True
kr0ZKsTx1hbtAOiu,0.0,20.0,30.0,60.0,27.5,True
ksDFdORDxgHS7zig,20.0,30.0,60.0,40.0,35.0,True
kstboOXSpcrVh0Yy,0.0,20.0,30.0,60.0,27.5,True
kt1Dff8Loy2aScA9,0.0,20.0,30.0,40.0,22.5,True
ktvEjpdISrOIhb0c,0.0,20.0,30.0,40.0,22.5,True
kv5dJq6wdVReP348,0.0,10.0,60.0,30.0,20.5,True
kxIlIqHXJM5fLQ40,0.0,20.0,60.0,40.0,27.0,True
kyElHcaE8jTFk0aU,0.0,20.0,10.0,30.0,17.0,True
kzjHkM8AJlP3Xs1t,10.0,30.0,40.0,60.0,35.0,True
l04NvnxPd5yp15OY,0.0,10.0,20.0,30.0,14.5,True
l063vbDUyBBc7yKP,0.0,10.0,30.0,20.0,13.5,True
l0EQAaTZFsQRhtBq,30.0,20.0,60.0,40.0,33.0,True
l0NUsQW9lcByevQq,0.0,20.0,10.0,60.0,24.5,True
l1FKZyakrkxCdpWn,0.0,10.0,20.0,30.0,14.5,True
l2jg81lYexVsGQ64,0.0,20.0,30.0,60.0,27.5,True
l3cmgFmgcKP1yQFH,0.0,20.0,30.0,40.0,22.5,True
l4xQdxIpopq8m80c,0.0,20.0,30.0,40.0,22.5,True
l5TCfZR92uQwTeJI,0.0,20.0,10.0,60.0,24.5,True
l8CbSnyKQlrVRKXj,0.0,20.0,30.0,60.0,27.5,True
l9DVLx7cfXtux5y0,0.0,20.0,30.0,60.0,27.5,True
lB45GZDqr2RP4RFd,0.0,20.0,60.0,40.0,27.0,True
lBYF2immMMaRZF2z,0.0,20.0,30.0,60.0,27.5,True
lD86mhBbp1wdjSt5,0.0,10.0,60.0,30.0,20.5,True
lDVMU2eHEuT8WV8S,0.0,20.0,30.0,40.0,22.5,True
lGFgeDZh9ZBx3n9O,75.0,20.0,80.0,60.0,50.0,True
lHrsin9tFQeMLHj4,0.0,20.0,30.0,60.0,27.5,True
lHvpiPOdj7utAf2A,0.0,10.0,60.0,30.0,20.5,True
lHzpLKSzktZbQkoG,0.0,20.0,60.0,30.0,24.5,True
lI7LJVeZlTjPYXoQ,0.0,20.0,80.0,60.0,35.0,True
lKaiHjiSEWcdMZn3,0.0,20.0,30.0,60.0,27.5,True
lPqvHR04F5aflaVV,0.0,10.0,10.0,20.0,10.5,True
lPtejBQACA5PGbYP,0.0,20.0,70.0,40.0,28.5,True
lQYcAI95P6ksmkom,0.0,10.0,20.0,30.0,14.5,True
lQmCQIxJqEeYQlLA,0.0,20.0,30.0,60.0,27.5,True
lR7Lj8nHox79kjnD,60.0,40.0,70.0,50.0,51.0,True
lTIZ0gVim1eimMj4,0.0,20.0,30.0,60.0,27.5,True
lTlN2e9SksIMvwID,0.0,20.0,30.0,40.0,22.5,True
lTtbV0hoi2SjSoti,0.0,20.0,30.0,60.0,27.5,True
lU0igyQMM4uG4yAM,0.0,10.0,20.0,30.0,14.5,True
lU7fYkVs4saVSlLm,0.0,20.0,30.0,40.0,22.5,True
lUMhpAMytVHcS6rZ,0.0,20.0,30.0,60.0,27.5,True
lUfluLO9bXkYanOx,0.0,20.0,30.0,60.0,27.5,True
lUhwVOKwIsPf6OFr,0.0,20.0,60.0,40.0,27.0,True
lVZvveUUn17Y9rXs,0.0,20.0,30.0,60.0,27.5,True
lWw0KUfBqipa8hiE,0.0,10.0,60.0,30.0,20.5,True
lWzMjuY8xKyzt2Cl,0.0,20.0,30.0,40.0,22.5,True
lX9s1LYu4gomLBB0,0.0,20.0,70.0,30.0,26.0,True
lXywuFBESAMYOviZ,20.0,30.0,40.0,60.0,37.0,True
lZWmq53ACO6Ng3Ok,0.0,10.0,20.0,30.0,14.5,True
lZjt38FJOMij779v,30.0,20.0,70.0,40.0,34.5,True
lZoOTKZwgbI3P92U,20.0,30.0,70.0,60.0,41.5,True
la9kpwecjZx5PZvw,0.0,20.0,30.0,60.0,27.5,True
laBNyxyNmlxQ6MAZ,0.0,20.0,60.0,30.0,24.5,True
lbTdtygujA5uqy80,10.0,20.0,10.0,30.0,19.0,True
lbkhCuIKl06JnKSb,0.0,20.0,60.0,40.0,27.0,True
lfjerzft3TC3AHnQ,0.0,20.0,30.0,40.0,22.5,True
lgDYH0XMt2aQRyNX,20.0,30.0,70.0,60.0,41.5,True
lgsriTCUaofjaFnv,0.0,20.0,30.0,60.0,27.5,True
lhValpJXC0k72H91,0.0,20.0,80.0,60.0,35.0,True
lknYFo1BN2udq1nj,0.0,20.0,70.0,40.0,28.5,True
llVd1G8jl4dtsHsQ,0.0,10.0,60.0,30.0,20.5,True
lmHBUTrePa9aMvoG,0.0,20.0,30.0,60.0,27.5,True
lmKF8UlPsbtk4l0z,0.0,20.0,30.0,40.0,22.5,True
lmbl1q6gb1RiyPY4,0.0,20.0,30.0,60.0,27.5,True
lmdl9GB3vPS8v6Sb,0.0,20.0,30.0,40.0,22.5,True
lnlfVMq3RgBIbazh,0.0,20.0,30.0,40.0,22.5,True
lodqBAbdfiJpHjDf,0.0,20.0,30.0,60.0,27.5,True
lpR1anAayCFHEhM3,0.0,20.0,60.0,30.0,24.5,True
lpRvSSp87iW3FEOP,20.0,30.0,60.0,40.0,35.0,True
lpxZYmKZoWS6obO3,0.0,10.0,10.0,20.0,10.5,True
lsm936UbQfEytAYr,0.0,20.0,10.0,30.0,17.0,True
lstgZJk54jkAhI6N,0.0,20.0,10.0,60.0,24.5,True
ltihQJSWoGu4qxZW,0.0,10.0,20.0,30.0,14.5,True
lu14jUbWu4A9AtCV,0.0,10.0,20.0,30.0,14.5,True
luDC7yIL1KOSFTEZ,0.0,20.0,60.0,40.0,27.0,True
lvQwexfEZW8L3WCS,10.0,20.0,60.0,40.0,29.0,True
lxjfPzajvln6LrWf,0.0,20.0,30.0,40.0,22.5,True
lxumDhqQ3FH9OuMy,0.0,10.0,20.0,30.0,14.5,True
ly9oRp3bIX6dY8V6,20.0,30.0,60.0,40.0,35.0,True
lyBrG2tNPgHPzgty,0.0,20.0,60.0,30.0,24.5,True
lyh70sdQ9qPILmpY,0.0,20.0,10.0,60.0,24.5,True
lz0SbzJ0IYZHFeH1,0.0,20.0,10.0,60.0,24.5,True
lzBOQnk84MVuAorl,0.0,20.0,30.0,60.0,27.5,True
lztinz3lU1tvZGIU,20.0,30.0,70.0,60.0,41.5,True
m07cCHgh74eCgKTW,0.0,10.0,10.0,20.0,10.5,True
m0Nv002bd8eyHdNP,0.0,10.0,20.0,30.0,14.5,True
m0XxDgjTB1AffdB4,0.0,20.0,30.0,40.0,22.5,True
m0y9JGPFARFAT1CF,0.0,20.0,30.0,40.0,22.5,True
m2d8euocmdZtsaCC,0.0,10.0,20.0,30.0,14.5,True
m2hBfXjaPMNj7JAQ,0.0,20.0,60.0,40.0,27.0,True
m2vJ0ZU473onTHCG,10.0,20.0,60.0,40.0,29.0,True
m451q8QlFktCZDgh,0.0,30.0,70.0,60.0,37.5,True
m5UbUbjPg2toyAuW,20.0,30.0,70.0,40.0,36.5,True
m5l4DakhAqWJT7EV,0.0,20.0,30.0,40.0,22.5,True
m5xky1qivKQPNnhC,0.0,20.0,60.0,30.0,24.5,True
m6lTRzmvwYrANRcn,0.0,20.0,80.0,60.0,35.0,True
m7jZdNjlu3rxcZJ8,0.0,10.0,30.0,20.0,13.5,True
m7zsK1AE8qSxgSVt,0.0,20.0,60.0,40.0,27.0,True
m8CXchEd7MjAOtcC,0.0,20.0,30.0,40.0,22.5,True
mAMn0hOJbyk4caY8,0.0,20.0,60.0,30.0,24.5,True
mAaCshFdYBaklxkv,0.0,20.0,60.0,30.0,24.5,True
mAl2HLzOK45yVqTY,0.0,20.0,30.0,40.0,22.5,True
mDcut1Oit1ufRONd,0.0,20.0,30.0,40.0,22.5,True
mGTRDrmajCe0zMZp,0.0,20.0,30.0,40.0,22.5,True
mHxNWFOCWdnrJi7s,0.0,20.0,30.0,60.0,27.5,True
mKiOby0TYbri3Lsj,30.0,20.0,60.0,40.0,33.0,True
mM0ygbeDwNRbQ2cW,0.0,10.0,10.0,30.0,13.0,True
mMd6IDI7nQQsWFzD,10.0,30.0,70.0,60.0,39.5,True
mNop846dXWAvpmx4,0.0,20.0,60.0,40.0,27.0,True
mOtmO4v3tN5DHFkM,0.0,10.0,10.0,30.0,13.0,True
mQVKRRMKleLiVeiq,0.0,20.0,30.0,40.0,22.5,True
mQVgQmjTqVvi2SC8,0.0,20.0,40.0,30.0,21.5,True
mR24Tr9zgLYXLtkY,0.0,20.0,30.0,60.0,27.5,True
mRU6i096dnfQaBzz,20.0,30.0,60.0,40.0,35.0,True
mRWOIsDzWyMf4MZw,0.0,10.0,20.0,30.0,14.5,True
mTTGusap5mALLMvi,0.0,20.0,30.0,40.0,22.5,True
mTqwzHR4GSr68Hzv,0.0,30.0,70.0,60.0,37.5,True
mTy0VKTmfc442vCf,0.0,20.0,60.0,40.0,27.0,True
mUYiTCH9nMAXVLlf,0.0,10.0,30.0,20.0,13.5,True
mUep3DpDetxco8e1,0.0,20.0,30.0,60.0,27.5,True
mWB9qX6WUwGTFOSx,0.0,10.0,20.0,30.0,14.5,True
mWMqvmu5qzhPsCbC,0.0,20.0,30.0,40.0,22.5,True
mWkFGDF4tFbf8zGD,0.0,20.0,30.0,40.0,22.5,True
mWwqCOfSw3q3np7O,0.0,10.0,30.0,20.0,13.5,True
mX81tbPnKN0EJnID,0.0,10.0,60.0,30.0,20.5,True
mYSNrdDP8aeyQrQ2,0.0,20.0,10.0,60.0,24.5,True
mZMi3qdPE3xJ7gT2,0.0,20.0,10.0,30.0,17.0,True
maBFo4aUQIoZdoJ5,10.0,30.0,70.0,60.0,39.5,True
maPDcMdzp57pydiF,20.0,30.0,70.0,40.0,36.5,True
maSaoMIFGOWcAY9s,0.0,20.0,60.0,30.0,24.5,True
maYQjXjJX3TlM7oZ,20.0,30.0,80.0,60.0,43.0,True
marjZ0np0oSHHOWp,0.0,10.0,60.0,30.0,20.5,True
mctn1udjoIYY1x8d,0.0,10.0,20.0,30.0,14.5,True
mdN0m6aKAEfnRLFf,0.0,20.0,30.0,40.0,22.5,True
mdWyeq36zbfFQqXf,0.0,20.0,60.0,40.0,27.0,True
mdluwL3VGXFLU6id,0.0,20.0,30.0,40.0,22.5,True
meHIC2X90lFF3K8A,0.0,20.0,70.0,30.0,26.0,True
mesbSOn5eKS1hzBA,0.0,10.0,60.0,30.0,20.5,True
mfPIBCibEwLgrr1V,20.0,30.0,70.0,60.0,41.5,True
mfQxfOmeRmwBh0g8,0.0,20.0,80.0,60.0,35.0,True
mg6tupUAvgmn6H9B,0.0,10.0,60.0,30.0,20.5,True
mgILnMFtKaLB35hU,0.0,20.0,10.0,30.0,17.0,True
mgMCJ0LNM69dffZr,0.0,10.0,20.0,30.0,14.5,True
mh9qL38iGOLALgHR,20.0,30.0,60.0,40.0,35.0,True
mhHgNx3WIGoDXOQn,0.0,20.0,30.0,60.0,27.5,True
misDdQCoNichU6Un,0.0,20.0,30.0,40.0,22.5,True
mjt21n9iMJnLwriU,0.0,20.0,10.0,60.0,24.5,True
mnXyL0hflG6LUHhk,0.0,10.0,20.0,30.0,14.5,True
mo4WmRhOOI4ZGnIr,0.0,20.0,30.0,60.0,27.5,True
moorrnE6QA1EQZn9,0.0,10.0,10.0,30.0,13.0,True
mpu5A2P6nyMTW15m,0.0,20.0,60.0,30.0,24.5,True
mq4nbqN0IlbYD2ca,0.0,20.0,60.0,30.0,24.5,True
mr2Tuv1CMNMb6cEl,0.0,20.0,60.0,40.0,27.0,True
mrggexMX2vbpskIg,0.0,20.0,30.0,40.0,22.5,True
msOTKPhl1nkhyQRa,0.0,30.0,70.0,60.0,37.5,True
msWeoXCpqvrisE13,10.0,20.0,70.0,40.0,30.5,True
msoxltaTIircdJsS,0.0,20.0,10.0,30.0,17.0,True
msrIuXCQhrjkrha9,0.0,20.0,30.0,60.0,27.5,True
mtvWiWjdlBlzNodn,0.0,20.0,30.0,40.0,22.5,True
muGf8gk9XIIaOenQ,0.0,10.0,20.0,30.0,14.5,True
muPFoSF3ql6YgR5t,0.0,20.0,70.0,60.0,33.5,True
muQbPOaFGInyLkjm,10.0,20.0,30.0,30.0,22.0,True
mwMsIlO63Yi6qxis,0.0,20.0,60.0,30.0,24.5,True
my726KxTj4xuICUV,0.0,20.0,80.0,60.0,35.0,True
myFAGP8XEN9BEQty,0.0,10.0,60.0,30.0,20.5,True
myxl7VamCxHmaLtv,0.0,20.0,30.0,40.0,22.5,True
mzlMrHMFHBgRdPp9,0.0,20.0,10.0,30.0,17.0,True
mzveuvMFnSVEhrDc,0.0,20.0,30.0,40.0,22.5,True
n0Wl8s2tHpqnY3G6,10.0,30.0,60.0,40.0,33.0,True
n0jF4hz9PmUd4PSU,0.0,20.0,10.0,60.0,24.5,True
n12ujfTp9wzGdRtq,0.0,10.0,20.0,30.0,14.5,True
n1l3vnF8UyUuDzMW,0.0,20.0,10.0,60.0,24.5,True
n1oDC215ogiNEm48,0.0,20.0,30.0,40.0,22.5,True
n38Ncug2Vch791eW,30.0,20.0,70.0,40.0,34.5,True
n3U7l64w9ZPRRLqC,0.0,20.0,10.0,60.0,24.5,True
n3UK573fbXjPKkX7,0.0,20.0,30.0,60.0,27.5,True
n41hBVrwRQMHj75q,0.0,20.0,30.0,40.0,22.5,True
n4bMPSssn88eRkfY,10.0,30.0,60.0,40.0,33.0,True
n6FAWJhxeWgGXXuA,0.0,20.0,30.0,60.0,27.5,True
n7KPL9l917bulljK,0.0,20.0,30.0,60.0,27.5,True
n7rsVUNPzQyH9BBC,0.0,20.0,30.0,40.0,22.5,True
n7v7VU27ikHT1Eau,0.0,20.0,30.0,40.0,22.5,True
n8XEtol1BK3TlWXr,0.0,20.0,60.0,30.0,24.5,True
n8zeIymEgvK9CO5t,0.0,20.0,30.0,40.0,22.5,True
n9UFB4CBMVr0uNgM,0.0,20.0,30.0,40.0,22.5,True
n9xN4OBKHub47ruW,0.0,20.0,30.0,40.0,22.5,True
nD0ymFgvn0LWHG2u,0.0,20.0,30.0,60.0,27.5,True
nDGewLeuFMdJLtxG,0.0,10.0,20.0,30.0,14.5,True
nDdGD05I2kgfAd1k,0.0,20.0,30.0,60.0,27.5,True
nDoeQ0rPNxce4nAt,0.0,20.0,30.0,40.0,22.5,True
nE3Re77EFxHJwyjT,0.0,10.0,20.0,30.0,14.5,True
nESgBfgxH7yBZHBh,0.0,20.0,10.0,60.0,24.5,True
nEUA5avlpc6quJGg,0.0,10.0,10.0,20.0,10.5,True
nEnN2tNfiPuI0eKo,0.0,20.0,60.0,30.0,24.5,True
nExxVYFIxY2suETS,0.0,20.0,60.0,30.0,24.5,True
nFsnJ4OFpsudu9kh,0.0,20.0,70.0,30.0,26.0,True
nGAF6tT4H9uFGpd7,0.0,20.0,30.0,30.0,20.0,True
nGCj2sVLZZpEMENc,0.0,10.0,20.0,30.0,14.5,True
nGEi3hgi7bnGjULN,20.0,30.0,60.0,40.0,35.0,True
nGqi7w4e4pxskC1I,0.0,10.0,20.0,30.0,14.5,True
nH8ObsARI7iEwACV,0.0,20.0,60.0,60.0,32.0,True
nHG8uqzC6WToOtUF,60.0,30.0,70.0,50.0,47.0,True
nHb3j9bREzfjpLzR,0.0,10.0,20.0,30.0,14.5,True
nINb9kfKVNrZFhgp,0.0,10.0,20.0,30.0,14.5,True
nIn82gLotIW9KfJ5,0.0,10.0,20.0,30.0,14.5,True
nJRIommgPuYQ84Ug,0.0,20.0,80.0,60.0,35.0,True
nKV1PcUwCTNIyy7i,0.0,20.0,80.0,60.0,35.0,True
nM7Uza2siqbI9fDs,0.0,20.0,60.0,40.0,27.0,True
nM9nz3Q6iEygDA60,0.0,20.0,30.0,40.0,22.5,True
nNMe9jKOFgZajX3t,0.0,20.0,30.0,60.0,27.5,True
nNTsRw6RiTP9lGIS,0.0,20.0,10.0,60.0,24.5,True
nP0aFeBFwmYRSkhy,0.0,20.0,10.0,30.0,17.0,True
nPFz46PDjqipVJIq,0.0,10.0,20.0,30.0,14.5,True
nQCtISRtvoKZ4G8A,0.0,20.0,30.0,40.0,22.5,True
nQmK2stLS9x3obaz,0.0,10.0,20.0,30.0,14.5,True
nRJwPrEJWCW3SlAH,0.0,20.0,70.0,30.0,26.0,True
nRXVpa3NBF7mMCNG,0.0,20.0,30.0,40.0,22.5,True
nRvxGECsX83w3iAn,0.0,20.0,30.0,40.0,22.5,True
nSBwPZRYsnvS9GJ1,0.0,20.0,30.0,40.0,22.5,True
nSVUT4xQGwlpOIz7,0.0,20.0,10.0,30.0,17.0,True
nSdanAaCiipucjVP,0.0,20.0,30.0,40.0,22.5,True
nT1wzUkuESziedUO,10.0,30.0,70.0,60.0,39.5,True
nTLFf5GCZdDiGADK,0.0,10.0,10.0,20.0,10.5,True
nTh1SaAgvnCjjUPY,0.0,20.0,30.0,40.0,22.5,True
nUeUuYElF05SSK06,0.0,20.0,10.0,60.0,24.5,True
nUoxp6a47WdtNSZL,0.0,10.0,20.0,30.0,14.5,True
nV9uf9nuPBUmRTso,0.0,20.0,60.0,40.0,27.0,True
nWVWouw5rGRBrdex,0.0,20.0,30.0,40.0,22.5,True
nWx0gk0IqY3Jny2M,70.0,30.0,80.0,60.0,53.0,True
nXZoDfDV67aIB01t,0.0,20.0,10.0,60.0,24.5,True
nZEsC0lF0KoLlOjR,0.0,20.0,60.0,40.0,27.0,True
naKaradpF703AwJt,0.0,20.0,70.0,40.0,28.5,True
ncdjV2fbQjVZ8D8n,0.0,10.0,20.0,30.0,14.5,True
nd6iA4uyrOD8TEg0,0.0,20.0,30.0,40.0,22.5,True
ndloBtg2ljsWE7qb,0.0,20.0,10.0,60.0,24.5,True
ne0uZN6X5NHUD8wh,0.0,20.0,60.0,30.0,24.5,True
ne1WJnLn03ovXjY5,0.0,20.0,30.0,60.0,27.5,True
neyVriWyz17oohyg,10.0,30.0,70.0,60.0,39.5,True
ng2CmSayzl1LnQ9P,0.0,20.0,30.0,40.0,22.5,True
ngbzEjrvmbFzkt19,0.0,20.0,30.0,60.0,27.5,True
ngetet4E8dP6SgWj,0.0,20.0,10.0,60.0,24.5,True
ni0Uilo2k6cJEYpH,0.0,20.0,60.0,40.0,27.0,True
ni3ntB0TQEkMK8tL,0.0,20.0,30.0,60.0,27.5,True
nifBSWYhebXEWBcm,0.0,20.0,30.0,40.0,22.5,True
niiVoLq5ygigkTJL,0.0,20.0,30.0,40.0,22.5,True
njIa6OVNsrJxGyk1,0.0,10.0,20.0,10.0,9.5,True
njasp9b2NE1CAJJK,0.0,10.0,20.0,30.0,14.5,True
nk50DlEWyBLJZPoq,0.0,10.0,20.0,30.0,14.5,True
nkJAR26WhraTXiOs,0.0,10.0,70.0,30.0,22.0,True
nldTll8PjEggWe1D,0.0,20.0,30.0,40.0,22.5,True
nm6tJae12v3oCVpx,0.0,20.0,30.0,40.0,22.5,True
noLFawSfL4xG51kz,0.0,20.0,30.0,40.0,22.5,True
np9xlohQDOusGCF8,0.0,10.0,60.0,30.0,20.5,True
nq4AeeHMFHFmCjHl,0.0,20.0,70.0,30.0,26.0,True
nq6RswMVrkfbTtkb,20.0,30.0,70.0,60.0,41.5,True
ntB4yKk71xqJfiWf,0.0,20.0,30.0,60.0,27.5,True
ntJ8UoHMouQQM6xP,0.0,20.0,30.0,40.0,22.5,True
ntPunwpG7SeeSvFw,0.0,10.0,10.0,20.0,10.5,True
nvIX2ptLkT4ymJLX,0.0,20.0,80.0,60.0,35.0,True
nwOsTMsUaglG6SNE,0.0,20.0,30.0,60.0,27.5,True
nwVG0ld1hzYm1cfW,0.0,20.0,30.0,60.0,27.5,True
nxyNrHatu6cDnwWX,0.0,20.0,10.0,80.0,29.5,True
nyWzi6CfnSwGUMzK,0.0,20.0,30.0,40.0,22.5,True
nyXJ7Vqx9CC9zaUc,0.0,20.0,30.0,40.0,22.5,True
nywm3Q28QpFF8rBd,0.0,20.0,10.0,60.0,24.5,True
nzB2pspNZkvkMuLy,0.0,20.0,30.0,40.0,22.5,True
o0p4rYL7CkNB1NDb,0.0,20.0,30.0,40.0,22.5,True
o1YG0U9btnFqfOkB,20.0,30.0,60.0,40.0,35.0,True
o2LPHMHZm2cyxdWo,0.0,10.0,20.0,30.0,14.5,True
o3SovHMYRxgo38Gg,0.0,20.0,60.0,30.0,24.5,True
o4sQFFYOzMwIEsgo,0.0,20.0,60.0,30.0,24.5,True
o4tac263SYOVgGeT,0.0,20.0,30.0,60.0,27.5,True
o4xKxTst8TkKOtET,0.0,10.0,20.0,30.0,14.5,True
o5CqFzDTDx4nDiA9,0.0,20.0,30.0,40.0,22.5,True
o5bo2OIsyMgRlJgx,0.0,10.0,70.0,30.0,22.0,True
o5qhInNVMTWw9vOE,0.0,20.0,80.0,60.0,35.0,True
o7KX7MePvy6TVVUy,0.0,20.0,10.0,60.0,24.5,True
o7ecVjFPbE66NcpS,0.0,20.0,30.0,40.0,22.5,True
o8eSPJcwF78zpfR1,0.0,10.0,20.0,30.0,14.5,True
o8pqnExg89VHyB5N,0.0,20.0,30.0,40.0,22.5,True
o94Az7TpRpEV11xA,0.0,20.0,70.0,30.0,26.0,True
oA3cnDAIVegRJCTi,10.0,30.0,40.0,60.0,35.0,True
oABRWzWXSItuLbKY,0.0,10.0,20.0,30.0,14.5,True
oBGBpAO21tQtUt5L,20.0,30.0,60.0,40.0,35.0,True
oCLrZ3aWZkSBvrjn,0.0,10.0,10.0,20.0,10.5,True
oEgEpa34BSmKc19H,0.0,20.0,60.0,40.0,27.0,True
oEmdHRDf7rWmLbmN,0.0,20.0,70.0,40.0,28.5,True
oF7ZFBBxMN4wNMck,0.0,20.0,60.0,30.0,24.5,True
oFBwvqCzeCiCwE8o,10.0,20.0,60.0,40.0,29.0,True
oFaaXI35CFExeNdW,0.0,20.0,80.0,60.0,35.0,True
oFqvYwXcX4Jr5j2S,0.0,20.0,30.0,40.0,22.5,True
oK00i7IpX6ARLQiM,0.0,20.0,10.0,60.0,24.5,True
oLJuSloJQgZJkY7G,0.0,10.0,10.0,30.0,13.0,True
oLRXuIDPQmX0K7w5,0.0,20.0,30.0,40.0,22.5,True
oMFzVNYfwB8787EQ,0.0,20.0,30.0,40.0,22.5,True
oOpKdBkEN2VINP4v,0.0,10.0,60.0,30.0,20.5,True
oPj6r0jedkYtMV0K,0.0,20.0,30.0,40.0,22.5,True
oPlxlHy9hYnkpUMq,0.0,20.0,10.0,60.0,24.5,True
oPwBEtY24ob7dbXY,0.0,20.0,10.0,30.0,17.0,True
oQW1edazs9RNntXU,0.0,20.0,30.0,40.0,22.5,True
oQjNYvRMswl7o2fu,0.0,10.0,20.0,30.0,14.5,True
oRKzLbru2nVXQL3l,0.0,20.0,30.0,40.0,22.5,True
oRldxGZyKKCk5r6x,0.0,10.0,20.0,30.0,14.5,True
oRxVhJu3kjMQfB0w,0.0,20.0,80.0,60.0,35.0,True
oSVd73Xl2FUzt0Q6,0.0,20.0,30.0,40.0,22.5,True
oSxx4iSIuJFQb35B,0.0,10.0,60.0,30.0,20.5,True
oTWJalmBS9kgPYMU,0.0,20.0,60.0,30.0,24.5,True
oTdHbBKuJer5PA4E,0.0,20.0,30.0,60.0,27.5,True
oTlS8jzwjCHkwsyp,0.0,20.0,70.0,60.0,33.5,True
oV6iEN8YG4AP3WOk,0.0,20.0,30.0,60.0,27.5,True
oVnnxgcqa6LAhrPL,0.0,20.0,30.0,40.0,22.5,True
oWOcKIebP06E7KPy,0.0,20.0,30.0,60.0,27.5,True
oWo8j93iGuuyWOQz,0.0,20.0,30.0,60.0,27.5,True
oXHyC6Ct3LBtKNdN,0.0,10.0,20.0,30.0,14.5,True
oXQdbbLfsoukNtN7,0.0,20.0,30.0,60.0,27.5,True
oXTjLStwRDHB866F,0.0,20.0,85.0,60.0,35.75,True
oXxLTGasmnphZWxR,10.0,20.0,70.0,40.0,30.5,True
oZSmA6hZ1peEN3Hv,0.0,20.0,10.0,30.0,17.0,True
oaiVyeVItbixF0J6,0.0,20.0,30.0,40.0,22.5,True
ob5ZXrdZEHwXLokg,0.0,20.0,10.0,30.0,17.0,True
obFSTrgCKK9PAurA,0.0,20.0,30.0,60.0,27.5,True
obahhnesBt1tlfsp,0.0,20.0,60.0,30.0,24.5,True
obam73lv8yK6ZArC,0.0,20.0,60.0,40.0,27.0,True
ocAWa7r8AoVQmWne,0.0,20.0,30.0,40.0,22.5,True
ocfsL2tJckNH8MdJ,0.0,10.0,10.0,30.0,13.0,True
od0SyFJbeRKryFcf,60.0,20.0,70.0,40.0,40.5,True
od6jHCuZCrcwGNW6,30.0,20.0,60.0,40.0,33.0,True
odVih9STjyUbS9Bx,0.0,10.0,20.0,30.0,14.5,True
odr6AICuazmvf4KZ,0.0,20.0,30.0,40.0,22.5,True
ofAeh9EDA25ICi2M,0.0,20.0,30.0,60.0,27.5,True
ofCPDGBv57aYpKPr,0.0,10.0,10.0,20.0,10.5,True
og37lvHgiQX81J6D,0.0,20.0,70.0,40.0,28.5,True
ogDvw4kKCEzchqwG,0.0,20.0,30.0,40.0,22.5,True
ohbaT1zYspnRjlXW,10.0,20.0,30.0,40.0,24.5,True
oiUl0McOXb6duLau,0.0,30.0,70.0,60.0,37.5,True
olYXw9BVl7tRJIV2,0.0,20.0,60.0,40.0,27.0,True
onoiFNXJVZ8UJ8iZ,0.0,20.0,70.0,40.0,28.5,True
onqijI8wSzkX8XHo,0.0,20.0,10.0,60.0,24.5,True
ooUVnEoHLYJWDU0D,0.0,20.0,30.0,60.0,27.5,True
oocBqbMTHbuJFEf1,0.0,20.0,10.0,30.0,17.0,True
opBh4gU1p8Cf7gH4,0.0,20.0,30.0,40.0,22.5,True
opDwjrm74UWhcZQA,0.0,10.0,10.0,20.0,10.5,True
or6st8qiMM8czErQ,0.0,20.0,30.0,40.0,22.5,True
otCiJpLw4f9VAEnO,0.0,20.0,30.0,40.0,22.5,True
otGSflslVXzBsErj,0.0,20.0,30.0,40.0,22.5,True
otVJnhxU0YjcpSCP,0.0,20.0,10.0,60.0,24.5,True
otu89P1T7LZTDROQ,0.0,10.0,20.0,30.0,14.5,True
ourn8QsAJvGVBpQK,0.0,20.0,30.0,60.0,27.5,True
ouxQdxt0kYKyUcJT,0.0,20.0,10.0,40.0,19.5,True
ovBEdGBPdthrxr8w,0.0,20.0,30.0,60.0,27.5,True
ovO0ctCAoK4kInXO,0.0,20.0,30.0,40.0,22.5,True
ovoSk89GVB6eDJQa,10.0,20.0,60.0,30.0,26.5,True
ovrP9UOFtgzIv4Px,0.0,10.0,20.0,30.0,14.5,True
oyyigbmH36GRA0jM,0.0,20.0,30.0,40.0,22.5,True
ozPB5CPGnWlcmezh,0.0,20.0,60.0,40.0,27.0,True
ozyA3WwzaaR9Cy9T,0.0,20.0,30.0,40.0,22.5,True
p0qwcM0zGuNnGczk,0.0,20.0,10.0,30.0,17.0,True
p1IaR1B20RTULvGQ,0.0,20.0,70.0,30.0,26.0,True
p1NwjXgh6fR9QFNa,0.0,20.0,10.0,60.0,24.5,True
p1O7n8ORK56SStmh,0.0,20.0,30.0,40.0,22.5,True
p1uHuXV9yOzs83zV,0.0,20.0,60.0,40.0,27.0,True
p2adDuZhqx8PeZHo,0.0,20.0,60.0,30.0,24.5,True
p3B2yAbKFQKFGZu7,20.0,30.0,60.0,40.0,35.0,True
p3bhTzdtNV8HBa08,0.0,20.0,60.0,30.0,24.5,True
p3z0Sr145GIjhw3T,0.0,10.0,10.0,20.0,10.5,True
p43kr4OIsQ6eSUU5,0.0,10.0,20.0,30.0,14.5,True
p4AWTixUU2HBngt9,0.0,20.0,10.0,60.0,24.5,True
p4fRXp9utROMSbhs,0.0,20.0,10.0,30.0,17.0,True
p58HiQ5JWb10s0a5,0.0,20.0,30.0,40.0,22.5,True
p5UEZL8qTXZej4G3,0.0,20.0,30.0,40.0,22.5,True
p6OtVV5wymSp2nXI,20.0,30.0,60.0,40.0,35.0,True
p6dG2MI4epIJfvHI,0.0,20.0,30.0,60.0,27.5,True
p7CIarCascEOLmyw,0.0,20.0,30.0,40.0,22.5,True
p7LcigY2ONyXkb4F,0.0,20.0,30.0,40.0,22.5,True
p7eThK8uN965960O,10.0,30.0,70.0,60.0,39.5,True
p8C0lWrzQrXuZzas,0.0,20.0,70.0,40.0,28.5,True
p9v1d0vHYp8eXMNC,0.0,20.0,30.0,60.0,27.5,True
pAtIveCHkSCRxVFE,0.0,10.0,30.0,20.0,13.5,True
pC3ngYHSSpwL6tgk,0.0,20.0,60.0,40.0,27.0,True
pCLLIEaHb3ZS2vpG,0.0,60.0,40.0,50.0,42.5,True
pDlThTpkOMWceyia,0.0,10.0,20.0,30.0,14.5,True
pEA7klA2UvMrhTui,20.0,30.0,70.0,60.0,41.5,True
pFjgTUP3GyddmkdS,0.0,20.0,30.0,60.0,27.5,True
pFlZH3cvf9jM70j1,0.0,10.0,20.0,30.0,14.5,True
pG6SDBl3f6w5ETFZ,0.0,10.0,20.0,30.0,14.5,True
pIQHhKd6hgW82r06,20.0,30.0,60.0,40.0,35.0,True
pJB2ymjZ9VjEZalA,0.0,20.0,10.0,60.0,24.5,True
pJSGHl1rvUiDN1Sd,0.0,20.0,10.0,60.0,24.5,True
pKSYxuDQ6f8sZlfY,10.0,20.0,60.0,40.0,29.0,True
pLFKlwwY4hgyspz9,0.0,20.0,30.0,60.0,27.5,True
pLl5zyMnE21azoi0,0.0,10.0,20.0,30.0,14.5,True
pLlCfRKuqb8AoHu2,0.0,20.0,30.0,40.0,22.5,True
pM7YTIjlfZIbRnLy,0.0,10.0,10.0,20.0,10.5,True
pNIBl6jeqdwen4fI,0.0,10.0,20.0,30.0,14.5,True
pNMVEq12VgJwA3pa,0.0,20.0,30.0,40.0,22.5,True
pNQq47BRKT35Otn8,0.0,20.0,30.0,40.0,22.5,True
pPrnLyf4giOVMhcL,0.0,10.0,30.0,20.0,13.5,True
pQprI0Y6VdW8oK2Z,0.0,10.0,10.0,20.0,10.5,True
pRIf9rapdPFuu82M,0.0,20.0,70.0,40.0,28.5,True
pRM6LJW1hjE2rUnM,0.0,20.0,30.0,40.0,22.5,True
pROMG7Hq8r8jDJKw,0.0,10.0,30.0,20.0,13.5,True
pRlbKgqSaeBNmoWZ,0.0,10.0,20.0,30.0,14.5,True
pSwSJAZ6VNdQ655e,0.0,20.0,30.0,60.0,27.5,True
pT2TyeF4cac9rG0w,0.0,20.0,60.0,40.0,27.0,True
pTGrA7IKxccKETxh,0.0,20.0,60.0,40.0,27.0,True
pTjsBaNwpKAlQQfH,0.0,10.0,10.0,30.0,13.0,True
pU1TO7gDyVvpMEcu,0.0,10.0,10.0,20.0,10.5,True
pUAFJWpSEPTFCYbf,0.0,10.0,10.0,20.0,10.5,True
pUIuo5O3ovG3QsKM,0.0,30.0,70.0,60.0,37.5,True
pVGFW0NPc1GUemR8,0.0,10.0,60.0,30.0,20.5,True
pVcUeRzi9nr9hKaP,0.0,20.0,30.0,60.0,27.5,True
pVgXk1ZQ54nguvvO,0.0,20.0,30.0,60.0,27.5,True
pVsqjvhfGcMuqvue,0.0,20.0,60.0,40.0,27.0,True
pW2d1LV7gleGujE5,0.0,20.0,30.0,40.0,22.5,True
pWrOUWOn8lVNk4yj,0.0,20.0,70.0,30.0,26.0,True
pXkaiup719W4qkpI,0.0,20.0,30.0,60.0,27.5,True
pYau2kXrG0bGG5dz,0.0,10.0,10.0,30.0,13.0,True
pYoI3weuDBsVAFcP,20.0,10.0,30.0,40.0,22.5,True
paN6TWcDWX0qXWcU,0.0,10.0,10.0,20.0,10.5,True
paOW9IJ6AGqpaj45,0.0,20.0,30.0,40.0,22.5,True
pbRmgyFSJEgLYk1A,0.0,20.0,30.0,40.0,22.5,True
pc45xQeZU8vgnoQi,0.0,10.0,60.0,30.0,20.5,True
pc7lfmzFeAdPppGt,10.0,20.0,30.0,40.0,24.5,True
pcDd6xTmrx0DGzO7,0.0,20.0,30.0,40.0,22.5,True
pcV8GSjK9kOqOJiG,0.0,20.0,30.0,40.0,22.5,True
peaK10AjWlEViVHS,0.0,20.0,30.0,60.0,27.5,True
penyQ9dAPi47i1Lb,0.0,20.0,60.0,30.0,24.5,True
pfQo1Rk0NIJ35DfY,0.0,10.0,20.0,30.0,14.5,True
pgv8bC3172eXFqeO,20.0,30.0,60.0,40.0,35.0,True
pjsm46TWyF7Ljtgv,0.0,20.0,30.0,40.0,22.5,True
pk57nExaGWnNFphD,0.0,30.0,60.0,40.0,31.0,True
pkA82uLGrvammRFN,20.0,30.0,70.0,60.0,41.5,True
pketN5vICdibE5Rd,0.0,10.0,10.0,20.0,10.5,True
pm4ks2pz6kLBiaZI,10.0,20.0,30.0,40.0,24.5,True
pmtDslqAnPgbtoQC,0.0,20.0,30.0,40.0,22.5,True
pnwpZNdTaOvIu3W1,0.0,20.0,30.0,40.0,22.5,True
ppLPLXWGkskyzQjg,0.0,10.0,10.0,30.0,13.0,True
ppPtLf6Se3thvkbI,0.0,10.0,20.0,30.0,14.5,True
pperXBuR7KfhQABx,0.0,20.0,10.0,30.0,17.0,True
prAAbCuy8KMMqsL4,0.0,20.0,30.0,40.0,22.5,True
prlZ86ciY21iiRSo,0.0,20.0,30.0,40.0,22.5,True
ptuXstzPGsZ5p9Wl,20.0,30.0,70.0,60.0,41.5,True
puBLo57L8j6K5aAc,0.0,20.0,10.0,60.0,24.5,True
puiTYVFR8BZlYZwv,20.0,10.0,60.0,30.0,24.5,True
pvc9AiedHsceu3E2,0.0,20.0,80.0,60.0,35.0,True
pw3M1tBJKvmODslv,0.0,20.0,60.0,40.0,27.0,True
pw8jI2CHNFgxU5mw,0.0,10.0,60.0,30.0,20.5,True
pxVJjooKINRwegSh,60.0,30.0,70.0,40.0,44.5,True
pyseFPAu9SKib610,0.0,20.0,80.0,60.0,35.0,True
pzETr7KDIvjqMeqh,0.0,20.0,30.0,30.0,20.0,True
q2vcbApwuSoEmcLV,0.0,10.0,20.0,30.0,14.5,True
q3Oft3cwVOIdyOEb,0.0,20.0,60.0,30.0,24.5,True
q3uPcTOiqbXxpCFk,0.0,20.0,30.0,40.0,22.5,True
q4kxVbBZtjcDAT4I,0.0,20.0,10.0,30.0,17.0,True
q5OgYhVQd5W3xwVA,0.0,20.0,60.0,40.0,27.0,True
q69wZ5I5ZGaTWLEh,0.0,10.0,10.0,30.0,13.0,True
q6zjgF4yqQm7sM3m,0.0,10.0,20.0,30.0,14.5,True
q7i5BfOXzAQArEeb,30.0,20.0,70.0,40.0,34.5,True
q7lH9zMKOb4UUQ0s,0.0,20.0,30.0,40.0,22.5,True
q8AUesKCruMFPLng,0.0,20.0,30.0,40.0,22.5,True
q8h3Sxwe1aKQwr7i,20.0,30.0,70.0,60.0,41.5,True
q9RT7SzsIss2KqgW,0.0,20.0,30.0,60.0,27.5,True
qAEKZsb6Wo0XBU2B,0.0,20.0,30.0,40.0,22.5,True
qAfF4vjc4ipGMF9r,0.0,10.0,20.0,30.0,14.5,True
qAgNY1M73l7qdyxO,0.0,20.0,30.0,60.0,27.5,True
qCDqo1rKdjWSQgfQ,0.0,20.0,30.0,40.0,22.5,True
qCjSOq60vlxDnCJD,0.0,10.0,10.0,30.0,13.0,True
qD2tmy2EgpyKwKsS,0.0,10.0,20.0,30.0,14.5,True
qDD2oXsN9qpQe05Q,0.0,20.0,10.0,30.0,17.0,True
qEjF0lUFsimO4f8H,0.0,20.0,30.0,60.0,27.5,True
qErfwW1f1BVojNuB,0.0,20.0,70.0,40.0,28.5,True
qFflqzmowPOfvCWg,0.0,20.0,10.0,60.0,24.5,True
qFknTJDwbIkXEzHT,10.0,30.0,20.0,40.0,27.0,True
qGewAMU0JVuDSbWd,0.0,10.0,20.0,30.0,14.5,True
qHW40pv36jAHdz3r,0.0,20.0,10.0,60.0,24.5,True
qINa3LHvMjCgqoRA,0.0,20.0,60.0,30.0,24.5,True
qISmAlIf3V8mshoY,0.0,20.0,60.0,40.0,27.0,True
qIlP5XM90ZsmSxcd,0.0,10.0,30.0,20.0,13.5,True
qJ710OOaI4SGTB4S,0.0,20.0,60.0,40.0,27.0,True
qKrzkt1xutbC2F4a,0.0,20.0,70.0,30.0,26.0,True
qLAsM04P89Hwzbhl,0.0,20.0,30.0,40.0,22.5,True
qLwEhZWcZsjQ3vNL,20.0,30.0,70.0,60.0,41.5,True
qM5q4bWpR7YWPR6N,0.0,20.0,60.0,40.0,27.0,True
qM6httunpFS9w1lb,0.0,20.0,60.0,40.0,27.0,True
qMBQQmXN4YiZXSsm,0.0,20.0,30.0,40.0,22.5,True
qNxW3f6K7nxd0P43,0.0,20.0,60.0,30.0,24.5,True
qNyOLpOwEHQ9l4t1,0.0,10.0,20.0,30.0,14.5,True
qOGvAQ1qwfagTZFp,0.0,10.0,0.0,30.0,11.5,True
qOOGssDas0hSStxc,20.0,30.0,60.0,40.0,35.0,True
qQb7kITN4Sr5tnJ7,0.0,10.0,60.0,30.0,20.5,True
qQmJra9K87T1jXFC,0.0,20.0,70.0,40.0,28.5,True
qQqHhFR48D8OpOA2,0.0,10.0,20.0,30.0,14.5,True
qREY4lfqBfDlFvId,0.0,10.0,10.0,20.0,10.5,True
qRMpzphjmbpZ0tDF,10.0,30.0,40.0,60.0,35.0,True
qRbdLkX6UWngKw77,30.0,20.0,60.0,40.0,33.0,True
qSC9yKEXpWv9XDRD,0.0,20.0,10.0,60.0,24.5,True
qSE3ZyWIXgBSLN4w,0.0,20.0,30.0,40.0,22.5,True
qSIEilw8xD9Gvzqg,0.0,20.0,30.0,40.0,22.5,True
qSZKCxpE8YVOsbSZ,0.0,20.0,30.0,40.0,22.5,True
qSiKl0PLh9QpiTco,0.0,20.0,30.0,30.0,20.0,True
qTlaVvYsKRWmlN2O,0.0,20.0,30.0,60.0,27.5,True
qU4OeUe5b2GOb0LL,0.0,20.0,30.0,40.0,22.5,True
qUcGBXZxZslspUJl,0.0,20.0,30.0,40.0,22.5,True
qWTcMzVv7Wi7RA0e,0.0,30.0,70.0,60.0,37.5,True
qXad4owzobm56kGj,30.0,20.0,60.0,40.0,33.0,True
qXaumRPVuACdVEGM,0.0,10.0,20.0,30.0,14.5,True
qYeY5tNhzK7MLpWM,0.0,10.0,10.0,20.0,10.5,True
qYhMWpQKAayfbqD7,0.0,10.0,10.0,20.0,10.5,True
qYsvuhfAAGjKFO4X,0.0,20.0,10.0,30.0,17.0,True
qYvuLyRZ64uRXCQz,0.0,20.0,60.0,30.0,24.5,True
qZkZtKxZAlK0hE6Q,0.0,10.0,10.0,30.0,13.0,True
qaBDkdY41dVDHsnA,0.0,20.0,30.0,40.0,22.5,True
qabXtpX1I6B7yBGt,70.0,30.0,80.0,60.0,53.0,True
qae9B2XfQCd51PQy,0.0,10.0,60.0,30.0,20.5,True
qafwbRVqn1ODNYdT,0.0,10.0,30.0,20.0,13.5,True
qbHWR1QSJkjodLvG,0.0,20.0,10.0,30.0,17.0,True
qduxCj27tFWDkfYo,0.0,20.0,60.0,40.0,27.0,True
qegJddv7pE6wM8Q9,0.0,20.0,30.0,60.0,27.5,True
qelRraRW1qmKBHsG,20.0,30.0,70.0,60.0,41.5,True
qfrrFrPnUi7V3HVh,0.0,20.0,30.0,60.0,27.5,True
qhNgBuPc3mSsrbYK,0.0,10.0,20.0,30.0,14.5,True
qiA3SF1GYZD399cT,0.0,10.0,10.0,20.0,10.5,True
qlMHylk9AKNiayAz,0.0,20.0,30.0,60.0,27.5,True
qlri5n1JPoLCkHpp,0.0,20.0,30.0,40.0,22.5,True
qmG0NU3DBdDsch3F,0.0,20.0,30.0,40.0,22.5,True
qnW8puo8BDxRCREF,20.0,10.0,60.0,30.0,24.5,True
qncg5yvO1wBZioGJ,0.0,20.0,30.0,60.0,27.5,True
qoL3WcLueOM1vz4z,0.0,20.0,70.0,40.0,28.5,True
qomJvZp4iU99s8D9,0.0,20.0,30.0,40.0,22.5,True
qopdPRJbdP1SoEcc,0.0,20.0,30.0,60.0,27.5,True
qpbdzpSeKg3c0B2K,0.0,20.0,70.0,40.0,28.5,True
qprE9NvxlFBnASWx,0.0,10.0,20.0,30.0,14.5,True
qqH40JvsIEX8vpgh,0.0,10.0,10.0,30.0,13.0,True
qqn4uC3PxrT8EHLn,0.0,20.0,60.0,30.0,24.5,True
qrEhcydYzdBD9PpF,20.0,30.0,60.0,40.0,35.0,True
qrPO3YNO1TAzSpQM,20.0,30.0,70.0,60.0,41.5,True
qrnDdzUyfIWC1P92,0.0,20.0,30.0,60.0,27.5,True
qruBu8TCVSUIXf0U,20.0,30.0,60.0,40.0,35.0,True
qsATscp6vbC72AM7,0.0,20.0,30.0,30.0,20.0,True
qsNVyBKvsi1fVWSE,0.0,20.0,30.0,40.0,22.5,True
qsTf9Bti8mTgywr5,0.0,20.0,30.0,40.0,22.5,True
qsgb75V3Rk6UoYGE,0.0,20.0,30.0,60.0,27.5,True
qt9O1OEhPQ5sAlF6,0.0,20.0,30.0,40.0,22.5,True
qtU33cLzD1yjt6jJ,0.0,20.0,70.0,40.0,28.5,True
qtpAdj0oWts2Y75i,0.0,20.0,30.0,40.0,22.5,True
quX3RgfyaJK52w9H,0.0,10.0,20.0,30.0,14.5,True
qugjl5q3tqeXGLNE,0.0,10.0,20.0,30.0,14.5,True
quoguynXdMpa5XZE,0.0,20.0,30.0,40.0,22.5,True
qvCMjoizFerVQIvG,0.0,20.0,30.0,40.0,22.5,True
qxkpFI6XYantynZm,20.0,30.0,70.0,60.0,41.5,True
qxxJJ7ZqwbAhw3R9,0.0,10.0,20.0,30.0,14.5,True
r02oKdpvZBVb3iHw,85.0,30.0,70.0,60.0,54.5,True
r0JLbq6affU05p1Y,0.0,20.0,60.0,40.0,27.0,True
r1aNILha3nLcLhkd,0.0,20.0,30.0,40.0,22.5,True
r1dHVHXv3h85PPBo,20.0,30.0,70.0,60.0,41.5,True
r3kzwl4D0qjJB1Ry,0.0,20.0,30.0,40.0,22.5,True
r4mlsqSCqfFwLxwX,0.0,10.0,20.0,30.0,14.5,True
r5IlXVv2xrql7HzD,0.0,20.0,30.0,40.0,22.5,True
r6MgBlq8FxvthgQa,0.0,20.0,30.0,40.0,22.5,True
r7VJrwvUvTQPEy81,0.0,20.0,70.0,40.0,28.5,True
r7ir3YdPp0nIhaPw,0.0,20.0,60.0,60.0,32.0,True
r8fVtHvd5XkRSDQ6,0.0,20.0,60.0,30.0,24.5,True
r9dIh2iSpvBoZfzF,0.0,20.0,60.0,40.0,27.0,True
rArRxucDRj5HpgWa,85.0,20.0,70.0,60.0,50.5,True
rCYduDSOqXYknJX3,0.0,20.0,30.0,60.0,27.5,True
rEiyj3K8cujNfG0X,0.0,20.0,10.0,30.0,17.0,True
rFAa2KA0S0bPB418,0.0,20.0,30.0,60.0,27.5,True
rFCo4ks86qMWg7oQ,0.0,20.0,10.0,60.0,24.5,True
rFOlvGEGs8Ptq3Ip,0.0,10.0,20.0,30.0,14.5,True
rFe6WX3tlqRPokfg,0.0,20.0,60.0,30.0,24.5,True
rFlW6GrzoWKidHZB,0.0,20.0,30.0,60.0,27.5,True
rHWImyiAL68AfASm,85.0,30.0,75.0,60.0,55.25,True
rHz4HLN7NmBX8UZc,0.0,10.0,20.0,30.0,14.5,True
rIIiaG9K9YXorIzI,0.0,20.0,60.0,30.0,24.5,True
rKzVbgEcKjYgCBtv,10.0,20.0,30.0,40.0,24.5,True
rLCsCJDdBCPOQyss,30.0,20.0,60.0,40.0,33.0,True
rLcW2ctSM1dpERkM,0.0,20.0,30.0,40.0,22.5,True
rMNmYemAFwO4Fk31,20.0,30.0,70.0,60.0,41.5,True
rNLIce5nUCBJo5AF,20.0,30.0,60.0,40.0,35.0,True
rNbtGWDVowUMFxro,0.0,20.0,70.0,30.0,26.0,True
rPBrSY95z3BVcpn2,10.0,20.0,30.0,40.0,24.5,True
rPC4VZoIhgoYnCdQ,0.0,20.0,60.0,40.0,27.0,True
rS74xD8FuLa3X2Uf,0.0,10.0,20.0,30.0,14.5,True
rTIOND7IIUfQOqgS,20.0,30.0,60.0,40.0,35.0,True
rTbXQrcrU7yvQxgf,0.0,10.0,20.0,10.0,9.5,True
rTe2jJ4aqsCg43kc,10.0,20.0,60.0,30.0,26.5,True
rTkMSz6oYAqe4lkZ,0.0,30.0,70.0,60.0,37.5,True
rV8GXHtNW851QNUD,0.0,10.0,20.0,30.0,14.5,True
rVq21aDeZeP7aRDW,20.0,30.0,70.0,60.0,41.5,True
rWL8NcKADIeMtx0Y,10.0,20.0,60.0,40.0,29.0,True
rWglsEilo32D6jcC,0.0,20.0,60.0,40.0,27.0,True
rWty69pfjUHRrYiR,0.0,30.0,70.0,60.0,37.5,True
rXgR9x3gnNIW5xxZ,20.0,30.0,60.0,40.0,35.0,True
rXvkVgkwT397JBcB,0.0,20.0,80.0,30.0,27.5,True
rZvzuCiBEzxRrfXM,0.0,10.0,10.0,20.0,10.5,True
raBSw7wWCJSkbVgO,0.0,20.0,30.0,40.0,22.5,True
rat7Ymfb6NaDEgQJ,0.0,20.0,70.0,40.0,28.5,True
rb5FCCMszkdT8C4i,0.0,20.0,30.0,40.0,22.5,True
rdkMNdCUU9fBB3Lb,0.0,20.0,30.0,60.0,27.5,True
rdmhYjR296EFlkQ7,0.0,20.0,30.0,60.0,27.5,True
rebdTSFSL1TrgKnk,0.0,20.0,30.0,40.0,22.5,True
rezrHFNiQ3Sed34r,0.0,10.0,20.0,20.0,12.0,True
rfsOMe2VudDAXl3O,0.0,20.0,30.0,40.0,22.5,True
rftfG6nZjIuzLOW1,0.0,20.0,60.0,40.0,27.0,True
rg41PsSpNebVnl8p,0.0,20.0,70.0,60.0,33.5,True
rgRBuzyADgvDXY8h,0.0,10.0,30.0,20.0,13.5,True
rh29cCzL51kVBiyO,0.0,10.0,10.0,30.0,13.0,True
rh8o7bdCGOIBFPwH,0.0,20.0,30.0,40.0,22.5,True
rhTVeFdGjKjidLj0,30.0,20.0,60.0,40.0,33.0,True
riOtNIfGPkL8LjkQ,0.0,20.0,30.0,40.0,22.5,True
rlkjM8EvGLeCdZT4,0.0,20.0,10.0,60.0,24.5,True
rlnNnuSqn6Wo0O4D,0.0,20.0,30.0,40.0,22.5,True
rmAMD7qwDT9Hnue7,0.0,20.0,30.0,40.0,22.5,True
rnWXkKWkFYWXfiNB,0.0,10.0,0.0,30.0,11.5,True
ro7qE721txjtvUw1,0.0,20.0,30.0,60.0,27.5,True
rojv5zQifUyH9RN3,0.0,20.0,10.0,60.0,24.5,True
rp4H5pJTa7wJSk7A,0.0,10.0,10.0,20.0,10.5,True
rpoCRbEWQYS1pyEf,0.0,10.0,60.0,30.0,20.5,True
rqIK6cLol5kw9mpn,0.0,20.0,60.0,30.0,24.5,True
rqyI7OubgQmOIfpG,70.0,60.0,85.0,50.0,63.25,True
rs063BLUtxNXz7qJ,0.0,20.0,30.0,60.0,27.5,True
rs7ehHgZXSIQ2W5S,0.0,20.0,30.0,40.0,22.5,True
ruh1NzFI3CFJGZcX,20.0,30.0,60.0,40.0,35.0,True
rxXp1JPedNETNtg9,0.0,20.0,10.0,60.0,24.5,True
s0e1tG2uTDQlydkK,0.0,10.0,10.0,20.0,10.5,True
s28IDBKUKXHqk9yD,0.0,20.0,30.0,60.0,27.5,True
s2MsNg2IwhtVDwB8,0.0,10.0,70.0,30.0,22.0,True
s2iXzUdT53CJ09j2,0.0,10.0,60.0,30.0,20.5,True
s2tr2CsJMaXrFBbC,0.0,10.0,20.0,30.0,14.5,True
s3QiiaePbjU4FQBi,0.0,20.0,30.0,60.0,27.5,True
s4ZRrORurv2KwRAY,0.0,20.0,30.0,40.0,22.5,True
s5BSxg18G7rEGYGF,0.0,20.0,60.0,40.0,27.0,True
s5t2kTT7SOlYxGoh,0.0,20.0,10.0,60.0,24.5,True
s6HN2J1KWvNzw7sA,0.0,20.0,30.0,40.0,22.5,True
s6xHicEjZgzl1rCS,0.0,20.0,70.0,40.0,28.5,True
s8J7dnQVgBmzEHeD,0.0,20.0,70.0,40.0,28.5,True
s8iWji42Mj7wpIqe,0.0,30.0,60.0,40.0,31.0,True
s9Tfw7CPqVEnm0Ir,0.0,10.0,10.0,20.0,10.5,True
sAyihMNSFGQu1BvO,20.0,30.0,40.0,50.0,34.5,True
sBYwHvRVCJxz0txf,10.0,20.0,60.0,30.0,26.5,True
sC2ZI1VF9gxPvVom,0.0,20.0,60.0,40.0,27.0,True
sCHwoLcDGNvBCDBA,0.0,20.0,30.0,60.0,27.5,True
sCYbqFtE5ytIsRYu,0.0,20.0,30.0,60.0,27.5,True
sD9kN7kTIsll1TS5,0.0,20.0,30.0,60.0,27.5,True
sDv5SOS4LXJpxQGY,20.0,30.0,60.0,40.0,35.0,True
sE5s8WKQjZKU67Cv,0.0,10.0,20.0,30.0,14.5,True
sED1fQkLdOnxacA7,0.0,20.0,30.0,40.0,22.5,True
sEIaS7F8WEtaXBZs,0.0,10.0,10.0,30.0,13.0,True
sFn4R9dwVQE20SQC,0.0,10.0,20.0,30.0,14.5,True
sIT2zuknXcIasu1n,20.0,30.0,70.0,60.0,41.5,True
sJaRUTJxYwD3Gcak,0.0,20.0,30.0,60.0,27.5,True
sKNIHFHiLJGFjDxt,0.0,20.0,30.0,40.0,22.5,True
sKl7bTCqLZkzWMTK,0.0,20.0,30.0,40.0,22.5,True
sKmByvnIaQlDP4QZ,0.0,10.0,20.0,30.0,14.5,True
sLPTLQQfXbd2tP57,0.0,10.0,10.0,30.0,13.0,True
sMbHi4taton2ubX0,0.0,20.0,10.0,60.0,24.5,True
sMkYYO8N5kKJ2ofA,0.0,20.0,10.0,60.0,24.5,True
sMnHngJrTM84Z3Qe,0.0,20.0,30.0,60.0,27.5,True
sMtwgKGnjQEo2gw2,0.0,20.0,10.0,30.0,17.0,True
sMvBhRj91emEFpay,0.0,10.0,20.0,30.0,14.5,True
sNNyCkSCTzmnKAGb,0.0,20.0,60.0,30.0,24.5,True
sQKNNY6zmYwDyGAT,0.0,20.0,10.0,30.0,17.0,True
sQjpjiUTThaMf4j6,0.0,20.0,30.0,40.0,22.5,True
sRNyC6VpRFNqwODE,0.0,20.0,10.0,30.0,17.0,True
sRPnjJlo4MemiQTe,30.0,20.0,70.0,40.0,34.5,True
sT9Md8X0lOFCam2Q,0.0,20.0,30.0,40.0,22.5,True
sTq6GUVj8pFpOmCK,0.0,20.0,10.0,60.0,24.5,True
sTr8Gq7XwAD7YEex,0.0,20.0,30.0,40.0,22.5,True
sTrJhkocIpscOj84,0.0,20.0,60.0,40.0,27.0,True
sTyVL2nCeZrDPJFw,20.0,30.0,60.0,40.0,35.0,True
sU7KenthbnHZKFuj,0.0,20.0,30.0,60.0,27.5,True
sV3vZhD9ejW9o3RU,0.0,10.0,10.0,30.0,13.0,True
sWVYCoIpt9ZYE51m,0.0,20.0,10.0,60.0,24.5,True
sWbo2UvvpnId66Qp,0.0,20.0,10.0,30.0,17.0,True
sX9K8N4FRDKfTEJO,10.0,20.0,70.0,30.0,28.0,True
sXe2iqnAezdxaSlM,0.0,60.0,70.0,75.0,53.25,True
sZDZiwrlBws4eBVZ,0.0,20.0,30.0,60.0,27.5,True
sZQ7QjtkQ4xnAMbL,0.0,20.0,10.0,60.0,24.5,True
saMeASwEoEAis4kz,0.0,20.0,10.0,60.0,24.5,True
saWfn0G9xSTz5KLm,0.0,10.0,10.0,30.0,13.0,True
sawYdJwaQfTpRrEO,0.0,20.0,80.0,60.0,35.0,True
sb6H0XxGZGCFcs5P,0.0,10.0,10.0,30.0,13.0,True
sbDHoUUTXb9IodXz,0.0,20.0,60.0,40.0,27.0,True
sbFk0Z9or8ZAgxUc,20.0,30.0,60.0,40.0,35.0,True
sbRLoaNNWNIBGMfM,0.0,20.0,80.0,60.0,35.0,True
scTZGPheD0mbRyKY,70.0,40.0,80.0,60.0,57.0,True
sd5J9jmgaeEfSChM,0.0,20.0,70.0,30.0,26.0,True
sdxjeGwduy3dJ7mV,80.0,30.0,70.0,60.0,53.5,True
seIKp2H7NGtzNdIS,0.0,20.0,10.0,60.0,24.5,True
sehA3rnrWSlt9QT1,20.0,30.0,60.0,40.0,35.0,True
sggAEJI29exYLAOY,0.0,20.0,60.0,40.0,27.0,True
shBsU74RrHuN4xKP,0.0,20.0,30.0,40.0,22.5,True
shKRIy5z0w9XZjsc,0.0,10.0,20.0,30.0,14.5,True
shdKzaXbVB7y0hA4,20.0,30.0,60.0,40.0,35.0,True
siYC73VEIyiB8ISQ,0.0,10.0,10.0,30.0,13.0,True
sigJLhVtiQBMoEAU,0.0,10.0,30.0,20.0,13.5,True
simfQ8IiScWS2y7H,0.0,20.0,30.0,60.0,27.5,True
siuiSUEPG6ymaXMd,0.0,10.0,10.0,30.0,13.0,True
sji9Sx7KUopPT6in,0.0,10.0,60.0,30.0,20.5,True
skjRDf4Of8To4nZR,0.0,20.0,30.0,60.0,27.5,True
slSDkKUM6bSsnGJO,0.0,30.0,60.0,40.0,31.0,True
slw5ce48zxCxxuEt,75.0,30.0,65.0,50.0,49.25,True
snMtxO2mPr5MFnid,0.0,20.0,60.0,40.0,27.0,True
snfGJtHvWOkbb4YI,0.0,20.0,30.0,60.0,27.5,True
so06UKuKMXR0upt4,0.0,10.0,20.0,30.0,14.5,True
soHgfUM9M3xp32QF,0.0,20.0,30.0,40.0,22.5,True
sozSptQLxEJHwBVJ,0.0,20.0,30.0,40.0,22.5,True
sp2zWKo0KOcJMrgn,20.0,30.0,70.0,60.0,41.5,True
spdp09SWkxcVWkFq,10.0,20.0,60.0,40.0,29.0,True
spfNiCspZflABAwz,0.0,20.0,30.0,40.0,22.5,True
spkBD9q4ItBrOoeX,0.0,60.0,70.0,50.0,47.0,True
spu7CIVYP6r2uNbV,20.0,30.0,70.0,40.0,36.5,True
spyui2W5StcwwoSW,0.0,10.0,10.0,30.0,13.0,True
sqkfI0jMQKIEsFH6,0.0,20.0,10.0,30.0,17.0,True
sqmcbNfd8MQ51n8M,0.0,20.0,30.0,40.0,22.5,True
sqn0kVXKZYALfqjk,0.0,10.0,60.0,30.0,20.5,True
sr3yFfVECVy7kLZz,0.0,10.0,10.0,20.0,10.5,True
srFK68qa6HaQmbYZ,0.0,20.0,60.0,30.0,24.5,True
ssQSPmbHgGmApkSW,20.0,30.0,70.0,50.0,39.0,True
ssS7mS2JzgiuWYL3,0.0,10.0,20.0,30.0,14.5,True
suaYMkQOGZz4au9k,0.0,20.0,30.0,40.0,22.5,True
svwSsbUP8rjhbaht,0.0,30.0,60.0,40.0,31.0,True
swVhCoyuJxscuUKe,0.0,20.0,60.0,40.0,27.0,True
sxdZHLh4CWFBWGcQ,0.0,20.0,30.0,40.0,22.5,True
syVe0NKvUpKrA4YF,0.0,20.0,10.0,60.0,24.5,True
szL6TXahFyngWMfK,0.0,10.0,30.0,20.0,13.5,True
t0UrASljcgzvBAnO,20.0,30.0,70.0,60.0,41.5,True
t16GgfnVPxW35Wm3,0.0,20.0,60.0,40.0,27.0,True
t1aVuqx1GBBhHjsW,0.0,20.0,30.0,60.0,27.5,True
t3WPSkZ0a6Pul0Ti,10.0,20.0,60.0,40.0,29.0,True
t3e59A5xQQ4fz81U,0.0,20.0,10.0,60.0,24.5,True
t58smyJCfQUO025y,0.0,10.0,20.0,30.0,14.5,True
t69EeRfGfn65iQaD,0.0,20.0,60.0,40.0,27.0,True
t69q7vZgYrY7nBFW,0.0,20.0,30.0,60.0,27.5,True
t6eMEwn0Ed8Rd2Bp,20.0,30.0,60.0,40.0,35.0,True
t6ltJZD0pLAkyiwM,0.0,10.0,10.0,20.0,10.5,True
t78qy0NnYKNTvpfZ,0.0,20.0,30.0,40.0,22.5,True
t7ze61PEy9EMQlKT,0.0,10.0,10.0,30.0,13.0,True
t8xXJs3PpH5ruSIG,0.0,20.0,30.0,40.0,22.5,True
t99rGQ75qVQBFVon,0.0,20.0,30.0,40.0,22.5,True
t9DPbpsrZAOnolTs,0.0,10.0,60.0,30.0,20.5,True
t9N6h9fZSBvbi72a,0.0,20.0,30.0,40.0,22.5,True
t9RgSV9n66pFA7GC,0.0,20.0,30.0,40.0,22.5,True
tBL3M2yCnog2fATC,0.0,20.0,30.0,60.0,27.5,True
tCBJ8f93Glz084Gm,0.0,20.0,30.0,60.0,27.5,True
tDuwGdmcNOag7zH7,0.0,10.0,20.0,30.0,14.5,True
tFI91ZC9bcvdvYUc,0.0,20.0,10.0,60.0,24.5,True
tFJglPMf1r20i5Im,0.0,20.0,30.0,60.0,27.5,True
tFx6nWCB2mWCWJ6T,0.0,20.0,60.0,30.0,24.5,True
tGw27fQsPjdjxM0p,0.0,20.0,30.0,40.0,22.5,True
tHwnSdDqHD8JeZmq,0.0,20.0,60.0,40.0,27.0,True
tIxkydO4Wj0UpvsP,0.0,20.0,60.0,30.0,24.5,True
tJBAEfHAq8rj9BiX,0.0,20.0,30.0,40.0,22.5,True
tJTuSsoZPjZKHDAL,0.0,20.0,30.0,40.0,22.5,True
tJXT2CnNAgaRiL3R,0.0,10.0,20.0,30.0,14.5,True
tKR69yz8TmeLS1Op,0.0,20.0,30.0,40.0,22.5,True
tM5D6cpTucAFuDGN,0.0,10.0,20.0,30.0,14.5,True
tMAnF6JGefK15nH2,0.0,20.0,30.0,40.0,22.5,True
tNCBYalqLGBBmrlV,0.0,20.0,30.0,40.0,22.5,True
tNKegMSjTH0wACVO,0.0,10.0,10.0,20.0,10.5,True
tNUzHGfrrLNcGdn9,0.0,10.0,20.0,20.0,12.0,True
tOjgQGfuqqXFJGLn,20.0,30.0,70.0,60.0,41.5,True
tPl5jCAo2Oty09bg,0.0,20.0,30.0,40.0,22.5,True
tQAuzSsJimAQ8yRV,0.0,10.0,20.0,30.0,14.5,True
tQunpDjTjcfdL4hj,0.0,20.0,30.0,60.0,27.5,True
tRD66zb6Fu2fZkfd,10.0,20.0,70.0,40.0,30.5,True
tRXSGpSDjz9JTDWT,10.0,20.0,40.0,30.0,23.5,True
tSM9lPVyXSYQQfXD,20.0,30.0,40.0,60.0,37.0,True
tSNq1DnYN7zUxRYs,0.0,20.0,60.0,40.0,27.0,True
tT9TPrB5y2wDqnDt,0.0,10.0,10.0,30.0,13.0,True
tUQgU2X9ViRmQqG7,20.0,30.0,70.0,40.0,36.5,True
tUWBqSZrLmOzQ19M,0.0,20.0,30.0,40.0,22.5,True
tV9UoqZGTxEemnMX,0.0,20.0,30.0,40.0,22.5,True
tVCX0urUAMPfmCn6,0.0,10.0,20.0,30.0,14.5,True
tVvovXkeGOhHGm5X,0.0,20.0,30.0,60.0,27.5,True
tWpSZxUWaKr15ux9,0.0,20.0,60.0,40.0,27.0,True
tXHgjWYslgfsbYJR,0.0,20.0,10.0,60.0,24.5,True
tXRZz0pfWEXEeHzl,0.0,30.0,70.0,60.0,37.5,True
tXVhMBUinsQlhNjT,10.0,20.0,30.0,40.0,24.5,True
tXu9omYGZMbBip2Y,0.0,20.0,30.0,40.0,22.5,True
tY96oPJrWQu6cR9S,0.0,10.0,10.0,20.0,10.5,True
tYrLdwGetDCcdx1s,0.0,20.0,10.0,60.0,24.5,True
taGghVXrqZfxClIh,0.0,20.0,30.0,60.0,27.5,True
taRKyhVCdKLG8Cne,0.0,10.0,60.0,30.0,20.5,True
tanz0KqG2QfQhlPA,0.0,20.0,30.0,40.0,22.5,True
tbsyltEIBRUmYw1C,20.0,30.0,60.0,40.0,35.0,True
tbykGkGuYaCkwuol,10.0,20.0,60.0,40.0,29.0,True
tcCABqiaCP5yRnjE,0.0,10.0,20.0,30.0,14.5,True
tcWjg7hB7HjofnFN,0.0,20.0,30.0,40.0,22.5,True
tcozMdant8nXiWqs,0.0,10.0,20.0,30.0,14.5,True
td8YAjp8lg1xhS91,0.0,10.0,70.0,30.0,22.0,True
tdtUA4VWyJj8hjfv,0.0,20.0,10.0,60.0,24.5,True
teBDKuOQkPclDMX6,20.0,30.0,70.0,60.0,41.5,True
tes4OChZGK5E30zk,0.0,20.0,60.0,40.0,27.0,True
tfy2VxeJwOVqIpLB,0.0,20.0,10.0,30.0,17.0,True
tgFBS1wtAgZqggPX,10.0,20.0,70.0,40.0,30.5,True
tgsptsz5klZGbVFq,20.0,30.0,70.0,60.0,41.5,True
tiUBVkbrdGwjbzYp,20.0,30.0,80.0,60.0,43.0,True
titBJr7Epjx4Y6ud,10.0,20.0,60.0,40.0,29.0,True
tlFcfdoMobHEav6N,0.0,20.0,30.0,40.0,22.5,True
tlIG4kS1IsC4cvjc,0.0,10.0,20.0,30.0,14.5,True
tlvXyybaLIYU2a43,0.0,20.0,60.0,30.0,24.5,True
tmbcb8VpD1vX6pKW,0.0,20.0,30.0,40.0,22.5,True
tn2bZWzv4IXFss4S,0.0,20.0,10.0,60.0,24.5,True
tnojrMXUYhPmwFDK,0.0,20.0,30.0,60.0,27.5,True
to9WMYqr51WiJbSu,0.0,10.0,60.0,30.0,20.5,True
toObHFUJa1SnCHl7,20.0,30.0,60.0,40.0,35.0,True
tpGrZdOq4y40b8J8,0.0,10.0,10.0,20.0,10.5,True
tpY19KLKjwD4a4LL,0.0,20.0,60.0,40.0,27.0,True
tqRqYGyvDrmb5zj0,75.0,60.0,85.0,65.0,68.0,True
trQe5eMPRmws6XCS,0.0,20.0,70.0,30.0,26.0,True
tsVliOumuhe5DHRJ,0.0,20.0,60.0,30.0,24.5,True
tslVmAqFNkWeqLMa,0.0,10.0,20.0,30.0,14.5,True
ttjajkZqSJjqII1z,0.0,20.0,30.0,60.0,27.5,True
tuB3xFWCvI5bKCY8,0.0,20.0,30.0,40.0,22.5,True
tufJDaxmsKYtVNpD,0.0,10.0,10.0,30.0,13.0,True
tvgRo3Z7BozWwUMa,0.0,20.0,10.0,30.0,17.0,True
twBcwQMYx0zntp7W,0.0,20.0,30.0,40.0,22.5,True
tx4t9ACne6R7nCe7,20.0,30.0,70.0,40.0,36.5,True
txw5M81dnyvowV72,0.0,30.0,60.0,40.0,31.0,True
txyZ63mYz3ENGGRZ,20.0,30.0,60.0,40.0,35.0,True
tyandiRngieFHhCY,0.0,20.0,70.0,30.0,26.0,True
tym5EyycSRrSyvxZ,0.0,20.0,30.0,40.0,22.5,True
tzQPxC5HChpoevbL,0.0,10.0,10.0,30.0,13.0,True
u2GmKpt49cHoxrO0,0.0,20.0,60.0,40.0,27.0,True
u39hfeqkUqhksSZG,0.0,20.0,70.0,60.0,33.5,True
u3b4JNo5bqpfE7Js,20.0,40.0,70.0,60.0,45.5,True
u5IfijoySjTneAAv,0.0,10.0,20.0,30.0,14.5,True
u5k0ujRTojrpqSjg,0.0,20.0,80.0,60.0,35.0,True
u66mQQfmqVfCAllI,0.0,20.0,60.0,40.0,27.0,True
u6FvtEn5IGXaIslF,10.0,20.0,70.0,60.0,35.5,True
u9PpuDTEGJ2VUf6g,0.0,20.0,30.0,60.0,27.5,True
uA9wHIaS1qpsfzRV,0.0,20.0,10.0,60.0,24.5,True
uAH8MMShR5bJPPxI,0.0,30.0,60.0,40.0,31.0,True
uB2ArhRHDFxHWc4U,0.0,10.0,10.0,30.0,13.0,True
uBxQjLV72cV5ZyOd,0.0,20.0,30.0,40.0,22.5,True
uCE3ViqlRL0uZsmf,0.0,10.0,20.0,30.0,14.5,True
uDMih4ThyivbzSZL,0.0,10.0,10.0,20.0,10.5,True
uF4YSfZPWrtz8Q9M,0.0,20.0,10.0,40.0,19.5,True
uG4NCGRkTtiVx2Ax,70.0,30.0,80.0,60.0,53.0,True
uG4gyWjNufHFDM55,0.0,20.0,30.0,40.0,22.5,True
uGI8F9Er0c5XwdnX,70.0,30.0,80.0,60.0,53.0,True
uGSrSZjDBHA2fPZl,0.0,10.0,70.0,30.0,22.0,True
uHagaJ5PJ4R0AFMF,0.0,10.0,60.0,30.0,20.5,True
uIxytW7in2bq8e4V,0.0,20.0,60.0,40.0,27.0,True
uJExju1UyJbOBPuz,0.0,10.0,20.0,30.0,14.5,True
uJif6kylAqn8MxzE,0.0,10.0,10.0,20.0,10.5,True
uKAotL71WbWb7fLC,0.0,20.0,60.0,40.0,27.0,True
uKzDWM9cJLIXRrpB,0.0,20.0,30.0,40.0,22.5,True
uLvgq3LXWWcKSzCg,0.0,20.0,70.0,60.0,33.5,True
uMfcaTr1qmzq4nzr,10.0,20.0,70.0,60.0,35.5,True
uNFOlWymq2TFwvZC,0.0,10.0,20.0,30.0,14.5,True
uNpkKOERf8xbVM4Y,0.0,20.0,30.0,60.0,27.5,True
uOcRLyNteinukJHI,0.0,20.0,70.0,60.0,33.5,True
uPeCDRHwi41XJOLl,0.0,20.0,30.0,60.0,27.5,True
uRZg77qeRotmb5Cz,0.0,30.0,80.0,60.0,39.0,True
uRaa9Eq5S1Pf4GKY,0.0,20.0,30.0,40.0,22.5,True
uSAyapZAgZA1itIB,0.0,20.0,30.0,60.0,27.5,True
uSKMA3arSnWJYFIF,0.0,20.0,60.0,30.0,24.5,True
uSaaRnyLguxN3qlJ,0.0,20.0,30.0,40.0,22.5,True
uTHBjqhuciF31rVx,0.0,20.0,30.0,60.0,27.5,True
uUl0TMCWNKnTqM2A,0.0,20.0,80.0,60.0,35.0,True
uVFW8jJ27QOZCdmj,0.0,20.0,30.0,40.0,22.5,True
uW1HmbRaOUpoS4wt,0.0,20.0,30.0,60.0,27.5,True
uWJVE3zJGDTFCNlx,0.0,10.0,20.0,30.0,14.5,True
uWQSLzoBpDQUZjPA,0.0,20.0,10.0,60.0,24.5,True
uXYxL1xIkFDVdSAL,0.0,10.0,60.0,30.0,20.5,True
uXahRvvzUKN9b1lm,0.0,20.0,10.0,60.0,24.5,True
ua3sMSZQnj0AX3Bs,0.0,10.0,20.0,30.0,14.5,True
uaHqGukJsA7FCdoY,10.0,20.0,70.0,40.0,30.5,True
ubNuWFXRs0qoamtO,0.0,20.0,30.0,40.0,22.5,True
ucKa8jv38q6lwDm5,0.0,20.0,10.0,30.0,17.0,True
ucb9Nr82jS3PZgs8,0.0,10.0,10.0,20.0,10.5,True
udO0a0woU9rlqbIQ,0.0,20.0,10.0,30.0,17.0,True
udnQeatTPLCMfqaE,10.0,20.0,60.0,40.0,29.0,True
ueOxZVTdkui3Hx8t,0.0,10.0,20.0,10.0,9.5,True
ueT7zFzXUCazmAOo,0.0,20.0,30.0,40.0,22.5,True
uf4PQjnhe0vqgOeh,0.0,20.0,30.0,40.0,22.5,True
ufWSnNbalLSwceYV,20.0,30.0,60.0,40.0,35.0,True
uipEGmSNbqN96FwE,20.0,30.0,60.0,40.0,35.0,True
uj7Pzt6jW4VrnCtj,20.0,30.0,70.0,60.0,41.5,True
ujp0Labqe9xkt3j4,0.0,20.0,60.0,30.0,24.5,True
ujq1PJepvpFy4rkN,0.0,30.0,60.0,40.0,31.0,True
umDbhVoPETzSVb98,0.0,20.0,70.0,40.0,28.5,True
umLHe043IINRc1CV,0.0,20.0,30.0,40.0,22.5,True
umQeiAbxuS2Ftdi6,0.0,20.0,70.0,40.0,28.5,True
unP6NNH4FxWPKZhx,30.0,20.0,60.0,40.0,33.0,True
unX43skIMa8FTHeO,0.0,10.0,40.0,30.0,17.5,True
uoCwWlwCUtZtRZ80,20.0,30.0,70.0,60.0,41.5,True
upH1gx2fIkFj3RmW,0.0,10.0,20.0,30.0,14.5,True
uqN7JeJrr9aM3pI8,20.0,30.0,60.0,40.0,35.0,True
uqRuAzZCBzq6drFU,0.0,20.0,10.0,30.0,17.0,True
uquhXz3G0aQ3IDAd,0.0,20.0,10.0,60.0,24.5,True
uqz0CmMpezqUMaL8,20.0,30.0,60.0,40.0,35.0,True
urBljT2akekmVUFR,0.0,20.0,30.0,40.0,22.5,True
urcjtqDGna48C4va,0.0,10.0,70.0,30.0,22.0,True
urs7W2cCW86HTLRA,0.0,20.0,30.0,40.0,22.5,True
ut58uPdIwEV0amqa,0.0,30.0,70.0,60.0,37.5,True
utGWhpJzyXyTEwt1,0.0,20.0,30.0,40.0,22.5,True
uvHFuxiSswjKzgve,0.0,20.0,30.0,40.0,22.5,True
uvZBztPjmNra8jOy,0.0,20.0,30.0,40.0,22.5,True
uxKzFbF0hBWN1qqJ,20.0,30.0,70.0,60.0,41.5,True
uxnp0dINUWimSpmP,20.0,30.0,70.0,60.0,41.5,True
uyKyuKgZFgSRnvFG,0.0,20.0,30.0,40.0,22.5,True
uyr0Yzxh7KmLIlRX,0.0,20.0,10.0,60.0,24.5,True
uysChF10CJqcf97M,0.0,20.0,30.0,40.0,22.5,True
uzxpvkZrPpEXDWU8,0.0,10.0,30.0,20.0,13.5,True
v13ARsvintlGztXZ,0.0,20.0,30.0,40.0,22.5,True
v1v7RE6EZcPiEjOD,0.0,20.0,10.0,30.0,17.0,True
v2PiLBtv4u7leFxd,0.0,10.0,10.0,20.0,10.5,True
v4NN5l9IwwWWp6xR,0.0,20.0,30.0,40.0,22.5,True
v4PkGHbvb7ZFuc3F,0.0,20.0,30.0,40.0,22.5,True
v4V0jo5CDCiKBzRu,0.0,20.0,30.0,60.0,27.5,True
v5Blm9Pi2Z21CFPT,0.0,20.0,30.0,40.0,22.5,True
v5OKo8WdXJ5j99Yl,20.0,10.0,70.0,30.0,26.0,True
v6FZInAPMcS9nbm5,0.0,20.0,30.0,40.0,22.5,True
v716qZWLnWbvU1NB,0.0,20.0,30.0,60.0,27.5,True
v7ZtMSV5wTNw1DUG,0.0,10.0,20.0,30.0,14.5,True
v8KlPPDOrfeAIaB7,0.0,10.0,10.0,20.0,10.5,True
v8eBVF8dtvcTvUN0,0.0,20.0,10.0,60.0,24.5,True
v9BJ57z06xkt8cyj,0.0,20.0,10.0,30.0,17.0,True
vA5PxE8sNbkxcs7j,0.0,20.0,10.0,30.0,17.0,True
vAV1au3Dfi1gMHJX,0.0,20.0,30.0,40.0,22.5,True
vB6dpofLaoAVW4ZY,0.0,10.0,10.0,20.0,10.5,True
vB81Nt5jbfJrqYuC,0.0,30.0,70.0,60.0,37.5,True
vBmImBFABwXDdnfV,70.0,20.0,80.0,60.0,49.0,True
vCJ6TAC76h8jyuZE,0.0,20.0,70.0,40.0,28.5,True
vCaqnpSewqYgUady,0.0,20.0,30.0,60.0,27.5,True
vCvB003PMituM8Sm,0.0,20.0,30.0,40.0,22.5,True
vDIxSlm9ujMGdbYN,10.0,20.0,60.0,40.0,29.0,True
vHHSSNgBQUpEwQRP,0.0,20.0,10.0,30.0,17.0,True
vIO1Vk2ZKi0Yn0Sz,0.0,20.0,30.0,40.0,22.5,True
vIrJvJdvkZzplQhh,0.0,20.0,10.0,30.0,17.0,True
vKzcNrxrQqYPZXMa,0.0,20.0,30.0,40.0,22.5,True
vLcpd7GhKBUU21Nv,0.0,10.0,20.0,30.0,14.5,True
vMWvwmMr7xZdBQKH,0.0,20.0,80.0,30.0,27.5,True
vPPYuFLQSH1JCDtK,0.0,10.0,10.0,30.0,13.0,True
vPp8Ebgi7VUqkQsQ,0.0,10.0,10.0,30.0,13.0,True
vQKErCCBwyXuL5cE,0.0,20.0,30.0,40.0,22.5,True
vQRJKG75DR70mdFX,0.0,30.0,60.0,40.0,31.0,True
vQV7HWC7pm7NVUnc,0.0,20.0,30.0,40.0,22.5,True
vQVynWmEcBM6vPg2,20.0,30.0,60.0,40.0,35.0,True
vRLYsG33GZlUeHHr,0.0,20.0,30.0,40.0,22.5,True
vRMEm8wGy9E31061,0.0,20.0,30.0,60.0,27.5,True
vSAFYSzDCA5eL3vi,0.0,60.0,70.0,40.0,44.5,True
vTZOfFoop6wHhoAG,20.0,30.0,60.0,40.0,35.0,True
vTuWmSJZaxmVzvNO,30.0,20.0,70.0,40.0,34.5,True
vU7El68vyk9Kkz8L,0.0,20.0,30.0,40.0,22.5,True
vUAimd7mMDtq2bG6,0.0,20.0,30.0,60.0,27.5,True
vV1FYURMCoWB30o3,0.0,10.0,20.0,30.0,14.5,True
vVClo8Ov9OdfNrDn,0.0,30.0,70.0,60.0,37.5,True
vVL7mV8hKxi2u9yK,0.0,20.0,60.0,40.0,27.0,True
vVaj1wCJFcRV0ZMc,30.0,20.0,70.0,40.0,34.5,True
vW4yrW81Aq1fEbVI,0.0,20.0,30.0,40.0,22.5,True
vXFhjxy5Elej2pab,0.0,20.0,10.0,30.0,17.0,True
vXrj3Zoragyoy8gY,0.0,20.0,30.0,40.0,22.5,True
vY34uDFbeEhwED2k,0.0,20.0,30.0,40.0,22.5,True
vYAQ2FhjvxLov5b7,0.0,10.0,10.0,20.0,10.5,True
vYL4qR1bbp07IgGZ,0.0,20.0,30.0,40.0,22.5,True
vYble4e3h47GEaRc,0.0,10.0,60.0,30.0,20.5,True
vYfu2mBX8SAnCC2J,0.0,20.0,60.0,40.0,27.0,True
vYmG0yKqCKWakw3s,0.0,20.0,30.0,40.0,22.5,True
vaY4WdRPsrxQcCTi,0.0,20.0,80.0,60.0,35.0,True
vb5ScBB5QyBrfea5,0.0,20.0,30.0,60.0,27.5,True
vbmmszaTEtLA2O9G,0.0,20.0,60.0,40.0,27.0,True
vcHTnF8sxTXzchDb,0.0,10.0,20.0,30.0,14.5,True
vcsN16Cl5pzANsRz,0.0,20.0,30.0,40.0,22.5,True
veRn1vmHOPgrGPnE,0.0,10.0,20.0,30.0,14.5,True
vekk8v80VJ1sADYL,20.0,30.0,70.0,60.0,41.5,True
vevgJRysqU2Q96M3,0.0,20.0,30.0,60.0,27.5,True
vf4xeliNtRz6jh7Y,0.0,20.0,30.0,60.0,27.5,True
vhlwMTkRDlY9LezM,0.0,20.0,70.0,30.0,26.0,True
vjCXuOzdakipcio5,0.0,10.0,20.0,30.0,14.5,True
vjDpg8ThWDl0lzt6,0.0,10.0,20.0,30.0,14.5,True
vjSQ7VMxTFJC9Y97,0.0,20.0,70.0,30.0,26.0,True
vjdAtRf7N6UZgbAg,0.0,20.0,30.0,40.0,22.5,True
vlohjckhLew1bXwF,0.0,20.0,30.0,40.0,22.5,True
vn0SLBYBKYvISplQ,0.0,20.0,10.0,60.0,24.5,True
vnv40Oq0lvOT90Bi,0.0,10.0,30.0,20.0,13.5,True
vnzULIZIgysXLIbq,0.0,20.0,10.0,60.0,24.5,True
voWkMuyhO8FAlLr5,75.0,30.0,85.0,60.0,54.75,True
voqbaSelRCBVS64k,0.0,20.0,10.0,30.0,17.0,True
vorNAwYueXwXPBt4,0.0,20.0,30.0,60.0,27.5,True
vpZXxoDuVhSpCU94,0.0,20.0,30.0,60.0,27.5,True
vq3qKZ8XFNTUhl5C,0.0,20.0,30.0,60.0,27.5,True
vr8RbWnLaMGq9RyH,0.0,20.0,60.0,40.0,27.0,True
vrRJGtOChW8lFau5,0.0,10.0,20.0,30.0,14.5,True
vsRXWvWYDsKGHTOo,75.0,30.0,80.0,60.0,54.0,True
vsVAVmvhDuFnuWe0,20.0,10.0,60.0,30.0,24.5,True
vsVI78ZmmaK9xG8F,0.0,10.0,30.0,40.0,18.5,True
vu0p8xQzyNdw3vZg,0.0,20.0,30.0,40.0,22.5,True
vuSwMRQYSdXO6yS4,0.0,20.0,30.0,40.0,22.5,True
vuzXkBdzWcQ7Pj5K,0.0,20.0,30.0,40.0,22.5,True
vvvTOryw6qlVzGpy,0.0,20.0,30.0,40.0,22.5,True
vwSDrtqohUmuhVI8,0.0,10.0,10.0,30.0,13.0,True
vwal3jKQzejVObfV,0.0,20.0,30.0,40.0,22.5,True
vxS3klyteViqy95x,80.0,30.0,70.0,60.0,53.5,True
vxbSQYcrm0FvP3mV,0.0,20.0,60.0,30.0,24.5,True
vxkSpSkiQYJ7duG1,0.0,10.0,10.0,30.0,13.0,True
vxtHLLTXcEflSL6M,0.0,10.0,30.0,20.0,13.5,True
vzKgnn4aobomqADC,0.0,20.0,30.0,60.0,27.5,True
vzyY22WJFi8pdyPn,0.0,20.0,60.0,40.0,27.0,True
vzzk3kMYRxjhFNFd,0.0,20.0,30.0,60.0,27.5,True
w0j0C7Ieb77xuPHQ,0.0,20.0,30.0,60.0,27.5,True
w0jVvKm71xDbQF28,0.0,10.0,30.0,20.0,13.5,True
w2SeLJdCa1XR5iDU,10.0,20.0,60.0,30.0,26.5,True
w41jGxUP98J3NGzG,0.0,20.0,30.0,40.0,22.5,True
w43RV4s4kHGtypEU,20.0,30.0,70.0,60.0,41.5,True
w4Aq5A2DiR4yWozJ,0.0,20.0,30.0,60.0,27.5,True
w4EomEB5HraUNfmr,0.0,10.0,60.0,30.0,20.5,True
w7QWdNwzmARUdnGv,0.0,30.0,70.0,60.0,37.5,True
w7evzbKwhrUi7DEd,85.0,20.0,75.0,60.0,51.25,True
w8ny1LcQUjyWPf9e,0.0,20.0,30.0,60.0,27.5,True
w9A4Qhj5SKNBvbJZ,0.0,20.0,30.0,60.0,27.5,True
wBcF5JPplFsR5ZSJ,0.0,20.0,60.0,30.0,24.5,True
wCFGH1hETIR0I5sC,0.0,20.0,30.0,40.0,22.5,True
wCJDmEY8Ifv4Ah14,0.0,60.0,80.0,50.0,48.5,True
wDSNp60517U0HKDc,0.0,20.0,30.0,60.0,27.5,True
wDZbfK5Fs3n9WQQu,0.0,30.0,70.0,60.0,37.5,True
wEIYFw6KGuyrlbuM,0.0,10.0,10.0,30.0,13.0,True
wFDxzNUskXMHtZea,10.0,20.0,70.0,40.0,30.5,True
wH9GBIhd2kvngi9L,10.0,20.0,60.0,40.0,29.0,True
wJfMMYu3yasAyXfU,0.0,20.0,30.0,40.0,22.5,True
wJxLo0wGdSn8QV7O,0.0,20.0,30.0,40.0,22.5,True
wNVbgE3CNeujOtr0,0.0,20.0,60.0,40.0,27.0,True
wPZiDXrb0TmnQTqs,0.0,20.0,30.0,40.0,22.5,True
wQNLK8FDXoUD6YKm,0.0,20.0,30.0,40.0,22.5,True
wRUgP3zZZakuiKGy,0.0,20.0,30.0,40.0,22.5,True
wS2VRJFFMZ9TMozs,20.0,30.0,60.0,40.0,35.0,True
wT4VIBQqeDPI7ju8,0.0,20.0,60.0,30.0,24.5,True
wTJFDFh2U3jhwfn3,0.0,20.0,30.0,60.0,27.5,True
wTYMo71CDDwz5LgN,0.0,20.0,30.0,60.0,27.5,True
wUNf4UaoHvltj2Ey,0.0,20.0,10.0,30.0,17.0,True
wVI1b4FQlb1dJOQb,0.0,70.0,60.0,60.0,52.0,True
wVsxHXvGovSA5903,0.0,20.0,30.0,40.0,22.5,True
wWHi8HVh1LdljeCV,0.0,10.0,10.0,20.0,10.5,True
wWcnh1oLkGctIX80,0.0,20.0,10.0,60.0,24.5,True
wWv8kWjsUWkScxMY,0.0,20.0,70.0,40.0,28.5,True
wXKNACbyMleNv0IC,0.0,20.0,30.0,40.0,22.5,True
wYYpLublqdiVAHhV,0.0,20.0,10.0,60.0,24.5,True
wYuHMWNO9VcPzuI7,0.0,20.0,60.0,40.0,27.0,True
wZIAWLoJd1y0HA9I,0.0,10.0,30.0,20.0,13.5,True
wZNLBsjAdOy0dTbN,20.0,30.0,70.0,60.0,41.5,True
wZexGxbex9mRaeCo,0.0,10.0,10.0,30.0,13.0,True
wZqvr4MS4rJaH8mf,0.0,10.0,20.0,30.0,14.5,True
wagBFmfHG5jAh6Fa,0.0,10.0,10.0,30.0,13.0,True
wb0zaLRZ2Vv166Gc,0.0,10.0,20.0,30.0,14.5,True
wd0BGJlBKgFO2FBW,0.0,20.0,10.0,60.0,24.5,True
weYTuHo9lHeYGkAI,0.0,10.0,10.0,30.0,13.0,True
wfibP5q8ITxaFVBB,0.0,20.0,30.0,40.0,22.5,True
wfnyGrcus1gTyQvk,60.0,40.0,70.0,50.0,51.0,True
wh4zzfKbF4zqtr5M,20.0,60.0,80.0,50.0,52.5,True
whKg2IDhBi2IKCtC,0.0,20.0,60.0,40.0,27.0,True
whOi8uoG5Pd3PYAm,0.0,10.0,60.0,30.0,20.5,True
whkHkDARnBtpf2uN,0.0,20.0,30.0,40.0,22.5,True
wm4M9eIcloIsJCAf,0.0,20.0,80.0,60.0,35.0,True
wmYBFpx4RYwTHMAc,0.0,10.0,20.0,30.0,14.5,True
wmuwMPbXtkwN0ZCN,0.0,20.0,30.0,60.0,27.5,True
woAgiCzLGCzlX3kY,60.0,30.0,80.0,50.0,48.5,True
woV3tAY4vxqLsD2h,0.0,20.0,30.0,40.0,22.5,True
wof8rRYnr5llcF0c,0.0,20.0,70.0,60.0,33.5,True
wpLj5zcN4BF2r7V0,0.0,20.0,30.0,40.0,22.5,True
wqzPqv2ppsCNGwiL,10.0,20.0,60.0,40.0,29.0,True
wrWfGnmXFJHgtPFW,10.0,30.0,70.0,60.0,39.5,True
wsD1jQ5WdsFqY1ti,60.0,30.0,70.0,50.0,47.0,True
wsi7QIOqPYTlwOeg,10.0,20.0,60.0,40.0,29.0,True
wtkDIlWbCZNDLKSB,0.0,20.0,30.0,40.0,22.5,True
wttU1SjgxFQSIYoD,0.0,10.0,20.0,30.0,14.5,True
wtvN4dnq59GhNvZ3,20.0,30.0,60.0,40.0,35.0,True
wuI2FdZL99rOSdrj,0.0,20.0,30.0,60.0,27.5,True
wuKrklKH8gQmp47P,20.0,30.0,70.0,60.0,41.5,True
wuRkfzR3QxaXvIC7,0.0,10.0,20.0,30.0,14.5,True
wv2LBCroooQQHtQK,0.0,20.0,30.0,40.0,22.5,True
wve2Vi6zOVEPBqOq,0.0,10.0,20.0,30.0,14.5,True
wvyfJmj08BUj1fnI,0.0,30.0,70.0,60.0,37.5,True
wwU90P0jpgjqmlMj,0.0,20.0,10.0,30.0,17.0,True
wwtC3JfnU4CVAZCs,0.0,20.0,30.0,40.0,22.5,True
wx8t1eB82PtoSfPP,0.0,20.0,30.0,40.0,22.5,True
wysgJqXKm0CIQ25s,0.0,20.0,10.0,30.0,17.0,True
wzfJXuFNdztSDF2P,0.0,20.0,30.0,40.0,22.5,True
x017XxFquIzhGVaS,20.0,30.0,70.0,50.0,39.0,True
x0x2fiuoGZ0c8FXH,0.0,20.0,30.0,60.0,27.5,True
x10RAePB4sjbuMYx,0.0,20.0,10.0,30.0,17.0,True
x1ARAf3AAJL5tcKp,85.0,20.0,70.0,60.0,50.5,True
x2ebSR0ZWMT3F96j,0.0,20.0,30.0,60.0,27.5,True
x2zrClKiKRo0gUrZ,0.0,20.0,10.0,30.0,17.0,True
x35d6f2uroRISVZv,0.0,20.0,60.0,40.0,27.0,True
x4YLIDiOr6UcJVNM,0.0,20.0,30.0,60.0,27.5,True
x57Y3c5wnRpQgwXJ,0.0,20.0,30.0,40.0,22.5,True
x5ARX6FqdUyI5FYn,0.0,20.0,60.0,40.0,27.0,True
x61qNubYbvb4EcV3,0.0,20.0,10.0,60.0,24.5,True
x6JKQw64SWnIhuE1,0.0,20.0,30.0,40.0,22.5,True
x6eyEUxWZTJySszT,0.0,20.0,30.0,40.0,22.5,True
x74YInHwfZBouFHe,0.0,20.0,60.0,30.0,24.5,True
x7SQuAEZraKYldhU,0.0,20.0,60.0,40.0,27.0,True
x7mCaoVbWrR6Twmf,0.0,20.0,30.0,60.0,27.5,True
x81dzDMUXLA7r3ve,0.0,30.0,60.0,40.0,31.0,True
x90svubQdvsLcGVU,0.0,20.0,10.0,30.0,17.0,True
x9BUUW3VkWBq4glW,0.0,20.0,30.0,60.0,27.5,True
x9Sv9SXsQUxM4lcu,0.0,10.0,10.0,20.0,10.5,True
x9hcmQJIaiFnaqjF,0.0,10.0,20.0,30.0,14.5,True
x9pBxKE2rzy7UMXG,0.0,10.0,30.0,20.0,13.5,True
x9zDKpSotR02fP2P,0.0,20.0,30.0,60.0,27.5,True
xAB86eNAZzUDRyYa,10.0,20.0,60.0,30.0,26.5,True
xAaKVrYdZ5yDgsQ0,0.0,10.0,20.0,30.0,14.5,True
xAcjpX3hdUBtXcCX,70.0,30.0,80.0,60.0,53.0,True
xBe8Q6vNuQ2hU5tG,0.0,20.0,30.0,60.0,27.5,True
xC7aIldZbqIcAEuE,0.0,20.0,10.0,40.0,19.5,True
xC9unHtYG4OegfuT,0.0,20.0,30.0,40.0,22.5,True
xCSSbM0dGxKLTeZs,0.0,20.0,30.0,60.0,27.5,True
xCVjCMXcQ7GXmXnU,0.0,20.0,10.0,60.0,24.5,True
xD0EIkxQ5xUJIjuV,0.0,10.0,20.0,30.0,14.5,True
xDeAtzW0QHigXTa1,0.0,20.0,30.0,40.0,22.5,True
xEqGh8DbayZAz92g,0.0,20.0,30.0,60.0,27.5,True
xF1aTKb8UdeOzo7T,0.0,20.0,30.0,40.0,22.5,True
xFHDluTxHSET9FEr,0.0,20.0,30.0,60.0,27.5,True
xG4FDgZUEW1u6nxu,0.0,10.0,20.0,30.0,14.5,True
xHKVc0qg7H2OkX3G,0.0,10.0,20.0,20.0,12.0,True
xHncAJqR6Gn3BX7W,70.0,30.0,60.0,40.0,45.0,True
xHo3ICOLBnm5s7zD,0.0,20.0,30.0,40.0,22.5,True
xI29vf1DWXsPmlJc,0.0,20.0,30.0,40.0,22.5,True
xIhJiUhFUFqGC8sF,0.0,20.0,30.0,40.0,22.5,True
xJ4ep9Hc9vColhoy,20.0,30.0,60.0,40.0,35.0,True
xK7qkeNpFKWm6gnW,0.0,10.0,20.0,30.0,14.5,True
xKgBgXhGBnIxvJJf,0.0,20.0,30.0,40.0,22.5,True
xKrZEZzhXkgJKp7Q,0.0,20.0,30.0,60.0,27.5,True
xKtIOnYzb5Kb44eA,0.0,20.0,60.0,40.0,27.0,True
xLFXXmU5IWYpja7A,0.0,20.0,30.0,40.0,22.5,True
xLZXpQJXY7LBCzRp,0.0,10.0,10.0,20.0,10.5,True
xMO15SbHjAITbaMd,0.0,20.0,30.0,40.0,22.5,True
xMdyFadbMPPKtZit,0.0,10.0,20.0,30.0,14.5,True
xMoMBukg200oIoua,0.0,10.0,20.0,30.0,14.5,True
xOW4Wt1RBjSe15kE,0.0,20.0,30.0,60.0,27.5,True
xOgQ4R9OWOuGIIzo,0.0,20.0,30.0,40.0,22.5,True
xOyPD5ploJUPZmyG,0.0,30.0,70.0,60.0,37.5,True
xPtq8xoqvUeryPB5,0.0,10.0,10.0,30.0,13.0,True
xQ8VS8IALVUj4APg,0.0,20.0,30.0,40.0,22.5,True
xR8KCDXsXyGHA9k0,0.0,20.0,30.0,40.0,22.5,True
xS55xsBVei0QZdoW,0.0,20.0,60.0,30.0,24.5,True
xSiD5pSpPOOgOH1Z,0.0,30.0,70.0,60.0,37.5,True
xSpdQhDtkzRG754T,0.0,20.0,30.0,40.0,22.5,True
xUJyTNWrkDA1Es7H,0.0,20.0,30.0,40.0,22.5,True
xVD4mUiLPEEtfWdv,20.0,30.0,70.0,60.0,41.5,True
xWrgiflBCJJGAgbf,0.0,20.0,10.0,30.0,17.0,True
xXWTizigQPcE1sT5,0.0,20.0,30.0,40.0,22.5,True
xXcaTMlqrMTOlH8C,0.0,20.0,30.0,40.0,22.5,True
xXrBXDDjcweCgbDn,0.0,10.0,20.0,10.0,9.5,True
xYBEndn3b8WRBrqO,0.0,20.0,30.0,40.0,22.5,True
xYEOjcHbjs8hbYsf,0.0,20.0,70.0,30.0,26.0,True
xYmeMHrXedQvbCuY,0.0,10.0,60.0,30.0,20.5,True
xZFuryblCoqPew5f,0.0,10.0,10.0,20.0,10.5,True
xZThV64P8tnr3s7j,0.0,10.0,60.0,30.0,20.5,True
xZZqBxx577puIwe9,0.0,20.0,30.0,40.0,22.5,True
xb5vu5PpSOyiKTOf,0.0,20.0,60.0,30.0,24.5,True
xbJeM5Taa11W0vAX,0.0,20.0,60.0,40.0,27.0,True
xbltczueeREOT1r2,0.0,20.0,60.0,40.0,27.0,True
xbqy3aEbQcfs2P6r,0.0,10.0,20.0,30.0,14.5,True
xbxZLBlxD2eKD5yb,0.0,20.0,10.0,60.0,24.5,True
xcbmmslo4qUlv2Jp,0.0,20.0,10.0,60.0,24.5,True
xdQAW32IaMImGVne,0.0,20.0,70.0,30.0,26.0,True
xdYDV87WtLphzyaH,10.0,20.0,60.0,30.0,26.5,True
xe9HIGYGJby3EcOy,0.0,10.0,10.0,30.0,13.0,True
xejKRSrtgYtMXkvn,0.0,20.0,10.0,60.0,24.5,True
xfH9BNTuAZfoQtrd,0.0,20.0,60.0,30.0,24.5,True
xgILw0jaiHsxXFAv,0.0,20.0,10.0,60.0,24.5,True
xgRxI5Pwdzrm9h82,0.0,20.0,30.0,40.0,22.5,True
xgfTQzv0SXYeBaIz,10.0,20.0,60.0,40.0,29.0,True
xhn3NVSh4HOrfGbw,0.0,60.0,70.0,50.0,47.0,True
xiVS42zcHPIwmlMZ,20.0,30.0,60.0,40.0,35.0,True
xjTeM1SRykYznnuw,0.0,20.0,10.0,60.0,24.5,True
xkxwnQrS7RPeMOkI,0.0,20.0,30.0,40.0,22.5,True
xlsGohMzIVAn47Aq,0.0,20.0,30.0,40.0,22.5,True
xmDTodTYrnD5AnhH,0.0,20.0,40.0,30.0,21.5,True
xndf85l6oVLJXq0F,0.0,20.0,30.0,40.0,22.5,True
xoUzi8B28rEujQ2G,0.0,20.0,30.0,40.0,22.5,True
xobu7g1TPvYjics6,0.0,20.0,30.0,40.0,22.5,True
xpMQh6zdPF0Eadsa,0.0,20.0,30.0,40.0,22.5,True
xpPakfrXzwQzzLmH,0.0,20.0,10.0,30.0,17.0,True
xpxRRrf1zYbfKMfN,0.0,20.0,30.0,40.0,22.5,True
xqVbwYewpUQOgXLV,0.0,10.0,20.0,30.0,14.5,True
xqZz4yYi2OlXAvSs,0.0,20.0,30.0,60.0,27.5,True
xqfxQ5PkdzOtUSWo,0.0,20.0,30.0,40.0,22.5,True
xqsfLVcWYqmFD3ck,0.0,20.0,60.0,40.0,27.0,True
xrHsULSu9f33AvE0,0.0,10.0,20.0,10.0,9.5,True
xre1INkuI5H476pf,0.0,10.0,60.0,30.0,20.5,True
xrke6aylMX3rPfKn,0.0,20.0,10.0,60.0,24.5,True
xrsbWjDCydhQ3iog,0.0,20.0,60.0,30.0,24.5,True
xuMBOp6cWNLm2IsY,0.0,20.0,30.0,60.0,27.5,True
xvDyStDxA2P2X17z,60.0,30.0,80.0,50.0,48.5,True
xvG0aNMWz6ePoiFm,0.0,10.0,30.0,20.0,13.5,True
xvJpYswwN9v41x7B,0.0,20.0,30.0,40.0,22.5,True
xw32VniyWqFr3gPT,0.0,20.0,70.0,30.0,26.0,True
xwYwMSZX7nx3vGGe,0.0,20.0,10.0,60.0,24.5,True
xwp4hCvuZaqz1gBh,0.0,10.0,60.0,30.0,20.5,True
xyssAJSwpQa7qxxu,0.0,20.0,60.0,30.0,24.5,True
y0Koco40Qky2tPvY,0.0,20.0,30.0,40.0,22.5,True
y0fN5ASPOufNzzkE,0.0,20.0,60.0,40.0,27.0,True
y0qX93InnWnB2CRK,0.0,10.0,20.0,30.0,14.5,True
y3vKE8CoNygX7cQm,10.0,20.0,30.0,40.0,24.5,True
y3xaKqzl3aEI4PuB,0.0,20.0,30.0,40.0,22.5,True
y4cX8NR9p3eQRAcH,0.0,20.0,30.0,40.0,22.5,True
y4uO6CZklta5lQKO,0.0,20.0,10.0,30.0,17.0,True
y5SvHcsBWrS8NIKY,0.0,20.0,30.0,60.0,27.5,True
y6DBNH5E1ec1hsNt,0.0,20.0,70.0,40.0,28.5,True
y87I77YXxaEedYw8,0.0,20.0,30.0,40.0,22.5,True
y8N8iJvvbCrnv01b,0.0,20.0,60.0,40.0,27.0,True
y9CQ9E4eD6TDulMA,0.0,20.0,60.0,40.0,27.0,True
y9ZeBn5riflvsxbI,0.0,20.0,30.0,40.0,22.5,True
y9ettYz4ylFBnUna,0.0,20.0,30.0,60.0,27.5,True
yAQZHe95hQIl1iKY,0.0,10.0,20.0,30.0,14.5,True
yAaXBC9ZwPhrhqHo,0.0,20.0,70.0,30.0,26.0,True
yBmKwx5O0eCk4c9G,0.0,10.0,10.0,30.0,13.0,True
yDOQHhRfQZ0bIZ87,0.0,20.0,60.0,40.0,27.0,True
yDtDsyJMEeviTEmj,0.0,20.0,30.0,60.0,27.5,True
yEHt0ntRcF19SndC,0.0,20.0,30.0,40.0,22.5,True
yEPSBtKigueT63YI,0.0,10.0,20.0,30.0,14.5,True
yEvswCA0LOdLsfqi,10.0,20.0,70.0,60.0,35.5,True
yFRbgVWfzCGhhZB7,0.0,20.0,70.0,60.0,33.5,True
yFxcfTtBHpPhrzxa,0.0,20.0,60.0,30.0,24.5,True
yHtAd32jimvAK56D,0.0,20.0,30.0,40.0,22.5,True
yIpUq7NBbrCGtjeC,0.0,20.0,30.0,40.0,22.5,True
yKZgZHtxrrg3RZLI,0.0,20.0,70.0,40.0,28.5,True
yKywAOe71naJEZBg,0.0,20.0,60.0,40.0,27.0,True
yL4qQVSGAWhXUWFv,10.0,20.0,60.0,40.0,29.0,True
yLAsxW8PGM5WlqRt,10.0,20.0,70.0,60.0,35.5,True
yLS2xCPwAl4NqmmK,0.0,10.0,20.0,30.0,14.5,True
yMH37QycMgL1YP9g,0.0,10.0,20.0,30.0,14.5,True
yMWM7gusTJl08Ead,0.0,10.0,30.0,20.0,13.5,True
yMewBNEHdENGjndE,20.0,10.0,60.0,30.0,24.5,True
yNwwTjHXzl6UbMPl,0.0,20.0,30.0,40.0,22.5,True
yNyf3Tp0zc7DFj5F,0.0,20.0,70.0,30.0,26.0,True
yOFIIsuE37o20j6e,10.0,20.0,60.0,40.0,29.0,True
yPkbfC06jLZ9uUhR,0.0,30.0,70.0,60.0,37.5,True
yQ2HmHUjNjeyjLHU,0.0,10.0,60.0,30.0,20.5,True
yQyoRVkwVyQYDnUT,0.0,20.0,30.0,60.0,27.5,True
ySU4ONT9JONcITCz,20.0,30.0,70.0,60.0,41.5,True
ySXS1iixqMj7coAY,0.0,10.0,10.0,30.0,13.0,True
yTWmHPezrpjRejSz,0.0,20.0,60.0,30.0,24.5,True
yUQOVojodPtF6Fjv,0.0,20.0,60.0,40.0,27.0,True
yUYGN8kyJycXk6vK,0.0,20.0,30.0,40.0,22.5,True
yWSFtGaKuFOO9oKq,0.0,10.0,20.0,30.0,14.5,True
yWbHef45aDgsMVl6,0.0,10.0,60.0,30.0,20.5,True
yXPPcN2dGvCvoXVD,30.0,20.0,60.0,40.0,33.0,True
yXqQdrf7jObOL3gh,0.0,20.0,10.0,30.0,17.0,True
yYC8hQJevpxjp90F,0.0,20.0,10.0,30.0,17.0,True
yYRvosFyWsfqsYjU,0.0,20.0,60.0,30.0,24.5,True
yZ3MOApVC6tMg4Zj,10.0,20.0,60.0,30.0,26.5,True
yZEitA39BmLcpkZ3,0.0,20.0,30.0,40.0,22.5,True
yaAYjlmaAmwAEnPV,0.0,20.0,60.0,30.0,24.5,True
yaIYUvtI18f8236J,0.0,20.0,30.0,40.0,22.5,True
yaTnnrWTZYeKgZ3I,0.0,20.0,10.0,60.0,24.5,True
yakxcIlR15AgfWkn,0.0,20.0,30.0,40.0,22.5,True
yatSlFGxSFYZgWdp,20.0,30.0,70.0,50.0,39.0,True
yb8YGk8SIMzFUVOf,0.0,20.0,30.0,40.0,22.5,True
ybHdxwIi0RiAjWm7,60.0,30.0,70.0,40.0,44.5,True
ycsirrualw12yFOd,25.0,10.0,60.0,30.0,25.5,True
ydadQfY9Y0hQXVdf,0.0,20.0,30.0,40.0,22.5,True
yeUdyvADpoCWrxC5,0.0,20.0,30.0,40.0,22.5,True
yeYA9q4TIhTXMPIT,0.0,20.0,30.0,40.0,22.5,True
yfKqf1eO0IYWmMRb,0.0,20.0,30.0,40.0,22.5,True
yfR9Q3IiP3whlIzH,0.0,10.0,10.0,30.0,13.0,True
ygBzqLDabRIssYVv,0.0,20.0,30.0,60.0,27.5,True
ygD9G2AXJU3H5aa6,0.0,20.0,30.0,40.0,22.5,True
yhc6bG1OMQ3J6ZRE,0.0,20.0,30.0,60.0,27.5,True
yhmnCe5QIstqLdU9,0.0,20.0,40.0,30.0,21.5,True
yhoWBp0GQuiDFIKw,0.0,20.0,10.0,60.0,24.5,True
yiB41hfs9jqnYAQi,0.0,20.0,60.0,40.0,27.0,True
yjk5KweW1gOaGtHB,10.0,20.0,60.0,40.0,29.0,True
yjuEwa1rkltz3qWd,0.0,10.0,30.0,20.0,13.5,True
ykECBGNVBWj09YEb,0.0,20.0,30.0,40.0,22.5,True
ymqcM0eJYwGawwIV,0.0,20.0,30.0,40.0,22.5,True
yovfBGvjPjrDzVEx,0.0,20.0,30.0,40.0,22.5,True
yqdCGD3V99ZT2Pd3,0.0,20.0,70.0,40.0,28.5,True
yrKBNl9DCfh4OKPw,0.0,20.0,30.0,40.0,22.5,True
ysDMVtR1CoJAs2Bm,0.0,20.0,30.0,60.0,27.5,True
ysa9Bsfjm7S8YVPe,0.0,20.0,70.0,40.0,28.5,True
ysbJ1m6Jx9VIbub7,0.0,20.0,30.0,40.0,22.5,True
ysyrUA18EyqDJ0wy,0.0,30.0,60.0,40.0,31.0,True
yuAlAcaJaxLIbQ3h,0.0,10.0,60.0,30.0,20.5,True
yuGDloAptWehcqI2,30.0,20.0,60.0,40.0,33.0,True
yuNrlVKLlcO9lpEy,0.0,20.0,30.0,40.0,22.5,True
yuOHmE0mTFMTlEsU,0.0,20.0,30.0,60.0,27.5,True
yuhilhxWZdc2ergJ,0.0,20.0,30.0,60.0,27.5,True
yvdq90qlCeF7mNzl,0.0,20.0,30.0,40.0,22.5,True
yw712llpLuZVSw6L,0.0,20.0,10.0,60.0,24.5,True
ywlRQxdJRhxKvMbt,10.0,20.0,60.0,40.0,29.0,True
yxCgB1YGLTBPifmj,10.0,20.0,60.0,40.0,29.0,True
yy3Iun1lrh9WsGsj,0.0,20.0,60.0,40.0,27.0,True
yy6d68ZN7v17qERd,0.0,20.0,30.0,60.0,27.5,True
yyNLgR7PiUIu92Vz,0.0,20.0,60.0,40.0,27.0,True
yyctFtC3pnJL1fqD,0.0,10.0,20.0,30.0,14.5,True
z007TdpNyPWCai6W,0.0,10.0,20.0,30.0,14.5,True
z0QbEkIoiVzYZ2Is,0.0,20.0,30.0,60.0,27.5,True
z0XzFCRbN3RxjeG6,20.0,30.0,60.0,40.0,35.0,True
z0pfDCZKCf2FCuhF,0.0,20.0,10.0,60.0,24.5,True
z1uffJgR4uGnV9CY,0.0,10.0,20.0,30.0,14.5,True
z2EBoCk8bmPCosXq,10.0,30.0,70.0,60.0,39.5,True
z2i2sdx5J9daTJ0w,0.0,20.0,60.0,40.0,27.0,True
z3LF3YVTTikmkslc,0.0,30.0,70.0,60.0,37.5,True
z5ls99egkrhSjFj3,0.0,20.0,30.0,40.0,22.5,True
z6PLTV0idHlI4oZi,0.0,20.0,30.0,40.0,22.5,True
z6iIdvvdC0C7rTdz,0.0,20.0,30.0,40.0,22.5,True
z73Vmy2diXxp3yGF,0.0,20.0,60.0,40.0,27.0,True
z76qtf70Wptn34k6,0.0,20.0,30.0,40.0,22.5,True
z8BhongwulazPuay,0.0,10.0,20.0,30.0,14.5,True
z8z0LWPaEPGW8j3z,0.0,20.0,30.0,40.0,22.5,True
z9B6NB4pQnZ1ITZK,0.0,20.0,30.0,40.0,22.5,True
z9yfA30TQ8l4K116,10.0,20.0,60.0,40.0,29.0,True
zAUguBuQqx9jR7Ee,0.0,20.0,10.0,60.0,24.5,True
zAi3DuPVbXgwkzRR,0.0,10.0,20.0,10.0,9.5,True
zBqPlEpI7TBOM2z1,20.0,30.0,70.0,50.0,39.0,True
zD9aDrlh9v7peMpO,0.0,20.0,30.0,40.0,22.5,True
zEiQLXkxt7n3XO3u,0.0,20.0,30.0,60.0,27.5,True
zF6Y0Q8CW0z7x0EU,0.0,20.0,30.0,40.0,22.5,True
zFGrjXDghqFFoO8i,0.0,20.0,10.0,60.0,24.5,True
zFbyRBlwn6lrrC4j,0.0,20.0,30.0,40.0,22.5,True
zFqR3L87KNdjd0oQ,10.0,20.0,60.0,40.0,29.0,True
zGccciTvZEHDjM5G,0.0,20.0,30.0,60.0,27.5,True
zHBNAMcc7fMk4nmf,70.0,30.0,80.0,60.0,53.0,True
zIewFQVLbo4MlXpx,0.0,20.0,10.0,60.0,24.5,True
zIfY4PPeIb510QCR,0.0,20.0,30.0,60.0,27.5,True
zKJ1FjdxaBfs0QOM,0.0,20.0,30.0,40.0,22.5,True
zLT5UZrUX856Ov8m,0.0,20.0,30.0,40.0,22.5,True
zMKau0vJu9w6FYxL,0.0,20.0,30.0,40.0,22.5,True
zN7PENLV9H7CSlwz,20.0,10.0,30.0,30.0,20.0,True
zOHi7v3aKQuijMsy,0.0,20.0,10.0,30.0,17.0,True
zOSiFidOvVnz7S2Y,0.0,20.0,30.0,60.0,27.5,True
zOYUxc4wvhKgQ0VZ,0.0,20.0,10.0,60.0,24.5,True
zOllOQBzbVN4mCLB,0.0,20.0,30.0,40.0,22.5,True
zPFZuMVMRpc7beo4,0.0,20.0,70.0,30.0,26.0,True
zPZ7BDPjBs8fGCNp,0.0,10.0,20.0,30.0,14.5,True
zQ2uFZs132mLAFEc,20.0,30.0,70.0,60.0,41.5,True
zQCYidSLC38V8wc0,0.0,10.0,30.0,20.0,13.5,True
zQSrZsP0fXhgQTNF,0.0,20.0,30.0,60.0,27.5,True
zQtO8klRd2LqCcvq,0.0,20.0,80.0,60.0,35.0,True
zRqAVHYvO7RvVhKb,0.0,10.0,10.0,20.0,10.5,True
zUbnjmuGteIYalNu,0.0,20.0,30.0,40.0,22.5,True
zVa0H7MAcfby85B3,0.0,20.0,80.0,60.0,35.0,True
zVt078wWbVRvIhPa,0.0,10.0,60.0,30.0,20.5,True
zWgUa9oCUAnWkLsa,0.0,20.0,60.0,30.0,24.5,True
zWnpQsPPRVkFkbm3,0.0,10.0,10.0,30.0,13.0,True
zWyNM0OW9CG4qkc7,10.0,20.0,60.0,30.0,26.5,True
zXLn6cJqI5IEPXjx,0.0,10.0,20.0,30.0,14.5,True
zXdnixdP0oVRSXLt,0.0,10.0,20.0,30.0,14.5,True
zXkX8VUcpGx60IJz,0.0,20.0,10.0,60.0,24.5,True
zYRwiTpMeJUJAQDz,70.0,30.0,80.0,60.0,53.0,True
zZTlJHYkBeDnqSyc,0.0,20.0,60.0,40.0,27.0,True
zaba5estdPQSD7zj,0.0,10.0,20.0,30.0,14.5,True
zbZycsJblY71lqaA,0.0,20.0,30.0,40.0,22.5,True
zc4rIwoglmqP6qnv,0.0,10.0,30.0,20.0,13.5,True
zdpPXdraMXUYnrAR,0.0,10.0,20.0,20.0,12.0,True
zdvagO2TBA2FVLMU,0.0,20.0,30.0,60.0,27.5,True
zeYNe5xRDEag6t4f,0.0,20.0,60.0,40.0,27.0,True
zecb2UkogQgF7REu,0.0,20.0,60.0,30.0,24.5,True
zfmS5d1CVZpZNG9C,20.0,30.0,70.0,60.0,41.5,True
zgadFFFmPkeFwdoA,0.0,20.0,30.0,60.0,27.5,True
zhUVL8RjnCjRrWua,0.0,10.0,20.0,30.0,14.5,True
zhnZPQHD8R33IjVL,0.0,20.0,10.0,30.0,17.0,True
zhrsbNknpX2weDt2,0.0,20.0,30.0,40.0,22.5,True
zjv8CFlfbSGFlDs9,10.0,20.0,70.0,40.0,30.5,True
zl54SNMfCkgFs8kM,0.0,20.0,30.0,60.0,27.5,True
zmjkSQH1SVVb9fkA,0.0,20.0,30.0,60.0,27.5,True
zmntcSQlQNnFH7gU,0.0,10.0,40.0,30.0,17.5,True
zo5XLU2siDGGfzxG,0.0,20.0,30.0,60.0,27.5,True
zpB1axciUH4PfPOB,0.0,20.0,30.0,40.0,22.5,True
zqNBDtgLNfzcuT5R,0.0,20.0,30.0,40.0,22.5,True
zqaHoco80CpzaBd9,10.0,20.0,30.0,40.0,24.5,True
zrpTs5oyM4E9bR7K,0.0,20.0,30.0,60.0,27.5,True
ztDVKMI39rzbWRuG,0.0,20.0,30.0,40.0,22.5,True
ztMdG0ZsY4QFsKfO,0.0,20.0,70.0,30.0,26.0,True
ztfusDgu0umgnUlx,0.0,10.0,20.0,30.0,14.5,True
ztxc2RjJlYUpgpqi,0.0,20.0,30.0,60.0,27.5,True
zu7WyNEAqHCGsLBk,0.0,20.0,30.0,40.0,22.5,True
zv90WTRrFyoZeBMf,20.0,30.0,70.0,60.0,41.5,True
zvX1Sb6kx69rWtFj,0.0,20.0,30.0,40.0,22.5,True
zwIfjZMibPxKU7kj,0.0,20.0,30.0,60.0,27.5,True
zyowBuT1sfH7bkO2,0.0,10.0,20.0,30.0,14.5,True
zzoraqZgNC3Vqq6D,0.0,20.0,70.0,40.0,28.5,True
